solid ASCII
  facet normal 9.991458e-01 0.000000e+00 4.132497e-02
    outer loop
      vertex   2.091730e+01 6.250000e+00 -4.500000e+01
      vertex   2.091730e+01 1.000000e+00 -4.500000e+01
      vertex   2.092413e+01 3.625000e+00 -4.516516e+01
    endloop
  endfacet
  facet normal 9.991458e-01 0.000000e+00 4.132497e-02
    outer loop
      vertex   2.092413e+01 3.625000e+00 -4.516516e+01
      vertex   2.091730e+01 1.000000e+00 -4.500000e+01
      vertex   2.092413e+01 1.000000e+00 -4.516516e+01
    endloop
  endfacet
  facet normal 9.923206e-01 0.000000e+00 1.236926e-01
    outer loop
      vertex   2.092413e+01 3.625000e+00 -4.516516e+01
      vertex   2.092413e+01 1.000000e+00 -4.516516e+01
      vertex   2.094458e+01 3.625000e+00 -4.532919e+01
    endloop
  endfacet
  facet normal 9.923206e-01 0.000000e+00 1.236926e-01
    outer loop
      vertex   2.094458e+01 3.625000e+00 -4.532919e+01
      vertex   2.092413e+01 1.000000e+00 -4.516516e+01
      vertex   2.094458e+01 1.000000e+00 -4.532919e+01
    endloop
  endfacet
  facet normal 9.787168e-01 0.000000e+00 2.052153e-01
    outer loop
      vertex   2.094458e+01 3.625000e+00 -4.532919e+01
      vertex   2.094458e+01 1.000000e+00 -4.532919e+01
      vertex   2.097850e+01 3.625000e+00 -4.549097e+01
    endloop
  endfacet
  facet normal 9.787168e-01 0.000000e+00 2.052153e-01
    outer loop
      vertex   2.097850e+01 3.625000e+00 -4.549097e+01
      vertex   2.094458e+01 1.000000e+00 -4.532919e+01
      vertex   2.097850e+01 1.000000e+00 -4.549097e+01
    endloop
  endfacet
  facet normal 9.584275e-01 0.000000e+00 2.853362e-01
    outer loop
      vertex   2.097850e+01 3.625000e+00 -4.549097e+01
      vertex   2.097850e+01 1.000000e+00 -4.549097e+01
      vertex   2.102566e+01 3.625000e+00 -4.564940e+01
    endloop
  endfacet
  facet normal 9.584275e-01 0.000000e+00 2.853362e-01
    outer loop
      vertex   2.102566e+01 3.625000e+00 -4.564940e+01
      vertex   2.097850e+01 1.000000e+00 -4.549097e+01
      vertex   2.102566e+01 1.000000e+00 -4.564940e+01
    endloop
  endfacet
  facet normal 9.315911e-01 0.000000e+00 3.635080e-01
    outer loop
      vertex   2.102566e+01 3.625000e+00 -4.564940e+01
      vertex   2.102566e+01 1.000000e+00 -4.564940e+01
      vertex   2.108575e+01 3.625000e+00 -4.580339e+01
    endloop
  endfacet
  facet normal 9.315911e-01 0.000000e+00 3.635080e-01
    outer loop
      vertex   2.108575e+01 3.625000e+00 -4.580339e+01
      vertex   2.102566e+01 1.000000e+00 -4.564940e+01
      vertex   2.108575e+01 1.000000e+00 -4.580339e+01
    endloop
  endfacet
  facet normal 8.983910e-01 0.000000e+00 4.391966e-01
    outer loop
      vertex   2.108575e+01 3.625000e+00 -4.580339e+01
      vertex   2.108575e+01 1.000000e+00 -4.580339e+01
      vertex   2.115835e+01 3.625000e+00 -4.595189e+01
    endloop
  endfacet
  facet normal 8.983910e-01 0.000000e+00 4.391966e-01
    outer loop
      vertex   2.115835e+01 3.625000e+00 -4.595189e+01
      vertex   2.108575e+01 1.000000e+00 -4.580339e+01
      vertex   2.115835e+01 1.000000e+00 -4.595189e+01
    endloop
  endfacet
  facet normal 8.590540e-01 0.000000e+00 5.118850e-01
    outer loop
      vertex   2.115835e+01 3.625000e+00 -4.595189e+01
      vertex   2.115835e+01 1.000000e+00 -4.595189e+01
      vertex   2.124297e+01 3.625000e+00 -4.609390e+01
    endloop
  endfacet
  facet normal 8.590540e-01 0.000000e+00 5.118850e-01
    outer loop
      vertex   2.124297e+01 3.625000e+00 -4.609390e+01
      vertex   2.115835e+01 1.000000e+00 -4.595189e+01
      vertex   2.124297e+01 1.000000e+00 -4.609390e+01
    endloop
  endfacet
  facet normal 8.138487e-01 0.000000e+00 5.810768e-01
    outer loop
      vertex   2.124297e+01 3.625000e+00 -4.609390e+01
      vertex   2.124297e+01 1.000000e+00 -4.609390e+01
      vertex   2.133902e+01 3.625000e+00 -4.622843e+01
    endloop
  endfacet
  facet normal 8.138487e-01 -1.101475e-15 5.810768e-01
    outer loop
      vertex   2.133902e+01 3.625000e+00 -4.622843e+01
      vertex   2.124297e+01 1.000000e+00 -4.609390e+01
      vertex   2.133902e+01 1.000000e+00 -4.622843e+01
    endloop
  endfacet
  facet normal 7.630841e-01 -1.032769e-15 6.462992e-01
    outer loop
      vertex   2.133902e+01 3.625000e+00 -4.622843e+01
      vertex   2.133902e+01 1.000000e+00 -4.622843e+01
      vertex   2.144585e+01 3.625000e+00 -4.635456e+01
    endloop
  endfacet
  facet normal 7.630841e-01 0.000000e+00 6.462992e-01
    outer loop
      vertex   2.144585e+01 3.625000e+00 -4.635456e+01
      vertex   2.133902e+01 1.000000e+00 -4.622843e+01
      vertex   2.144585e+01 1.000000e+00 -4.635456e+01
    endloop
  endfacet
  facet normal 7.071068e-01 0.000000e+00 7.071068e-01
    outer loop
      vertex   2.144585e+01 3.625000e+00 -4.635456e+01
      vertex   2.144585e+01 1.000000e+00 -4.635456e+01
      vertex   2.156273e+01 3.625000e+00 -4.647145e+01
    endloop
  endfacet
  facet normal 7.071068e-01 0.000000e+00 7.071068e-01
    outer loop
      vertex   2.156273e+01 3.625000e+00 -4.647145e+01
      vertex   2.144585e+01 1.000000e+00 -4.635456e+01
      vertex   2.156273e+01 1.000000e+00 -4.647145e+01
    endloop
  endfacet
  facet normal 6.462992e-01 0.000000e+00 7.630841e-01
    outer loop
      vertex   2.156273e+01 3.625000e+00 -4.647145e+01
      vertex   2.156273e+01 1.000000e+00 -4.647145e+01
      vertex   2.168887e+01 3.625000e+00 -4.657828e+01
    endloop
  endfacet
  facet normal 6.462992e-01 0.000000e+00 7.630841e-01
    outer loop
      vertex   2.168887e+01 3.625000e+00 -4.657828e+01
      vertex   2.156273e+01 1.000000e+00 -4.647145e+01
      vertex   2.168887e+01 1.000000e+00 -4.657828e+01
    endloop
  endfacet
  facet normal 5.810768e-01 0.000000e+00 8.138487e-01
    outer loop
      vertex   2.168887e+01 3.625000e+00 -4.657828e+01
      vertex   2.168887e+01 1.000000e+00 -4.657828e+01
      vertex   2.182340e+01 3.625000e+00 -4.667433e+01
    endloop
  endfacet
  facet normal 5.810768e-01 -7.864379e-16 8.138487e-01
    outer loop
      vertex   2.182340e+01 3.625000e+00 -4.667433e+01
      vertex   2.168887e+01 1.000000e+00 -4.657828e+01
      vertex   2.182340e+01 1.000000e+00 -4.667433e+01
    endloop
  endfacet
  facet normal 5.118850e-01 -6.927928e-16 8.590540e-01
    outer loop
      vertex   2.182340e+01 3.625000e+00 -4.667433e+01
      vertex   2.182340e+01 1.000000e+00 -4.667433e+01
      vertex   2.196540e+01 3.625000e+00 -4.675895e+01
    endloop
  endfacet
  facet normal 5.118850e-01 0.000000e+00 8.590540e-01
    outer loop
      vertex   2.196540e+01 3.625000e+00 -4.675895e+01
      vertex   2.182340e+01 1.000000e+00 -4.667433e+01
      vertex   2.196540e+01 1.000000e+00 -4.675895e+01
    endloop
  endfacet
  facet normal 4.391966e-01 0.000000e+00 8.983910e-01
    outer loop
      vertex   2.196540e+01 3.625000e+00 -4.675895e+01
      vertex   2.196540e+01 1.000000e+00 -4.675895e+01
      vertex   2.211391e+01 3.625000e+00 -4.683155e+01
    endloop
  endfacet
  facet normal 4.391966e-01 0.000000e+00 8.983910e-01
    outer loop
      vertex   2.211391e+01 3.625000e+00 -4.683155e+01
      vertex   2.196540e+01 1.000000e+00 -4.675895e+01
      vertex   2.211391e+01 1.000000e+00 -4.683155e+01
    endloop
  endfacet
  facet normal 3.635080e-01 0.000000e+00 9.315911e-01
    outer loop
      vertex   2.211391e+01 3.625000e+00 -4.683155e+01
      vertex   2.211391e+01 1.000000e+00 -4.683155e+01
      vertex   2.226790e+01 3.625000e+00 -4.689163e+01
    endloop
  endfacet
  facet normal 3.635080e-01 0.000000e+00 9.315911e-01
    outer loop
      vertex   2.226790e+01 3.625000e+00 -4.689163e+01
      vertex   2.211391e+01 1.000000e+00 -4.683155e+01
      vertex   2.226790e+01 1.000000e+00 -4.689163e+01
    endloop
  endfacet
  facet normal 2.853362e-01 0.000000e+00 9.584275e-01
    outer loop
      vertex   2.226790e+01 3.625000e+00 -4.689163e+01
      vertex   2.226790e+01 1.000000e+00 -4.689163e+01
      vertex   2.242633e+01 3.625000e+00 -4.693880e+01
    endloop
  endfacet
  facet normal 2.853362e-01 0.000000e+00 9.584275e-01
    outer loop
      vertex   2.242633e+01 3.625000e+00 -4.693880e+01
      vertex   2.226790e+01 1.000000e+00 -4.689163e+01
      vertex   2.242633e+01 1.000000e+00 -4.693880e+01
    endloop
  endfacet
  facet normal 2.052153e-01 0.000000e+00 9.787168e-01
    outer loop
      vertex   2.242633e+01 3.625000e+00 -4.693880e+01
      vertex   2.242633e+01 1.000000e+00 -4.693880e+01
      vertex   2.258811e+01 3.625000e+00 -4.697272e+01
    endloop
  endfacet
  facet normal 2.052153e-01 -2.649220e-15 9.787168e-01
    outer loop
      vertex   2.258811e+01 3.625000e+00 -4.697272e+01
      vertex   2.242633e+01 1.000000e+00 -4.693880e+01
      vertex   2.258811e+01 1.000000e+00 -4.697272e+01
    endloop
  endfacet
  facet normal 1.236926e-01 -2.686043e-15 9.923206e-01
    outer loop
      vertex   2.258811e+01 3.625000e+00 -4.697272e+01
      vertex   2.258811e+01 1.000000e+00 -4.697272e+01
      vertex   2.275214e+01 3.625000e+00 -4.699317e+01
    endloop
  endfacet
  facet normal 1.236926e-01 0.000000e+00 9.923206e-01
    outer loop
      vertex   2.275214e+01 3.625000e+00 -4.699317e+01
      vertex   2.258811e+01 1.000000e+00 -4.697272e+01
      vertex   2.275214e+01 1.000000e+00 -4.699317e+01
    endloop
  endfacet
  facet normal 4.132497e-02 0.000000e+00 9.991458e-01
    outer loop
      vertex   2.275214e+01 3.625000e+00 -4.699317e+01
      vertex   2.275214e+01 1.000000e+00 -4.699317e+01
      vertex   2.291730e+01 1.000000e+00 -4.700000e+01
    endloop
  endfacet
  facet normal 4.132497e-02 -0.000000e+00 9.991458e-01
    outer loop
      vertex   2.291730e+01 1.000000e+00 -4.700000e+01
      vertex   2.291730e+01 6.250000e+00 -4.700000e+01
      vertex   2.275214e+01 3.625000e+00 -4.699317e+01
    endloop
  endfacet
  facet normal 4.132497e-02 -0.000000e+00 9.991458e-01
    outer loop
      vertex   2.275214e+01 3.625000e+00 -4.699317e+01
      vertex   2.291730e+01 6.250000e+00 -4.700000e+01
      vertex   2.275214e+01 6.250000e+00 -4.699317e+01
    endloop
  endfacet
  facet normal 1.236926e-01 -0.000000e+00 9.923206e-01
    outer loop
      vertex   2.275214e+01 3.625000e+00 -4.699317e+01
      vertex   2.275214e+01 6.250000e+00 -4.699317e+01
      vertex   2.258811e+01 3.625000e+00 -4.697272e+01
    endloop
  endfacet
  facet normal 1.236926e-01 2.686043e-15 9.923206e-01
    outer loop
      vertex   2.258811e+01 3.625000e+00 -4.697272e+01
      vertex   2.275214e+01 6.250000e+00 -4.699317e+01
      vertex   2.258811e+01 6.250000e+00 -4.697272e+01
    endloop
  endfacet
  facet normal 2.052153e-01 2.649220e-15 9.787168e-01
    outer loop
      vertex   2.258811e+01 3.625000e+00 -4.697272e+01
      vertex   2.258811e+01 6.250000e+00 -4.697272e+01
      vertex   2.242633e+01 3.625000e+00 -4.693880e+01
    endloop
  endfacet
  facet normal 2.052153e-01 -0.000000e+00 9.787168e-01
    outer loop
      vertex   2.242633e+01 3.625000e+00 -4.693880e+01
      vertex   2.258811e+01 6.250000e+00 -4.697272e+01
      vertex   2.242633e+01 6.250000e+00 -4.693880e+01
    endloop
  endfacet
  facet normal 2.853362e-01 -0.000000e+00 9.584275e-01
    outer loop
      vertex   2.242633e+01 3.625000e+00 -4.693880e+01
      vertex   2.242633e+01 6.250000e+00 -4.693880e+01
      vertex   2.226790e+01 3.625000e+00 -4.689163e+01
    endloop
  endfacet
  facet normal 2.853362e-01 -0.000000e+00 9.584275e-01
    outer loop
      vertex   2.226790e+01 3.625000e+00 -4.689163e+01
      vertex   2.242633e+01 6.250000e+00 -4.693880e+01
      vertex   2.226790e+01 6.250000e+00 -4.689163e+01
    endloop
  endfacet
  facet normal 3.635080e-01 -0.000000e+00 9.315911e-01
    outer loop
      vertex   2.226790e+01 3.625000e+00 -4.689163e+01
      vertex   2.226790e+01 6.250000e+00 -4.689163e+01
      vertex   2.211391e+01 3.625000e+00 -4.683155e+01
    endloop
  endfacet
  facet normal 3.635080e-01 -0.000000e+00 9.315911e-01
    outer loop
      vertex   2.211391e+01 3.625000e+00 -4.683155e+01
      vertex   2.226790e+01 6.250000e+00 -4.689163e+01
      vertex   2.211391e+01 6.250000e+00 -4.683155e+01
    endloop
  endfacet
  facet normal 4.391966e-01 -0.000000e+00 8.983910e-01
    outer loop
      vertex   2.211391e+01 3.625000e+00 -4.683155e+01
      vertex   2.211391e+01 6.250000e+00 -4.683155e+01
      vertex   2.196540e+01 3.625000e+00 -4.675895e+01
    endloop
  endfacet
  facet normal 4.391966e-01 -0.000000e+00 8.983910e-01
    outer loop
      vertex   2.196540e+01 3.625000e+00 -4.675895e+01
      vertex   2.211391e+01 6.250000e+00 -4.683155e+01
      vertex   2.196540e+01 6.250000e+00 -4.675895e+01
    endloop
  endfacet
  facet normal 5.118850e-01 -0.000000e+00 8.590540e-01
    outer loop
      vertex   2.196540e+01 3.625000e+00 -4.675895e+01
      vertex   2.196540e+01 6.250000e+00 -4.675895e+01
      vertex   2.182340e+01 3.625000e+00 -4.667433e+01
    endloop
  endfacet
  facet normal 5.118850e-01 6.927928e-16 8.590540e-01
    outer loop
      vertex   2.182340e+01 3.625000e+00 -4.667433e+01
      vertex   2.196540e+01 6.250000e+00 -4.675895e+01
      vertex   2.182340e+01 6.250000e+00 -4.667433e+01
    endloop
  endfacet
  facet normal 5.810768e-01 7.864379e-16 8.138487e-01
    outer loop
      vertex   2.182340e+01 3.625000e+00 -4.667433e+01
      vertex   2.182340e+01 6.250000e+00 -4.667433e+01
      vertex   2.168887e+01 3.625000e+00 -4.657828e+01
    endloop
  endfacet
  facet normal 5.810768e-01 -0.000000e+00 8.138487e-01
    outer loop
      vertex   2.168887e+01 3.625000e+00 -4.657828e+01
      vertex   2.182340e+01 6.250000e+00 -4.667433e+01
      vertex   2.168887e+01 6.250000e+00 -4.657828e+01
    endloop
  endfacet
  facet normal 6.462992e-01 -0.000000e+00 7.630841e-01
    outer loop
      vertex   2.168887e+01 3.625000e+00 -4.657828e+01
      vertex   2.168887e+01 6.250000e+00 -4.657828e+01
      vertex   2.156273e+01 3.625000e+00 -4.647145e+01
    endloop
  endfacet
  facet normal 6.462992e-01 -0.000000e+00 7.630841e-01
    outer loop
      vertex   2.156273e+01 3.625000e+00 -4.647145e+01
      vertex   2.168887e+01 6.250000e+00 -4.657828e+01
      vertex   2.156273e+01 6.250000e+00 -4.647145e+01
    endloop
  endfacet
  facet normal 7.071068e-01 -0.000000e+00 7.071068e-01
    outer loop
      vertex   2.156273e+01 3.625000e+00 -4.647145e+01
      vertex   2.156273e+01 6.250000e+00 -4.647145e+01
      vertex   2.144585e+01 3.625000e+00 -4.635456e+01
    endloop
  endfacet
  facet normal 7.071068e-01 -0.000000e+00 7.071068e-01
    outer loop
      vertex   2.144585e+01 3.625000e+00 -4.635456e+01
      vertex   2.156273e+01 6.250000e+00 -4.647145e+01
      vertex   2.144585e+01 6.250000e+00 -4.635456e+01
    endloop
  endfacet
  facet normal 7.630841e-01 -0.000000e+00 6.462992e-01
    outer loop
      vertex   2.144585e+01 3.625000e+00 -4.635456e+01
      vertex   2.144585e+01 6.250000e+00 -4.635456e+01
      vertex   2.133902e+01 3.625000e+00 -4.622843e+01
    endloop
  endfacet
  facet normal 7.630841e-01 1.032769e-15 6.462992e-01
    outer loop
      vertex   2.133902e+01 3.625000e+00 -4.622843e+01
      vertex   2.144585e+01 6.250000e+00 -4.635456e+01
      vertex   2.133902e+01 6.250000e+00 -4.622843e+01
    endloop
  endfacet
  facet normal 8.138487e-01 1.101475e-15 5.810768e-01
    outer loop
      vertex   2.133902e+01 3.625000e+00 -4.622843e+01
      vertex   2.133902e+01 6.250000e+00 -4.622843e+01
      vertex   2.124297e+01 3.625000e+00 -4.609390e+01
    endloop
  endfacet
  facet normal 8.138487e-01 -0.000000e+00 5.810768e-01
    outer loop
      vertex   2.124297e+01 3.625000e+00 -4.609390e+01
      vertex   2.133902e+01 6.250000e+00 -4.622843e+01
      vertex   2.124297e+01 6.250000e+00 -4.609390e+01
    endloop
  endfacet
  facet normal 8.590540e-01 -0.000000e+00 5.118850e-01
    outer loop
      vertex   2.124297e+01 3.625000e+00 -4.609390e+01
      vertex   2.124297e+01 6.250000e+00 -4.609390e+01
      vertex   2.115835e+01 3.625000e+00 -4.595189e+01
    endloop
  endfacet
  facet normal 8.590540e-01 -0.000000e+00 5.118850e-01
    outer loop
      vertex   2.115835e+01 3.625000e+00 -4.595189e+01
      vertex   2.124297e+01 6.250000e+00 -4.609390e+01
      vertex   2.115835e+01 6.250000e+00 -4.595189e+01
    endloop
  endfacet
  facet normal 8.983910e-01 -0.000000e+00 4.391966e-01
    outer loop
      vertex   2.115835e+01 3.625000e+00 -4.595189e+01
      vertex   2.115835e+01 6.250000e+00 -4.595189e+01
      vertex   2.108575e+01 3.625000e+00 -4.580339e+01
    endloop
  endfacet
  facet normal 8.983910e-01 -0.000000e+00 4.391966e-01
    outer loop
      vertex   2.108575e+01 3.625000e+00 -4.580339e+01
      vertex   2.115835e+01 6.250000e+00 -4.595189e+01
      vertex   2.108575e+01 6.250000e+00 -4.580339e+01
    endloop
  endfacet
  facet normal 9.315911e-01 -0.000000e+00 3.635080e-01
    outer loop
      vertex   2.108575e+01 3.625000e+00 -4.580339e+01
      vertex   2.108575e+01 6.250000e+00 -4.580339e+01
      vertex   2.102566e+01 3.625000e+00 -4.564940e+01
    endloop
  endfacet
  facet normal 9.315911e-01 -0.000000e+00 3.635080e-01
    outer loop
      vertex   2.102566e+01 3.625000e+00 -4.564940e+01
      vertex   2.108575e+01 6.250000e+00 -4.580339e+01
      vertex   2.102566e+01 6.250000e+00 -4.564940e+01
    endloop
  endfacet
  facet normal 9.584275e-01 -0.000000e+00 2.853362e-01
    outer loop
      vertex   2.102566e+01 3.625000e+00 -4.564940e+01
      vertex   2.102566e+01 6.250000e+00 -4.564940e+01
      vertex   2.097850e+01 3.625000e+00 -4.549097e+01
    endloop
  endfacet
  facet normal 9.584275e-01 -0.000000e+00 2.853362e-01
    outer loop
      vertex   2.097850e+01 3.625000e+00 -4.549097e+01
      vertex   2.102566e+01 6.250000e+00 -4.564940e+01
      vertex   2.097850e+01 6.250000e+00 -4.549097e+01
    endloop
  endfacet
  facet normal 9.787168e-01 -0.000000e+00 2.052153e-01
    outer loop
      vertex   2.097850e+01 3.625000e+00 -4.549097e+01
      vertex   2.097850e+01 6.250000e+00 -4.549097e+01
      vertex   2.094458e+01 3.625000e+00 -4.532919e+01
    endloop
  endfacet
  facet normal 9.787168e-01 -0.000000e+00 2.052153e-01
    outer loop
      vertex   2.094458e+01 3.625000e+00 -4.532919e+01
      vertex   2.097850e+01 6.250000e+00 -4.549097e+01
      vertex   2.094458e+01 6.250000e+00 -4.532919e+01
    endloop
  endfacet
  facet normal 9.923206e-01 -0.000000e+00 1.236926e-01
    outer loop
      vertex   2.094458e+01 3.625000e+00 -4.532919e+01
      vertex   2.094458e+01 6.250000e+00 -4.532919e+01
      vertex   2.092413e+01 3.625000e+00 -4.516516e+01
    endloop
  endfacet
  facet normal 9.923206e-01 -0.000000e+00 1.236926e-01
    outer loop
      vertex   2.092413e+01 3.625000e+00 -4.516516e+01
      vertex   2.094458e+01 6.250000e+00 -4.532919e+01
      vertex   2.092413e+01 6.250000e+00 -4.516516e+01
    endloop
  endfacet
  facet normal 9.991458e-01 -0.000000e+00 4.132497e-02
    outer loop
      vertex   2.092413e+01 3.625000e+00 -4.516516e+01
      vertex   2.092413e+01 6.250000e+00 -4.516516e+01
      vertex   2.091730e+01 6.250000e+00 -4.500000e+01
    endloop
  endfacet
  facet normal -4.132375e-02 -7.727806e-08 9.991458e-01
    outer loop
      vertex   3.941730e+01 6.250000e+00 -4.700000e+01
      vertex   3.941730e+01 1.000000e+00 -4.700000e+01
      vertex   3.958246e+01 3.625000e+00 -4.699317e+01
    endloop
  endfacet
  facet normal -4.132497e-02 0.000000e+00 9.991458e-01
    outer loop
      vertex   3.958246e+01 3.625000e+00 -4.699317e+01
      vertex   3.941730e+01 1.000000e+00 -4.700000e+01
      vertex   3.958246e+01 1.000000e+00 -4.699317e+01
    endloop
  endfacet
  facet normal -1.236926e-01 0.000000e+00 9.923206e-01
    outer loop
      vertex   3.958246e+01 3.625000e+00 -4.699317e+01
      vertex   3.958246e+01 1.000000e+00 -4.699317e+01
      vertex   3.974649e+01 3.625000e+00 -4.697272e+01
    endloop
  endfacet
  facet normal -1.236926e-01 -2.686043e-15 9.923206e-01
    outer loop
      vertex   3.974649e+01 3.625000e+00 -4.697272e+01
      vertex   3.958246e+01 1.000000e+00 -4.699317e+01
      vertex   3.974649e+01 1.000000e+00 -4.697272e+01
    endloop
  endfacet
  facet normal -2.052153e-01 -2.649220e-15 9.787168e-01
    outer loop
      vertex   3.974649e+01 3.625000e+00 -4.697272e+01
      vertex   3.974649e+01 1.000000e+00 -4.697272e+01
      vertex   3.990827e+01 3.625000e+00 -4.693880e+01
    endloop
  endfacet
  facet normal -2.052153e-01 0.000000e+00 9.787168e-01
    outer loop
      vertex   3.990827e+01 3.625000e+00 -4.693880e+01
      vertex   3.974649e+01 1.000000e+00 -4.697272e+01
      vertex   3.990827e+01 1.000000e+00 -4.693880e+01
    endloop
  endfacet
  facet normal -2.853362e-01 0.000000e+00 9.584275e-01
    outer loop
      vertex   3.990827e+01 3.625000e+00 -4.693880e+01
      vertex   3.990827e+01 1.000000e+00 -4.693880e+01
      vertex   4.006670e+01 3.625000e+00 -4.689163e+01
    endloop
  endfacet
  facet normal -2.853362e-01 0.000000e+00 9.584275e-01
    outer loop
      vertex   4.006670e+01 3.625000e+00 -4.689163e+01
      vertex   3.990827e+01 1.000000e+00 -4.693880e+01
      vertex   4.006670e+01 1.000000e+00 -4.689163e+01
    endloop
  endfacet
  facet normal -3.635080e-01 0.000000e+00 9.315911e-01
    outer loop
      vertex   4.006670e+01 3.625000e+00 -4.689163e+01
      vertex   4.006670e+01 1.000000e+00 -4.689163e+01
      vertex   4.022069e+01 3.625000e+00 -4.683155e+01
    endloop
  endfacet
  facet normal -3.635080e-01 -2.521658e-15 9.315911e-01
    outer loop
      vertex   4.022069e+01 3.625000e+00 -4.683155e+01
      vertex   4.006670e+01 1.000000e+00 -4.689163e+01
      vertex   4.022069e+01 1.000000e+00 -4.683155e+01
    endloop
  endfacet
  facet normal -4.391966e-01 -2.431791e-15 8.983910e-01
    outer loop
      vertex   4.022069e+01 3.625000e+00 -4.683155e+01
      vertex   4.022069e+01 1.000000e+00 -4.683155e+01
      vertex   4.036919e+01 3.625000e+00 -4.675895e+01
    endloop
  endfacet
  facet normal -4.391966e-01 2.431791e-15 8.983910e-01
    outer loop
      vertex   4.036919e+01 3.625000e+00 -4.675895e+01
      vertex   4.022069e+01 1.000000e+00 -4.683155e+01
      vertex   4.036919e+01 1.000000e+00 -4.675895e+01
    endloop
  endfacet
  facet normal -5.118850e-01 2.325313e-15 8.590540e-01
    outer loop
      vertex   4.036919e+01 3.625000e+00 -4.675895e+01
      vertex   4.036919e+01 1.000000e+00 -4.675895e+01
      vertex   4.051119e+01 3.625000e+00 -4.667433e+01
    endloop
  endfacet
  facet normal -5.118850e-01 0.000000e+00 8.590540e-01
    outer loop
      vertex   4.051119e+01 3.625000e+00 -4.667433e+01
      vertex   4.036919e+01 1.000000e+00 -4.675895e+01
      vertex   4.051119e+01 1.000000e+00 -4.667433e+01
    endloop
  endfacet
  facet normal -5.810768e-01 0.000000e+00 8.138487e-01
    outer loop
      vertex   4.051119e+01 3.625000e+00 -4.667433e+01
      vertex   4.051119e+01 1.000000e+00 -4.667433e+01
      vertex   4.064572e+01 3.625000e+00 -4.657828e+01
    endloop
  endfacet
  facet normal -5.810768e-01 0.000000e+00 8.138487e-01
    outer loop
      vertex   4.064572e+01 3.625000e+00 -4.657828e+01
      vertex   4.051119e+01 1.000000e+00 -4.667433e+01
      vertex   4.064572e+01 1.000000e+00 -4.657828e+01
    endloop
  endfacet
  facet normal -6.462992e-01 0.000000e+00 7.630841e-01
    outer loop
      vertex   4.064572e+01 3.625000e+00 -4.657828e+01
      vertex   4.064572e+01 1.000000e+00 -4.657828e+01
      vertex   4.077186e+01 3.625000e+00 -4.647145e+01
    endloop
  endfacet
  facet normal -6.462992e-01 0.000000e+00 7.630841e-01
    outer loop
      vertex   4.077186e+01 3.625000e+00 -4.647145e+01
      vertex   4.064572e+01 1.000000e+00 -4.657828e+01
      vertex   4.077186e+01 1.000000e+00 -4.647145e+01
    endloop
  endfacet
  facet normal -7.071068e-01 0.000000e+00 7.071068e-01
    outer loop
      vertex   4.077186e+01 3.625000e+00 -4.647145e+01
      vertex   4.077186e+01 1.000000e+00 -4.647145e+01
      vertex   4.088875e+01 3.625000e+00 -4.635456e+01
    endloop
  endfacet
  facet normal -7.071068e-01 0.000000e+00 7.071068e-01
    outer loop
      vertex   4.088875e+01 3.625000e+00 -4.635456e+01
      vertex   4.077186e+01 1.000000e+00 -4.647145e+01
      vertex   4.088875e+01 1.000000e+00 -4.635456e+01
    endloop
  endfacet
  facet normal -7.630841e-01 0.000000e+00 6.462992e-01
    outer loop
      vertex   4.088875e+01 3.625000e+00 -4.635456e+01
      vertex   4.088875e+01 1.000000e+00 -4.635456e+01
      vertex   4.099558e+01 3.625000e+00 -4.622843e+01
    endloop
  endfacet
  facet normal -7.630841e-01 0.000000e+00 6.462992e-01
    outer loop
      vertex   4.099558e+01 3.625000e+00 -4.622843e+01
      vertex   4.088875e+01 1.000000e+00 -4.635456e+01
      vertex   4.099558e+01 1.000000e+00 -4.622843e+01
    endloop
  endfacet
  facet normal -8.138487e-01 0.000000e+00 5.810768e-01
    outer loop
      vertex   4.099558e+01 3.625000e+00 -4.622843e+01
      vertex   4.099558e+01 1.000000e+00 -4.622843e+01
      vertex   4.109163e+01 3.625000e+00 -4.609390e+01
    endloop
  endfacet
  facet normal -8.138487e-01 0.000000e+00 5.810768e-01
    outer loop
      vertex   4.109163e+01 3.625000e+00 -4.609390e+01
      vertex   4.099558e+01 1.000000e+00 -4.622843e+01
      vertex   4.109163e+01 1.000000e+00 -4.609390e+01
    endloop
  endfacet
  facet normal -8.590540e-01 0.000000e+00 5.118850e-01
    outer loop
      vertex   4.109163e+01 3.625000e+00 -4.609390e+01
      vertex   4.109163e+01 1.000000e+00 -4.609390e+01
      vertex   4.117625e+01 3.625000e+00 -4.595189e+01
    endloop
  endfacet
  facet normal -8.590540e-01 0.000000e+00 5.118850e-01
    outer loop
      vertex   4.117625e+01 3.625000e+00 -4.595189e+01
      vertex   4.109163e+01 1.000000e+00 -4.609390e+01
      vertex   4.117625e+01 1.000000e+00 -4.595189e+01
    endloop
  endfacet
  facet normal -8.983910e-01 0.000000e+00 4.391966e-01
    outer loop
      vertex   4.117625e+01 3.625000e+00 -4.595189e+01
      vertex   4.117625e+01 1.000000e+00 -4.595189e+01
      vertex   4.124884e+01 3.625000e+00 -4.580339e+01
    endloop
  endfacet
  facet normal -8.983910e-01 0.000000e+00 4.391966e-01
    outer loop
      vertex   4.124884e+01 3.625000e+00 -4.580339e+01
      vertex   4.117625e+01 1.000000e+00 -4.595189e+01
      vertex   4.124884e+01 1.000000e+00 -4.580339e+01
    endloop
  endfacet
  facet normal -9.315911e-01 0.000000e+00 3.635080e-01
    outer loop
      vertex   4.124884e+01 3.625000e+00 -4.580339e+01
      vertex   4.124884e+01 1.000000e+00 -4.580339e+01
      vertex   4.130893e+01 3.625000e+00 -4.564940e+01
    endloop
  endfacet
  facet normal -9.315911e-01 2.521658e-15 3.635080e-01
    outer loop
      vertex   4.130893e+01 3.625000e+00 -4.564940e+01
      vertex   4.124884e+01 1.000000e+00 -4.580339e+01
      vertex   4.130893e+01 1.000000e+00 -4.564940e+01
    endloop
  endfacet
  facet normal -9.584275e-01 2.594300e-15 2.853362e-01
    outer loop
      vertex   4.130893e+01 3.625000e+00 -4.564940e+01
      vertex   4.130893e+01 1.000000e+00 -4.564940e+01
      vertex   4.135610e+01 3.625000e+00 -4.549097e+01
    endloop
  endfacet
  facet normal -9.584275e-01 -2.594300e-15 2.853362e-01
    outer loop
      vertex   4.135610e+01 3.625000e+00 -4.549097e+01
      vertex   4.130893e+01 1.000000e+00 -4.564940e+01
      vertex   4.135610e+01 1.000000e+00 -4.549097e+01
    endloop
  endfacet
  facet normal -9.787168e-01 -2.649220e-15 2.052153e-01
    outer loop
      vertex   4.135610e+01 3.625000e+00 -4.549097e+01
      vertex   4.135610e+01 1.000000e+00 -4.549097e+01
      vertex   4.139002e+01 3.625000e+00 -4.532919e+01
    endloop
  endfacet
  facet normal -9.787168e-01 0.000000e+00 2.052153e-01
    outer loop
      vertex   4.139002e+01 3.625000e+00 -4.532919e+01
      vertex   4.135610e+01 1.000000e+00 -4.549097e+01
      vertex   4.139002e+01 1.000000e+00 -4.532919e+01
    endloop
  endfacet
  facet normal -9.923206e-01 0.000000e+00 1.236926e-01
    outer loop
      vertex   4.139002e+01 3.625000e+00 -4.532919e+01
      vertex   4.139002e+01 1.000000e+00 -4.532919e+01
      vertex   4.141047e+01 3.625000e+00 -4.516516e+01
    endloop
  endfacet
  facet normal -9.923206e-01 0.000000e+00 1.236926e-01
    outer loop
      vertex   4.141047e+01 3.625000e+00 -4.516516e+01
      vertex   4.139002e+01 1.000000e+00 -4.532919e+01
      vertex   4.141047e+01 1.000000e+00 -4.516516e+01
    endloop
  endfacet
  facet normal -9.991458e-01 0.000000e+00 4.132497e-02
    outer loop
      vertex   4.141047e+01 3.625000e+00 -4.516516e+01
      vertex   4.141047e+01 1.000000e+00 -4.516516e+01
      vertex   4.141730e+01 1.000000e+00 -4.500000e+01
    endloop
  endfacet
  facet normal -9.991458e-01 0.000000e+00 4.132497e-02
    outer loop
      vertex   4.141730e+01 1.000000e+00 -4.500000e+01
      vertex   4.141730e+01 6.250000e+00 -4.500000e+01
      vertex   4.141047e+01 3.625000e+00 -4.516516e+01
    endloop
  endfacet
  facet normal -9.991458e-01 0.000000e+00 4.132497e-02
    outer loop
      vertex   4.141047e+01 3.625000e+00 -4.516516e+01
      vertex   4.141730e+01 6.250000e+00 -4.500000e+01
      vertex   4.141047e+01 6.250000e+00 -4.516516e+01
    endloop
  endfacet
  facet normal -9.923206e-01 0.000000e+00 1.236926e-01
    outer loop
      vertex   4.141047e+01 3.625000e+00 -4.516516e+01
      vertex   4.141047e+01 6.250000e+00 -4.516516e+01
      vertex   4.139002e+01 3.625000e+00 -4.532919e+01
    endloop
  endfacet
  facet normal -9.923206e-01 0.000000e+00 1.236926e-01
    outer loop
      vertex   4.139002e+01 3.625000e+00 -4.532919e+01
      vertex   4.141047e+01 6.250000e+00 -4.516516e+01
      vertex   4.139002e+01 6.250000e+00 -4.532919e+01
    endloop
  endfacet
  facet normal -9.787168e-01 0.000000e+00 2.052153e-01
    outer loop
      vertex   4.139002e+01 3.625000e+00 -4.532919e+01
      vertex   4.139002e+01 6.250000e+00 -4.532919e+01
      vertex   4.135610e+01 3.625000e+00 -4.549097e+01
    endloop
  endfacet
  facet normal -9.787168e-01 2.649220e-15 2.052153e-01
    outer loop
      vertex   4.135610e+01 3.625000e+00 -4.549097e+01
      vertex   4.139002e+01 6.250000e+00 -4.532919e+01
      vertex   4.135610e+01 6.250000e+00 -4.549097e+01
    endloop
  endfacet
  facet normal -9.584275e-01 2.594300e-15 2.853362e-01
    outer loop
      vertex   4.135610e+01 3.625000e+00 -4.549097e+01
      vertex   4.135610e+01 6.250000e+00 -4.549097e+01
      vertex   4.130893e+01 3.625000e+00 -4.564940e+01
    endloop
  endfacet
  facet normal -9.584275e-01 -2.594300e-15 2.853362e-01
    outer loop
      vertex   4.130893e+01 3.625000e+00 -4.564940e+01
      vertex   4.135610e+01 6.250000e+00 -4.549097e+01
      vertex   4.130893e+01 6.250000e+00 -4.564940e+01
    endloop
  endfacet
  facet normal -9.315911e-01 -2.521658e-15 3.635080e-01
    outer loop
      vertex   4.130893e+01 3.625000e+00 -4.564940e+01
      vertex   4.130893e+01 6.250000e+00 -4.564940e+01
      vertex   4.124884e+01 3.625000e+00 -4.580339e+01
    endloop
  endfacet
  facet normal -9.315911e-01 0.000000e+00 3.635080e-01
    outer loop
      vertex   4.124884e+01 3.625000e+00 -4.580339e+01
      vertex   4.130893e+01 6.250000e+00 -4.564940e+01
      vertex   4.124884e+01 6.250000e+00 -4.580339e+01
    endloop
  endfacet
  facet normal -8.983910e-01 0.000000e+00 4.391966e-01
    outer loop
      vertex   4.124884e+01 3.625000e+00 -4.580339e+01
      vertex   4.124884e+01 6.250000e+00 -4.580339e+01
      vertex   4.117625e+01 3.625000e+00 -4.595189e+01
    endloop
  endfacet
  facet normal -8.983910e-01 0.000000e+00 4.391966e-01
    outer loop
      vertex   4.117625e+01 3.625000e+00 -4.595189e+01
      vertex   4.124884e+01 6.250000e+00 -4.580339e+01
      vertex   4.117625e+01 6.250000e+00 -4.595189e+01
    endloop
  endfacet
  facet normal -8.590540e-01 0.000000e+00 5.118850e-01
    outer loop
      vertex   4.117625e+01 3.625000e+00 -4.595189e+01
      vertex   4.117625e+01 6.250000e+00 -4.595189e+01
      vertex   4.109163e+01 3.625000e+00 -4.609390e+01
    endloop
  endfacet
  facet normal -8.590540e-01 0.000000e+00 5.118850e-01
    outer loop
      vertex   4.109163e+01 3.625000e+00 -4.609390e+01
      vertex   4.117625e+01 6.250000e+00 -4.595189e+01
      vertex   4.109163e+01 6.250000e+00 -4.609390e+01
    endloop
  endfacet
  facet normal -8.138487e-01 0.000000e+00 5.810768e-01
    outer loop
      vertex   4.109163e+01 3.625000e+00 -4.609390e+01
      vertex   4.109163e+01 6.250000e+00 -4.609390e+01
      vertex   4.099558e+01 3.625000e+00 -4.622843e+01
    endloop
  endfacet
  facet normal -8.138487e-01 0.000000e+00 5.810768e-01
    outer loop
      vertex   4.099558e+01 3.625000e+00 -4.622843e+01
      vertex   4.109163e+01 6.250000e+00 -4.609390e+01
      vertex   4.099558e+01 6.250000e+00 -4.622843e+01
    endloop
  endfacet
  facet normal -7.630841e-01 0.000000e+00 6.462992e-01
    outer loop
      vertex   4.099558e+01 3.625000e+00 -4.622843e+01
      vertex   4.099558e+01 6.250000e+00 -4.622843e+01
      vertex   4.088875e+01 3.625000e+00 -4.635456e+01
    endloop
  endfacet
  facet normal -7.630841e-01 0.000000e+00 6.462992e-01
    outer loop
      vertex   4.088875e+01 3.625000e+00 -4.635456e+01
      vertex   4.099558e+01 6.250000e+00 -4.622843e+01
      vertex   4.088875e+01 6.250000e+00 -4.635456e+01
    endloop
  endfacet
  facet normal -7.071068e-01 0.000000e+00 7.071068e-01
    outer loop
      vertex   4.088875e+01 3.625000e+00 -4.635456e+01
      vertex   4.088875e+01 6.250000e+00 -4.635456e+01
      vertex   4.077186e+01 3.625000e+00 -4.647145e+01
    endloop
  endfacet
  facet normal -7.071068e-01 0.000000e+00 7.071068e-01
    outer loop
      vertex   4.077186e+01 3.625000e+00 -4.647145e+01
      vertex   4.088875e+01 6.250000e+00 -4.635456e+01
      vertex   4.077186e+01 6.250000e+00 -4.647145e+01
    endloop
  endfacet
  facet normal -6.462992e-01 0.000000e+00 7.630841e-01
    outer loop
      vertex   4.077186e+01 3.625000e+00 -4.647145e+01
      vertex   4.077186e+01 6.250000e+00 -4.647145e+01
      vertex   4.064572e+01 3.625000e+00 -4.657828e+01
    endloop
  endfacet
  facet normal -6.462992e-01 0.000000e+00 7.630841e-01
    outer loop
      vertex   4.064572e+01 3.625000e+00 -4.657828e+01
      vertex   4.077186e+01 6.250000e+00 -4.647145e+01
      vertex   4.064572e+01 6.250000e+00 -4.657828e+01
    endloop
  endfacet
  facet normal -5.810768e-01 0.000000e+00 8.138487e-01
    outer loop
      vertex   4.064572e+01 3.625000e+00 -4.657828e+01
      vertex   4.064572e+01 6.250000e+00 -4.657828e+01
      vertex   4.051119e+01 3.625000e+00 -4.667433e+01
    endloop
  endfacet
  facet normal -5.810768e-01 0.000000e+00 8.138487e-01
    outer loop
      vertex   4.051119e+01 3.625000e+00 -4.667433e+01
      vertex   4.064572e+01 6.250000e+00 -4.657828e+01
      vertex   4.051119e+01 6.250000e+00 -4.667433e+01
    endloop
  endfacet
  facet normal -5.118850e-01 0.000000e+00 8.590540e-01
    outer loop
      vertex   4.051119e+01 3.625000e+00 -4.667433e+01
      vertex   4.051119e+01 6.250000e+00 -4.667433e+01
      vertex   4.036919e+01 3.625000e+00 -4.675895e+01
    endloop
  endfacet
  facet normal -5.118850e-01 -2.325313e-15 8.590540e-01
    outer loop
      vertex   4.036919e+01 3.625000e+00 -4.675895e+01
      vertex   4.051119e+01 6.250000e+00 -4.667433e+01
      vertex   4.036919e+01 6.250000e+00 -4.675895e+01
    endloop
  endfacet
  facet normal -4.391966e-01 -2.431791e-15 8.983910e-01
    outer loop
      vertex   4.036919e+01 3.625000e+00 -4.675895e+01
      vertex   4.036919e+01 6.250000e+00 -4.675895e+01
      vertex   4.022069e+01 3.625000e+00 -4.683155e+01
    endloop
  endfacet
  facet normal -4.391966e-01 2.431791e-15 8.983910e-01
    outer loop
      vertex   4.022069e+01 3.625000e+00 -4.683155e+01
      vertex   4.036919e+01 6.250000e+00 -4.675895e+01
      vertex   4.022069e+01 6.250000e+00 -4.683155e+01
    endloop
  endfacet
  facet normal -3.635080e-01 2.521658e-15 9.315911e-01
    outer loop
      vertex   4.022069e+01 3.625000e+00 -4.683155e+01
      vertex   4.022069e+01 6.250000e+00 -4.683155e+01
      vertex   4.006670e+01 3.625000e+00 -4.689163e+01
    endloop
  endfacet
  facet normal -3.635080e-01 0.000000e+00 9.315911e-01
    outer loop
      vertex   4.006670e+01 3.625000e+00 -4.689163e+01
      vertex   4.022069e+01 6.250000e+00 -4.683155e+01
      vertex   4.006670e+01 6.250000e+00 -4.689163e+01
    endloop
  endfacet
  facet normal -2.853362e-01 0.000000e+00 9.584275e-01
    outer loop
      vertex   4.006670e+01 3.625000e+00 -4.689163e+01
      vertex   4.006670e+01 6.250000e+00 -4.689163e+01
      vertex   3.990827e+01 3.625000e+00 -4.693880e+01
    endloop
  endfacet
  facet normal -2.853362e-01 0.000000e+00 9.584275e-01
    outer loop
      vertex   3.990827e+01 3.625000e+00 -4.693880e+01
      vertex   4.006670e+01 6.250000e+00 -4.689163e+01
      vertex   3.990827e+01 6.250000e+00 -4.693880e+01
    endloop
  endfacet
  facet normal -2.052153e-01 0.000000e+00 9.787168e-01
    outer loop
      vertex   3.990827e+01 3.625000e+00 -4.693880e+01
      vertex   3.990827e+01 6.250000e+00 -4.693880e+01
      vertex   3.974649e+01 3.625000e+00 -4.697272e+01
    endloop
  endfacet
  facet normal -2.052153e-01 2.649220e-15 9.787168e-01
    outer loop
      vertex   3.974649e+01 3.625000e+00 -4.697272e+01
      vertex   3.990827e+01 6.250000e+00 -4.693880e+01
      vertex   3.974649e+01 6.250000e+00 -4.697272e+01
    endloop
  endfacet
  facet normal -1.236926e-01 2.686043e-15 9.923206e-01
    outer loop
      vertex   3.974649e+01 3.625000e+00 -4.697272e+01
      vertex   3.974649e+01 6.250000e+00 -4.697272e+01
      vertex   3.958246e+01 3.625000e+00 -4.699317e+01
    endloop
  endfacet
  facet normal -1.236926e-01 0.000000e+00 9.923206e-01
    outer loop
      vertex   3.958246e+01 3.625000e+00 -4.699317e+01
      vertex   3.974649e+01 6.250000e+00 -4.697272e+01
      vertex   3.958246e+01 6.250000e+00 -4.699317e+01
    endloop
  endfacet
  facet normal -4.132252e-02 0.000000e+00 9.991459e-01
    outer loop
      vertex   3.958246e+01 3.625000e+00 -4.699317e+01
      vertex   3.958246e+01 6.250000e+00 -4.699317e+01
      vertex   3.941730e+01 6.250000e+00 -4.700000e+01
    endloop
  endfacet
  facet normal -1.104104e-07 1.114522e-17 1.000000e+00
    outer loop
      vertex   2.659500e+01 6.250000e+00 -4.700000e+01
      vertex   2.291730e+01 6.250000e+00 -4.700000e+01
      vertex   2.659500e+01 3.733553e+00 -4.700000e+01
    endloop
  endfacet
  facet normal -1.104104e-07 0.000000e+00 1.000000e+00
    outer loop
      vertex   2.659500e+01 3.733553e+00 -4.700000e+01
      vertex   2.291730e+01 6.250000e+00 -4.700000e+01
      vertex   2.291730e+01 1.000000e+00 -4.700000e+01
    endloop
  endfacet
  facet normal -1.059864e-07 -5.952068e-09 1.000000e+00
    outer loop
      vertex   2.659500e+01 3.733553e+00 -4.700000e+01
      vertex   2.291730e+01 1.000000e+00 -4.700000e+01
      vertex   2.660160e+01 3.615991e+00 -4.700000e+01
    endloop
  endfacet
  facet normal -9.834787e-08 -1.670998e-08 1.000000e+00
    outer loop
      vertex   2.660160e+01 3.615991e+00 -4.700000e+01
      vertex   2.291730e+01 1.000000e+00 -4.700000e+01
      vertex   2.662133e+01 3.499906e+00 -4.700000e+01
    endloop
  endfacet
  facet normal -9.178001e-08 -2.644136e-08 1.000000e+00
    outer loop
      vertex   2.662133e+01 3.499906e+00 -4.700000e+01
      vertex   2.291730e+01 1.000000e+00 -4.700000e+01
      vertex   2.665392e+01 3.386760e+00 -4.700000e+01
    endloop
  endfacet
  facet normal -8.593331e-08 -3.559474e-08 1.000000e+00
    outer loop
      vertex   2.665392e+01 3.386760e+00 -4.700000e+01
      vertex   2.291730e+01 1.000000e+00 -4.700000e+01
      vertex   2.669898e+01 3.277975e+00 -4.700000e+01
    endloop
  endfacet
  facet normal -8.055597e-08 -4.452171e-08 1.000000e+00
    outer loop
      vertex   2.669898e+01 3.277975e+00 -4.700000e+01
      vertex   2.291730e+01 1.000000e+00 -4.700000e+01
      vertex   2.675594e+01 3.174920e+00 -4.700000e+01
    endloop
  endfacet
  facet normal -7.544955e-08 -5.353431e-08 1.000000e+00
    outer loop
      vertex   2.675594e+01 3.174920e+00 -4.700000e+01
      vertex   2.291730e+01 1.000000e+00 -4.700000e+01
      vertex   2.682408e+01 3.078889e+00 -4.700000e+01
    endloop
  endfacet
  facet normal -7.043984e-08 -6.294889e-08 1.000000e+00
    outer loop
      vertex   2.682408e+01 3.078889e+00 -4.700000e+01
      vertex   2.291730e+01 1.000000e+00 -4.700000e+01
      vertex   2.690254e+01 2.991091e+00 -4.700000e+01
    endloop
  endfacet
  facet normal -6.794413e-08 -6.794413e-08 1.000000e+00
    outer loop
      vertex   2.690254e+01 2.991091e+00 -4.700000e+01
      vertex   2.291730e+01 1.000000e+00 -4.700000e+01
      vertex   2.750609e+01 2.387538e+00 -4.700000e+01
    endloop
  endfacet
  facet normal -6.611740e-08 -7.398541e-08 1.000000e+00
    outer loop
      vertex   2.750609e+01 2.387538e+00 -4.700000e+01
      vertex   2.291730e+01 1.000000e+00 -4.700000e+01
      vertex   2.759389e+01 2.309077e+00 -4.700000e+01
    endloop
  endfacet
  facet normal -6.226370e-08 -8.775248e-08 1.000000e+00
    outer loop
      vertex   2.759389e+01 2.309077e+00 -4.700000e+01
      vertex   2.291730e+01 1.000000e+00 -4.700000e+01
      vertex   2.768992e+01 2.240940e+00 -4.700000e+01
    endloop
  endfacet
  facet normal -5.785986e-08 -1.046895e-07 1.000000e+00
    outer loop
      vertex   2.768992e+01 2.240940e+00 -4.700000e+01
      vertex   2.291730e+01 1.000000e+00 -4.700000e+01
      vertex   2.779298e+01 2.183983e+00 -4.700000e+01
    endloop
  endfacet
  facet normal -5.250236e-08 -1.267519e-07 1.000000e+00
    outer loop
      vertex   2.779298e+01 2.183983e+00 -4.700000e+01
      vertex   2.291730e+01 1.000000e+00 -4.700000e+01
      vertex   2.790176e+01 2.138923e+00 -4.700000e+01
    endloop
  endfacet
  facet normal -4.543164e-08 -1.576967e-07 1.000000e+00
    outer loop
      vertex   2.790176e+01 2.138923e+00 -4.700000e+01
      vertex   2.291730e+01 1.000000e+00 -4.700000e+01
      vertex   2.801491e+01 2.106326e+00 -4.700000e+01
    endloop
  endfacet
  facet normal -3.497782e-08 -2.058647e-07 1.000000e+00
    outer loop
      vertex   2.801491e+01 2.106326e+00 -4.700000e+01
      vertex   2.291730e+01 1.000000e+00 -4.700000e+01
      vertex   2.813099e+01 2.086602e+00 -4.700000e+01
    endloop
  endfacet
  facet normal -1.653161e-08 -2.943726e-07 1.000000e+00
    outer loop
      vertex   2.813099e+01 2.086602e+00 -4.700000e+01
      vertex   2.291730e+01 1.000000e+00 -4.700000e+01
      vertex   2.824855e+01 2.080000e+00 -4.700000e+01
    endloop
  endfacet
  facet normal 0.000000e+00 -3.759784e-07 1.000000e+00
    outer loop
      vertex   2.824855e+01 2.080000e+00 -4.700000e+01
      vertex   2.291730e+01 1.000000e+00 -4.700000e+01
      vertex   3.941730e+01 1.000000e+00 -4.700000e+01
    endloop
  endfacet
  facet normal 1.593532e-17 -3.759784e-07 1.000000e+00
    outer loop
      vertex   2.824855e+01 2.080000e+00 -4.700000e+01
      vertex   3.941730e+01 1.000000e+00 -4.700000e+01
      vertex   3.424145e+01 2.080000e+00 -4.700000e+01
    endloop
  endfacet
  facet normal 1.663687e-08 -2.962469e-07 1.000000e+00
    outer loop
      vertex   3.424145e+01 2.080000e+00 -4.700000e+01
      vertex   3.941730e+01 1.000000e+00 -4.700000e+01
      vertex   3.435901e+01 2.086602e+00 -4.700000e+01
    endloop
  endfacet
  facet normal 3.545241e-08 -2.086579e-07 1.000000e+00
    outer loop
      vertex   3.435901e+01 2.086602e+00 -4.700000e+01
      vertex   3.941730e+01 1.000000e+00 -4.700000e+01
      vertex   3.447509e+01 2.106326e+00 -4.700000e+01
    endloop
  endfacet
  facet normal 4.623556e-08 -1.604872e-07 1.000000e+00
    outer loop
      vertex   3.447509e+01 2.106326e+00 -4.700000e+01
      vertex   3.941730e+01 1.000000e+00 -4.700000e+01
      vertex   3.458824e+01 2.138923e+00 -4.700000e+01
    endloop
  endfacet
  facet normal 5.357895e-08 -1.293510e-07 1.000000e+00
    outer loop
      vertex   3.458824e+01 2.138923e+00 -4.700000e+01
      vertex   3.941730e+01 1.000000e+00 -4.700000e+01
      vertex   3.469702e+01 2.183983e+00 -4.700000e+01
    endloop
  endfacet
  facet normal 5.917012e-08 -1.070603e-07 1.000000e+00
    outer loop
      vertex   3.469702e+01 2.183983e+00 -4.700000e+01
      vertex   3.941730e+01 1.000000e+00 -4.700000e+01
      vertex   3.480008e+01 2.240940e+00 -4.700000e+01
    endloop
  endfacet
  facet normal 6.378363e-08 -8.989461e-08 1.000000e+00
    outer loop
      vertex   3.480008e+01 2.240940e+00 -4.700000e+01
      vertex   3.941730e+01 1.000000e+00 -4.700000e+01
      vertex   3.489611e+01 2.309077e+00 -4.700000e+01
    endloop
  endfacet
  facet normal 6.783388e-08 -7.590615e-08 1.000000e+00
    outer loop
      vertex   3.489611e+01 2.309077e+00 -4.700000e+01
      vertex   3.941730e+01 1.000000e+00 -4.700000e+01
      vertex   3.498391e+01 2.387538e+00 -4.700000e+01
    endloop
  endfacet
  facet normal 6.975807e-08 -6.975807e-08 1.000000e+00
    outer loop
      vertex   3.498391e+01 2.387538e+00 -4.700000e+01
      vertex   3.941730e+01 1.000000e+00 -4.700000e+01
      vertex   3.558746e+01 2.991091e+00 -4.700000e+01
    endloop
  endfacet
  facet normal 7.239140e-08 -6.469291e-08 1.000000e+00
    outer loop
      vertex   3.558746e+01 2.991091e+00 -4.700000e+01
      vertex   3.941730e+01 1.000000e+00 -4.700000e+01
      vertex   3.566592e+01 3.078889e+00 -4.700000e+01
    endloop
  endfacet
  facet normal 7.769300e-08 -5.512612e-08 1.000000e+00
    outer loop
      vertex   3.566592e+01 3.078889e+00 -4.700000e+01
      vertex   3.941730e+01 1.000000e+00 -4.700000e+01
      vertex   3.573406e+01 3.174920e+00 -4.700000e+01
    endloop
  endfacet
  facet normal 8.311852e-08 -4.593798e-08 1.000000e+00
    outer loop
      vertex   3.573406e+01 3.174920e+00 -4.700000e+01
      vertex   3.941730e+01 1.000000e+00 -4.700000e+01
      vertex   3.579102e+01 3.277975e+00 -4.700000e+01
    endloop
  endfacet
  facet normal 8.885560e-08 -3.680519e-08 1.000000e+00
    outer loop
      vertex   3.579102e+01 3.277975e+00 -4.700000e+01
      vertex   3.941730e+01 1.000000e+00 -4.700000e+01
      vertex   3.583608e+01 3.386760e+00 -4.700000e+01
    endloop
  endfacet
  facet normal 9.512121e-08 -2.740395e-08 1.000000e+00
    outer loop
      vertex   3.583608e+01 3.386760e+00 -4.700000e+01
      vertex   3.941730e+01 1.000000e+00 -4.700000e+01
      vertex   3.586867e+01 3.499906e+00 -4.700000e+01
    endloop
  endfacet
  facet normal 1.021944e-07 -1.736353e-08 1.000000e+00
    outer loop
      vertex   3.586867e+01 3.499906e+00 -4.700000e+01
      vertex   3.941730e+01 1.000000e+00 -4.700000e+01
      vertex   3.588840e+01 3.615991e+00 -4.700000e+01
    endloop
  endfacet
  facet normal 1.104672e-07 -6.203707e-09 1.000000e+00
    outer loop
      vertex   3.588840e+01 3.615991e+00 -4.700000e+01
      vertex   3.941730e+01 1.000000e+00 -4.700000e+01
      vertex   3.589500e+01 3.733553e+00 -4.700000e+01
    endloop
  endfacet
  facet normal 5.525721e-08 -7.734412e-08 1.000000e+00
    outer loop
      vertex   3.589500e+01 3.733553e+00 -4.700000e+01
      vertex   3.941730e+01 1.000000e+00 -4.700000e+01
      vertex   3.941730e+01 6.250000e+00 -4.700000e+01
    endloop
  endfacet
  facet normal 0.000000e+00 0.000000e+00 1.000000e+00
    outer loop
      vertex   3.589500e+01 3.733553e+00 -4.700000e+01
      vertex   3.941730e+01 6.250000e+00 -4.700000e+01
      vertex   3.589500e+01 6.250000e+00 -4.700000e+01
    endloop
  endfacet
  facet normal -1.000000e+00 -0.000000e+00 -0.000000e+00
    outer loop
      vertex   4.045000e+01 1.000000e+00 -2.560000e+01
      vertex   4.045000e+01 1.000000e+00 -4.595000e+01
      vertex   4.045000e+01 0.000000e+00 -2.560000e+01
    endloop
  endfacet
  facet normal -1.000000e+00 0.000000e+00 0.000000e+00
    outer loop
      vertex   4.045000e+01 0.000000e+00 -2.560000e+01
      vertex   4.045000e+01 1.000000e+00 -4.595000e+01
      vertex   4.045000e+01 0.000000e+00 -4.595000e+01
    endloop
  endfacet
  facet normal 1.000000e+00 -0.000000e+00 0.000000e+00
    outer loop
      vertex   2.205000e+01 0.000000e+00 -2.560000e+01
      vertex   2.205000e+01 0.000000e+00 -4.595000e+01
      vertex   2.205000e+01 1.000000e+00 -2.560000e+01
    endloop
  endfacet
  facet normal 1.000000e+00 0.000000e+00 0.000000e+00
    outer loop
      vertex   2.205000e+01 1.000000e+00 -2.560000e+01
      vertex   2.205000e+01 0.000000e+00 -4.595000e+01
      vertex   2.205000e+01 1.000000e+00 -4.595000e+01
    endloop
  endfacet
  facet normal 0.000000e+00 0.000000e+00 1.000000e+00
    outer loop
      vertex   2.525000e+01 1.000000e+00 -4.595000e+01
      vertex   2.205000e+01 1.000000e+00 -4.595000e+01
      vertex   2.525000e+01 0.000000e+00 -4.595000e+01
    endloop
  endfacet
  facet normal 0.000000e+00 0.000000e+00 1.000000e+00
    outer loop
      vertex   2.525000e+01 0.000000e+00 -4.595000e+01
      vertex   2.205000e+01 1.000000e+00 -4.595000e+01
      vertex   2.205000e+01 0.000000e+00 -4.595000e+01
    endloop
  endfacet
  facet normal 0.000000e+00 0.000000e+00 1.000000e+00
    outer loop
      vertex   3.725000e+01 0.000000e+00 -4.595000e+01
      vertex   4.045000e+01 0.000000e+00 -4.595000e+01
      vertex   3.725000e+01 1.000000e+00 -4.595000e+01
    endloop
  endfacet
  facet normal -0.000000e+00 0.000000e+00 1.000000e+00
    outer loop
      vertex   3.725000e+01 1.000000e+00 -4.595000e+01
      vertex   4.045000e+01 0.000000e+00 -4.595000e+01
      vertex   4.045000e+01 1.000000e+00 -4.595000e+01
    endloop
  endfacet
  facet normal 9.994170e-01 0.000000e+00 -3.414111e-02
    outer loop
      vertex   4.250000e+01 6.250000e+00 -4.500000e+01
      vertex   4.250000e+01 0.000000e+00 -4.500000e+01
      vertex   4.249301e+01 3.125000e+00 -4.520473e+01
    endloop
  endfacet
  facet normal 9.994170e-01 0.000000e+00 -3.414111e-02
    outer loop
      vertex   4.249301e+01 3.125000e+00 -4.520473e+01
      vertex   4.250000e+01 0.000000e+00 -4.500000e+01
      vertex   4.249301e+01 3.010615e-16 -4.520473e+01
    endloop
  endfacet
  facet normal 9.947573e-01 0.000000e+00 -1.022641e-01
    outer loop
      vertex   4.249301e+01 3.125000e+00 -4.520473e+01
      vertex   4.249301e+01 3.010615e-16 -4.520473e+01
      vertex   4.247206e+01 3.125000e+00 -4.540850e+01
    endloop
  endfacet
  facet normal 9.947573e-01 2.261816e-15 -1.022641e-01
    outer loop
      vertex   4.247206e+01 3.125000e+00 -4.540850e+01
      vertex   4.249301e+01 3.010615e-16 -4.520473e+01
      vertex   4.247206e+01 3.260106e-16 -4.540850e+01
    endloop
  endfacet
  facet normal 9.854595e-01 2.240676e-15 -1.699104e-01
    outer loop
      vertex   4.247206e+01 3.125000e+00 -4.540850e+01
      vertex   4.247206e+01 3.260106e-16 -4.540850e+01
      vertex   4.243725e+01 3.125000e+00 -4.561037e+01
    endloop
  endfacet
  facet normal 9.854595e-01 0.000000e+00 -1.699104e-01
    outer loop
      vertex   4.243725e+01 3.125000e+00 -4.561037e+01
      vertex   4.247206e+01 3.260106e-16 -4.540850e+01
      vertex   4.243725e+01 3.522866e-16 -4.561037e+01
    endloop
  endfacet
  facet normal 9.715671e-01 0.000000e+00 -2.367644e-01
    outer loop
      vertex   4.243725e+01 3.125000e+00 -4.561037e+01
      vertex   4.243725e+01 3.522866e-16 -4.561037e+01
      vertex   4.238875e+01 3.125000e+00 -4.580939e+01
    endloop
  endfacet
  facet normal 9.715671e-01 -2.209088e-15 -2.367644e-01
    outer loop
      vertex   4.238875e+01 3.125000e+00 -4.580939e+01
      vertex   4.243725e+01 3.522866e-16 -4.561037e+01
      vertex   4.238875e+01 3.797672e-16 -4.580939e+01
    endloop
  endfacet
  facet normal 9.531448e-01 -2.167200e-15 -3.025146e-01
    outer loop
      vertex   4.238875e+01 3.125000e+00 -4.580939e+01
      vertex   4.238875e+01 3.797672e-16 -4.580939e+01
      vertex   4.232678e+01 3.125000e+00 -4.600464e+01
    endloop
  endfacet
  facet normal 9.531448e-01 0.000000e+00 -3.025146e-01
    outer loop
      vertex   4.232678e+01 3.125000e+00 -4.600464e+01
      vertex   4.238875e+01 3.797672e-16 -4.580939e+01
      vertex   4.232678e+01 4.083240e-16 -4.600464e+01
    endloop
  endfacet
  facet normal 9.302784e-01 0.000000e+00 -3.668542e-01
    outer loop
      vertex   4.232678e+01 3.125000e+00 -4.600464e+01
      vertex   4.232678e+01 4.083240e-16 -4.600464e+01
      vertex   4.225163e+01 3.125000e+00 -4.619520e+01
    endloop
  endfacet
  facet normal 9.302784e-01 4.230417e-15 -3.668542e-01
    outer loop
      vertex   4.225163e+01 3.125000e+00 -4.619520e+01
      vertex   4.232678e+01 4.083240e-16 -4.600464e+01
      vertex   4.225163e+01 4.378242e-16 -4.619520e+01
    endloop
  endfacet
  facet normal 9.030747e-01 4.106708e-15 -4.294834e-01
    outer loop
      vertex   4.225163e+01 3.125000e+00 -4.619520e+01
      vertex   4.225163e+01 4.378242e-16 -4.619520e+01
      vertex   4.216366e+01 3.125000e+00 -4.638020e+01
    endloop
  endfacet
  facet normal 9.030747e-01 0.000000e+00 -4.294834e-01
    outer loop
      vertex   4.216366e+01 3.125000e+00 -4.638020e+01
      vertex   4.225163e+01 4.378242e-16 -4.619520e+01
      vertex   4.216366e+01 4.681299e-16 -4.638020e+01
    endloop
  endfacet
  facet normal 8.716605e-01 0.000000e+00 -4.901102e-01
    outer loop
      vertex   4.216366e+01 3.125000e+00 -4.638020e+01
      vertex   4.216366e+01 4.681299e-16 -4.638020e+01
      vertex   4.206326e+01 3.125000e+00 -4.655875e+01
    endloop
  endfacet
  facet normal 8.716605e-01 0.000000e+00 -4.901102e-01
    outer loop
      vertex   4.206326e+01 3.125000e+00 -4.655875e+01
      vertex   4.216366e+01 4.681299e-16 -4.638020e+01
      vertex   4.206326e+01 4.991001e-16 -4.655875e+01
    endloop
  endfacet
  facet normal 8.361821e-01 0.000000e+00 -5.484519e-01
    outer loop
      vertex   4.206326e+01 3.125000e+00 -4.655875e+01
      vertex   4.206326e+01 4.991001e-16 -4.655875e+01
      vertex   4.195091e+01 3.125000e+00 -4.673004e+01
    endloop
  endfacet
  facet normal 8.361821e-01 0.000000e+00 -5.484519e-01
    outer loop
      vertex   4.195091e+01 3.125000e+00 -4.673004e+01
      vertex   4.206326e+01 4.991001e-16 -4.655875e+01
      vertex   4.195091e+01 5.305902e-16 -4.673004e+01
    endloop
  endfacet
  facet normal 7.968051e-01 0.000000e+00 -6.042364e-01
    outer loop
      vertex   4.195091e+01 3.125000e+00 -4.673004e+01
      vertex   4.195091e+01 5.305902e-16 -4.673004e+01
      vertex   4.182713e+01 3.125000e+00 -4.689326e+01
    endloop
  endfacet
  facet normal 7.968051e-01 0.000000e+00 -6.042364e-01
    outer loop
      vertex   4.182713e+01 3.125000e+00 -4.689326e+01
      vertex   4.195091e+01 5.305902e-16 -4.673004e+01
      vertex   4.182713e+01 5.624534e-16 -4.689326e+01
    endloop
  endfacet
  facet normal 7.537130e-01 0.000000e+00 -6.572037e-01
    outer loop
      vertex   4.182713e+01 3.125000e+00 -4.689326e+01
      vertex   4.182713e+01 5.624534e-16 -4.689326e+01
      vertex   4.169251e+01 3.125000e+00 -4.704766e+01
    endloop
  endfacet
  facet normal 7.537130e-01 0.000000e+00 -6.572037e-01
    outer loop
      vertex   4.169251e+01 3.125000e+00 -4.704766e+01
      vertex   4.182713e+01 5.624534e-16 -4.689326e+01
      vertex   4.169251e+01 5.945413e-16 -4.704766e+01
    endloop
  endfacet
  facet normal 7.071068e-01 0.000000e+00 -7.071068e-01
    outer loop
      vertex   4.169251e+01 3.125000e+00 -4.704766e+01
      vertex   4.169251e+01 5.945413e-16 -4.704766e+01
      vertex   4.154766e+01 3.125000e+00 -4.719251e+01
    endloop
  endfacet
  facet normal 7.071068e-01 0.000000e+00 -7.071068e-01
    outer loop
      vertex   4.154766e+01 3.125000e+00 -4.719251e+01
      vertex   4.169251e+01 5.945413e-16 -4.704766e+01
      vertex   4.154766e+01 6.267041e-16 -4.719251e+01
    endloop
  endfacet
  facet normal 6.572037e-01 0.000000e+00 -7.537130e-01
    outer loop
      vertex   4.154766e+01 3.125000e+00 -4.719251e+01
      vertex   4.154766e+01 6.267041e-16 -4.719251e+01
      vertex   4.139326e+01 3.125000e+00 -4.732713e+01
    endloop
  endfacet
  facet normal 6.572037e-01 0.000000e+00 -7.537130e-01
    outer loop
      vertex   4.139326e+01 3.125000e+00 -4.732713e+01
      vertex   4.154766e+01 6.267041e-16 -4.719251e+01
      vertex   4.139326e+01 6.587919e-16 -4.732713e+01
    endloop
  endfacet
  facet normal 6.042364e-01 0.000000e+00 -7.968051e-01
    outer loop
      vertex   4.139326e+01 3.125000e+00 -4.732713e+01
      vertex   4.139326e+01 6.587919e-16 -4.732713e+01
      vertex   4.123004e+01 3.125000e+00 -4.745091e+01
    endloop
  endfacet
  facet normal 6.042364e-01 0.000000e+00 -7.968051e-01
    outer loop
      vertex   4.123004e+01 3.125000e+00 -4.745091e+01
      vertex   4.139326e+01 6.587919e-16 -4.732713e+01
      vertex   4.123004e+01 6.906552e-16 -4.745091e+01
    endloop
  endfacet
  facet normal 5.484519e-01 0.000000e+00 -8.361821e-01
    outer loop
      vertex   4.123004e+01 3.125000e+00 -4.745091e+01
      vertex   4.123004e+01 6.906552e-16 -4.745091e+01
      vertex   4.105875e+01 3.125000e+00 -4.756326e+01
    endloop
  endfacet
  facet normal 5.484519e-01 0.000000e+00 -8.361821e-01
    outer loop
      vertex   4.105875e+01 3.125000e+00 -4.756326e+01
      vertex   4.123004e+01 6.906552e-16 -4.745091e+01
      vertex   4.105875e+01 7.221453e-16 -4.756326e+01
    endloop
  endfacet
  facet normal 4.901102e-01 0.000000e+00 -8.716605e-01
    outer loop
      vertex   4.105875e+01 3.125000e+00 -4.756326e+01
      vertex   4.105875e+01 7.221453e-16 -4.756326e+01
      vertex   4.088020e+01 3.125000e+00 -4.766366e+01
    endloop
  endfacet
  facet normal 4.901102e-01 -3.963853e-15 -8.716605e-01
    outer loop
      vertex   4.088020e+01 3.125000e+00 -4.766366e+01
      vertex   4.105875e+01 7.221453e-16 -4.756326e+01
      vertex   4.088020e+01 7.531154e-16 -4.766366e+01
    endloop
  endfacet
  facet normal 4.294834e-01 -4.106708e-15 -9.030747e-01
    outer loop
      vertex   4.088020e+01 3.125000e+00 -4.766366e+01
      vertex   4.088020e+01 7.531154e-16 -4.766366e+01
      vertex   4.069520e+01 3.125000e+00 -4.775163e+01
    endloop
  endfacet
  facet normal 4.294834e-01 0.000000e+00 -9.030747e-01
    outer loop
      vertex   4.069520e+01 3.125000e+00 -4.775163e+01
      vertex   4.088020e+01 7.531154e-16 -4.766366e+01
      vertex   4.069520e+01 7.834212e-16 -4.775163e+01
    endloop
  endfacet
  facet normal 3.668542e-01 0.000000e+00 -9.302784e-01
    outer loop
      vertex   4.069520e+01 3.125000e+00 -4.775163e+01
      vertex   4.069520e+01 7.834212e-16 -4.775163e+01
      vertex   4.050464e+01 3.125000e+00 -4.782678e+01
    endloop
  endfacet
  facet normal 3.668542e-01 0.000000e+00 -9.302784e-01
    outer loop
      vertex   4.050464e+01 3.125000e+00 -4.782678e+01
      vertex   4.069520e+01 7.834212e-16 -4.775163e+01
      vertex   4.050464e+01 8.129213e-16 -4.782678e+01
    endloop
  endfacet
  facet normal 3.025146e-01 0.000000e+00 -9.531448e-01
    outer loop
      vertex   4.050464e+01 3.125000e+00 -4.782678e+01
      vertex   4.050464e+01 8.129213e-16 -4.782678e+01
      vertex   4.030939e+01 3.125000e+00 -4.788875e+01
    endloop
  endfacet
  facet normal 3.025146e-01 0.000000e+00 -9.531448e-01
    outer loop
      vertex   4.030939e+01 3.125000e+00 -4.788875e+01
      vertex   4.050464e+01 8.129213e-16 -4.782678e+01
      vertex   4.030939e+01 8.414782e-16 -4.788875e+01
    endloop
  endfacet
  facet normal 2.367644e-01 0.000000e+00 -9.715671e-01
    outer loop
      vertex   4.030939e+01 3.125000e+00 -4.788875e+01
      vertex   4.030939e+01 8.414782e-16 -4.788875e+01
      vertex   4.011037e+01 3.125000e+00 -4.793725e+01
    endloop
  endfacet
  facet normal 2.367644e-01 0.000000e+00 -9.715671e-01
    outer loop
      vertex   4.011037e+01 3.125000e+00 -4.793725e+01
      vertex   4.030939e+01 8.414782e-16 -4.788875e+01
      vertex   4.011037e+01 8.689587e-16 -4.793725e+01
    endloop
  endfacet
  facet normal 1.699104e-01 0.000000e+00 -9.854595e-01
    outer loop
      vertex   4.011037e+01 3.125000e+00 -4.793725e+01
      vertex   4.011037e+01 8.689587e-16 -4.793725e+01
      vertex   3.990850e+01 3.125000e+00 -4.797206e+01
    endloop
  endfacet
  facet normal 1.699104e-01 -2.240676e-15 -9.854595e-01
    outer loop
      vertex   3.990850e+01 3.125000e+00 -4.797206e+01
      vertex   4.011037e+01 8.689587e-16 -4.793725e+01
      vertex   3.990850e+01 8.952348e-16 -4.797206e+01
    endloop
  endfacet
  facet normal 1.022641e-01 -2.261816e-15 -9.947573e-01
    outer loop
      vertex   3.990850e+01 3.125000e+00 -4.797206e+01
      vertex   3.990850e+01 8.952348e-16 -4.797206e+01
      vertex   3.970473e+01 3.125000e+00 -4.799301e+01
    endloop
  endfacet
  facet normal 1.022641e-01 -2.261816e-15 -9.947573e-01
    outer loop
      vertex   3.970473e+01 3.125000e+00 -4.799301e+01
      vertex   3.990850e+01 8.952348e-16 -4.797206e+01
      vertex   3.970473e+01 9.201838e-16 -4.799301e+01
    endloop
  endfacet
  facet normal 3.414111e-02 -2.272411e-15 -9.994170e-01
    outer loop
      vertex   3.970473e+01 3.125000e+00 -4.799301e+01
      vertex   3.970473e+01 9.201838e-16 -4.799301e+01
      vertex   3.950000e+01 0.000000e+00 -4.800000e+01
    endloop
  endfacet
  facet normal 3.414111e-02 0.000000e+00 -9.994170e-01
    outer loop
      vertex   3.950000e+01 0.000000e+00 -4.800000e+01
      vertex   3.950000e+01 6.250000e+00 -4.800000e+01
      vertex   3.970473e+01 3.125000e+00 -4.799301e+01
    endloop
  endfacet
  facet normal 3.414111e-02 2.272411e-15 -9.994170e-01
    outer loop
      vertex   3.970473e+01 3.125000e+00 -4.799301e+01
      vertex   3.950000e+01 6.250000e+00 -4.800000e+01
      vertex   3.970473e+01 6.250000e+00 -4.799301e+01
    endloop
  endfacet
  facet normal 1.022641e-01 2.261816e-15 -9.947573e-01
    outer loop
      vertex   3.970473e+01 3.125000e+00 -4.799301e+01
      vertex   3.970473e+01 6.250000e+00 -4.799301e+01
      vertex   3.990850e+01 3.125000e+00 -4.797206e+01
    endloop
  endfacet
  facet normal 1.022641e-01 2.261816e-15 -9.947573e-01
    outer loop
      vertex   3.990850e+01 3.125000e+00 -4.797206e+01
      vertex   3.970473e+01 6.250000e+00 -4.799301e+01
      vertex   3.990850e+01 6.250000e+00 -4.797206e+01
    endloop
  endfacet
  facet normal 1.699104e-01 2.240676e-15 -9.854595e-01
    outer loop
      vertex   3.990850e+01 3.125000e+00 -4.797206e+01
      vertex   3.990850e+01 6.250000e+00 -4.797206e+01
      vertex   4.011037e+01 3.125000e+00 -4.793725e+01
    endloop
  endfacet
  facet normal 1.699104e-01 0.000000e+00 -9.854595e-01
    outer loop
      vertex   4.011037e+01 3.125000e+00 -4.793725e+01
      vertex   3.990850e+01 6.250000e+00 -4.797206e+01
      vertex   4.011037e+01 6.250000e+00 -4.793725e+01
    endloop
  endfacet
  facet normal 2.367644e-01 0.000000e+00 -9.715671e-01
    outer loop
      vertex   4.011037e+01 3.125000e+00 -4.793725e+01
      vertex   4.011037e+01 6.250000e+00 -4.793725e+01
      vertex   4.030939e+01 3.125000e+00 -4.788875e+01
    endloop
  endfacet
  facet normal 2.367644e-01 0.000000e+00 -9.715671e-01
    outer loop
      vertex   4.030939e+01 3.125000e+00 -4.788875e+01
      vertex   4.011037e+01 6.250000e+00 -4.793725e+01
      vertex   4.030939e+01 6.250000e+00 -4.788875e+01
    endloop
  endfacet
  facet normal 3.025146e-01 0.000000e+00 -9.531448e-01
    outer loop
      vertex   4.030939e+01 3.125000e+00 -4.788875e+01
      vertex   4.030939e+01 6.250000e+00 -4.788875e+01
      vertex   4.050464e+01 3.125000e+00 -4.782678e+01
    endloop
  endfacet
  facet normal 3.025146e-01 0.000000e+00 -9.531448e-01
    outer loop
      vertex   4.050464e+01 3.125000e+00 -4.782678e+01
      vertex   4.030939e+01 6.250000e+00 -4.788875e+01
      vertex   4.050464e+01 6.250000e+00 -4.782678e+01
    endloop
  endfacet
  facet normal 3.668542e-01 0.000000e+00 -9.302784e-01
    outer loop
      vertex   4.050464e+01 3.125000e+00 -4.782678e+01
      vertex   4.050464e+01 6.250000e+00 -4.782678e+01
      vertex   4.069520e+01 3.125000e+00 -4.775163e+01
    endloop
  endfacet
  facet normal 3.668542e-01 0.000000e+00 -9.302784e-01
    outer loop
      vertex   4.069520e+01 3.125000e+00 -4.775163e+01
      vertex   4.050464e+01 6.250000e+00 -4.782678e+01
      vertex   4.069520e+01 6.250000e+00 -4.775163e+01
    endloop
  endfacet
  facet normal 4.294834e-01 0.000000e+00 -9.030747e-01
    outer loop
      vertex   4.069520e+01 3.125000e+00 -4.775163e+01
      vertex   4.069520e+01 6.250000e+00 -4.775163e+01
      vertex   4.088020e+01 3.125000e+00 -4.766366e+01
    endloop
  endfacet
  facet normal 4.294834e-01 4.106708e-15 -9.030747e-01
    outer loop
      vertex   4.088020e+01 3.125000e+00 -4.766366e+01
      vertex   4.069520e+01 6.250000e+00 -4.775163e+01
      vertex   4.088020e+01 6.250000e+00 -4.766366e+01
    endloop
  endfacet
  facet normal 4.901102e-01 3.963853e-15 -8.716605e-01
    outer loop
      vertex   4.088020e+01 3.125000e+00 -4.766366e+01
      vertex   4.088020e+01 6.250000e+00 -4.766366e+01
      vertex   4.105875e+01 3.125000e+00 -4.756326e+01
    endloop
  endfacet
  facet normal 4.901102e-01 0.000000e+00 -8.716605e-01
    outer loop
      vertex   4.105875e+01 3.125000e+00 -4.756326e+01
      vertex   4.088020e+01 6.250000e+00 -4.766366e+01
      vertex   4.105875e+01 6.250000e+00 -4.756326e+01
    endloop
  endfacet
  facet normal 5.484519e-01 0.000000e+00 -8.361821e-01
    outer loop
      vertex   4.105875e+01 3.125000e+00 -4.756326e+01
      vertex   4.105875e+01 6.250000e+00 -4.756326e+01
      vertex   4.123004e+01 3.125000e+00 -4.745091e+01
    endloop
  endfacet
  facet normal 5.484519e-01 0.000000e+00 -8.361821e-01
    outer loop
      vertex   4.123004e+01 3.125000e+00 -4.745091e+01
      vertex   4.105875e+01 6.250000e+00 -4.756326e+01
      vertex   4.123004e+01 6.250000e+00 -4.745091e+01
    endloop
  endfacet
  facet normal 6.042364e-01 0.000000e+00 -7.968051e-01
    outer loop
      vertex   4.123004e+01 3.125000e+00 -4.745091e+01
      vertex   4.123004e+01 6.250000e+00 -4.745091e+01
      vertex   4.139326e+01 3.125000e+00 -4.732713e+01
    endloop
  endfacet
  facet normal 6.042364e-01 2.747749e-15 -7.968051e-01
    outer loop
      vertex   4.139326e+01 3.125000e+00 -4.732713e+01
      vertex   4.123004e+01 6.250000e+00 -4.745091e+01
      vertex   4.139326e+01 6.250000e+00 -4.732713e+01
    endloop
  endfacet
  facet normal 6.572037e-01 2.988616e-15 -7.537130e-01
    outer loop
      vertex   4.139326e+01 3.125000e+00 -4.732713e+01
      vertex   4.139326e+01 6.250000e+00 -4.732713e+01
      vertex   4.154766e+01 3.125000e+00 -4.719251e+01
    endloop
  endfacet
  facet normal 6.572037e-01 0.000000e+00 -7.537130e-01
    outer loop
      vertex   4.154766e+01 3.125000e+00 -4.719251e+01
      vertex   4.139326e+01 6.250000e+00 -4.732713e+01
      vertex   4.154766e+01 6.250000e+00 -4.719251e+01
    endloop
  endfacet
  facet normal 7.071068e-01 0.000000e+00 -7.071068e-01
    outer loop
      vertex   4.154766e+01 3.125000e+00 -4.719251e+01
      vertex   4.154766e+01 6.250000e+00 -4.719251e+01
      vertex   4.169251e+01 3.125000e+00 -4.704766e+01
    endloop
  endfacet
  facet normal 7.071068e-01 0.000000e+00 -7.071068e-01
    outer loop
      vertex   4.169251e+01 3.125000e+00 -4.704766e+01
      vertex   4.154766e+01 6.250000e+00 -4.719251e+01
      vertex   4.169251e+01 6.250000e+00 -4.704766e+01
    endloop
  endfacet
  facet normal 7.537130e-01 0.000000e+00 -6.572037e-01
    outer loop
      vertex   4.169251e+01 3.125000e+00 -4.704766e+01
      vertex   4.169251e+01 6.250000e+00 -4.704766e+01
      vertex   4.182713e+01 3.125000e+00 -4.689326e+01
    endloop
  endfacet
  facet normal 7.537130e-01 0.000000e+00 -6.572037e-01
    outer loop
      vertex   4.182713e+01 3.125000e+00 -4.689326e+01
      vertex   4.169251e+01 6.250000e+00 -4.704766e+01
      vertex   4.182713e+01 6.250000e+00 -4.689326e+01
    endloop
  endfacet
  facet normal 7.968051e-01 0.000000e+00 -6.042364e-01
    outer loop
      vertex   4.182713e+01 3.125000e+00 -4.689326e+01
      vertex   4.182713e+01 6.250000e+00 -4.689326e+01
      vertex   4.195091e+01 3.125000e+00 -4.673004e+01
    endloop
  endfacet
  facet normal 7.968051e-01 0.000000e+00 -6.042364e-01
    outer loop
      vertex   4.195091e+01 3.125000e+00 -4.673004e+01
      vertex   4.182713e+01 6.250000e+00 -4.689326e+01
      vertex   4.195091e+01 6.250000e+00 -4.673004e+01
    endloop
  endfacet
  facet normal 8.361821e-01 0.000000e+00 -5.484519e-01
    outer loop
      vertex   4.195091e+01 3.125000e+00 -4.673004e+01
      vertex   4.195091e+01 6.250000e+00 -4.673004e+01
      vertex   4.206326e+01 3.125000e+00 -4.655875e+01
    endloop
  endfacet
  facet normal 8.361821e-01 0.000000e+00 -5.484519e-01
    outer loop
      vertex   4.206326e+01 3.125000e+00 -4.655875e+01
      vertex   4.195091e+01 6.250000e+00 -4.673004e+01
      vertex   4.206326e+01 6.250000e+00 -4.655875e+01
    endloop
  endfacet
  facet normal 8.716605e-01 0.000000e+00 -4.901102e-01
    outer loop
      vertex   4.206326e+01 3.125000e+00 -4.655875e+01
      vertex   4.206326e+01 6.250000e+00 -4.655875e+01
      vertex   4.216366e+01 3.125000e+00 -4.638020e+01
    endloop
  endfacet
  facet normal 8.716605e-01 0.000000e+00 -4.901102e-01
    outer loop
      vertex   4.216366e+01 3.125000e+00 -4.638020e+01
      vertex   4.206326e+01 6.250000e+00 -4.655875e+01
      vertex   4.216366e+01 6.250000e+00 -4.638020e+01
    endloop
  endfacet
  facet normal 9.030747e-01 0.000000e+00 -4.294834e-01
    outer loop
      vertex   4.216366e+01 3.125000e+00 -4.638020e+01
      vertex   4.216366e+01 6.250000e+00 -4.638020e+01
      vertex   4.225163e+01 3.125000e+00 -4.619520e+01
    endloop
  endfacet
  facet normal 9.030747e-01 -4.106708e-15 -4.294834e-01
    outer loop
      vertex   4.225163e+01 3.125000e+00 -4.619520e+01
      vertex   4.216366e+01 6.250000e+00 -4.638020e+01
      vertex   4.225163e+01 6.250000e+00 -4.619520e+01
    endloop
  endfacet
  facet normal 9.302784e-01 -4.230417e-15 -3.668542e-01
    outer loop
      vertex   4.225163e+01 3.125000e+00 -4.619520e+01
      vertex   4.225163e+01 6.250000e+00 -4.619520e+01
      vertex   4.232678e+01 3.125000e+00 -4.600464e+01
    endloop
  endfacet
  facet normal 9.302784e-01 0.000000e+00 -3.668542e-01
    outer loop
      vertex   4.232678e+01 3.125000e+00 -4.600464e+01
      vertex   4.225163e+01 6.250000e+00 -4.619520e+01
      vertex   4.232678e+01 6.250000e+00 -4.600464e+01
    endloop
  endfacet
  facet normal 9.531448e-01 0.000000e+00 -3.025146e-01
    outer loop
      vertex   4.232678e+01 3.125000e+00 -4.600464e+01
      vertex   4.232678e+01 6.250000e+00 -4.600464e+01
      vertex   4.238875e+01 3.125000e+00 -4.580939e+01
    endloop
  endfacet
  facet normal 9.531448e-01 2.167200e-15 -3.025146e-01
    outer loop
      vertex   4.238875e+01 3.125000e+00 -4.580939e+01
      vertex   4.232678e+01 6.250000e+00 -4.600464e+01
      vertex   4.238875e+01 6.250000e+00 -4.580939e+01
    endloop
  endfacet
  facet normal 9.715671e-01 2.209088e-15 -2.367644e-01
    outer loop
      vertex   4.238875e+01 3.125000e+00 -4.580939e+01
      vertex   4.238875e+01 6.250000e+00 -4.580939e+01
      vertex   4.243725e+01 3.125000e+00 -4.561037e+01
    endloop
  endfacet
  facet normal 9.715671e-01 0.000000e+00 -2.367644e-01
    outer loop
      vertex   4.243725e+01 3.125000e+00 -4.561037e+01
      vertex   4.238875e+01 6.250000e+00 -4.580939e+01
      vertex   4.243725e+01 6.250000e+00 -4.561037e+01
    endloop
  endfacet
  facet normal 9.854595e-01 0.000000e+00 -1.699104e-01
    outer loop
      vertex   4.243725e+01 3.125000e+00 -4.561037e+01
      vertex   4.243725e+01 6.250000e+00 -4.561037e+01
      vertex   4.247206e+01 3.125000e+00 -4.540850e+01
    endloop
  endfacet
  facet normal 9.854595e-01 0.000000e+00 -1.699104e-01
    outer loop
      vertex   4.247206e+01 3.125000e+00 -4.540850e+01
      vertex   4.243725e+01 6.250000e+00 -4.561037e+01
      vertex   4.247206e+01 6.250000e+00 -4.540850e+01
    endloop
  endfacet
  facet normal 9.947573e-01 0.000000e+00 -1.022641e-01
    outer loop
      vertex   4.247206e+01 3.125000e+00 -4.540850e+01
      vertex   4.247206e+01 6.250000e+00 -4.540850e+01
      vertex   4.249301e+01 3.125000e+00 -4.520473e+01
    endloop
  endfacet
  facet normal 9.947573e-01 0.000000e+00 -1.022641e-01
    outer loop
      vertex   4.249301e+01 3.125000e+00 -4.520473e+01
      vertex   4.247206e+01 6.250000e+00 -4.540850e+01
      vertex   4.249301e+01 6.250000e+00 -4.520473e+01
    endloop
  endfacet
  facet normal 9.994170e-01 0.000000e+00 -3.414111e-02
    outer loop
      vertex   4.249301e+01 3.125000e+00 -4.520473e+01
      vertex   4.249301e+01 6.250000e+00 -4.520473e+01
      vertex   4.250000e+01 6.250000e+00 -4.500000e+01
    endloop
  endfacet
  facet normal -1.543802e-07 0.000000e+00 -1.000000e+00
    outer loop
      vertex   3.950000e+01 0.000000e+00 -4.800000e+01
      vertex   3.686976e+01 3.412863e+00 -4.800000e+01
      vertex   3.950000e+01 6.250000e+00 -4.800000e+01
    endloop
  endfacet
  facet normal -1.769741e-07 2.094626e-08 -1.000000e+00
    outer loop
      vertex   3.950000e+01 6.250000e+00 -4.800000e+01
      vertex   3.686976e+01 3.412863e+00 -4.800000e+01
      vertex   3.688868e+01 3.572712e+00 -4.800000e+01
    endloop
  endfacet
  facet normal -1.620255e-07 6.365998e-09 -1.000000e+00
    outer loop
      vertex   3.950000e+01 6.250000e+00 -4.800000e+01
      vertex   3.688868e+01 3.572712e+00 -4.800000e+01
      vertex   3.689500e+01 3.733553e+00 -4.800000e+01
    endloop
  endfacet
  facet normal 0.000000e+00 3.759784e-07 -1.000000e+00
    outer loop
      vertex   2.300000e+01 0.000000e+00 -4.800000e+01
      vertex   3.424145e+01 1.080000e+00 -4.800000e+01
      vertex   3.950000e+01 0.000000e+00 -4.800000e+01
    endloop
  endfacet
  facet normal -1.240004e-08 3.156022e-07 -1.000000e+00
    outer loop
      vertex   3.950000e+01 0.000000e+00 -4.800000e+01
      vertex   3.424145e+01 1.080000e+00 -4.800000e+01
      vertex   3.440229e+01 1.086319e+00 -4.800000e+01
    endloop
  endfacet
  facet normal -2.844335e-08 2.403166e-07 -1.000000e+00
    outer loop
      vertex   3.950000e+01 0.000000e+00 -4.800000e+01
      vertex   3.440229e+01 1.086319e+00 -4.800000e+01
      vertex   3.456214e+01 1.105239e+00 -4.800000e+01
    endloop
  endfacet
  facet normal 1.549693e-07 0.000000e+00 -1.000000e+00
    outer loop
      vertex   2.300000e+01 6.250000e+00 -4.800000e+01
      vertex   2.562024e+01 3.412863e+00 -4.800000e+01
      vertex   2.300000e+01 0.000000e+00 -4.800000e+01
    endloop
  endfacet
  facet normal 1.230810e-07 2.448234e-08 -1.000000e+00
    outer loop
      vertex   2.300000e+01 0.000000e+00 -4.800000e+01
      vertex   2.562024e+01 3.412863e+00 -4.800000e+01
      vertex   2.565164e+01 3.254990e+00 -4.800000e+01
    endloop
  endfacet
  facet normal 1.137527e-07 3.208158e-08 -1.000000e+00
    outer loop
      vertex   2.300000e+01 0.000000e+00 -4.800000e+01
      vertex   2.565164e+01 3.254990e+00 -4.800000e+01
      vertex   2.569533e+01 3.100069e+00 -4.800000e+01
    endloop
  endfacet
  facet normal 1.564765e-07 0.000000e+00 -1.000000e+00
    outer loop
      vertex   2.559500e+01 6.250000e+00 -4.800000e+01
      vertex   2.559500e+01 3.733553e+00 -4.800000e+01
      vertex   2.300000e+01 6.250000e+00 -4.800000e+01
    endloop
  endfacet
  facet normal 1.626746e-07 6.391501e-09 -1.000000e+00
    outer loop
      vertex   2.300000e+01 6.250000e+00 -4.800000e+01
      vertex   2.559500e+01 3.733553e+00 -4.800000e+01
      vertex   2.560132e+01 3.572712e+00 -4.800000e+01
    endloop
  endfacet
  facet normal 1.777487e-07 2.103795e-08 -1.000000e+00
    outer loop
      vertex   2.300000e+01 6.250000e+00 -4.800000e+01
      vertex   2.560132e+01 3.572712e+00 -4.800000e+01
      vertex   2.562024e+01 3.412863e+00 -4.800000e+01
    endloop
  endfacet
  facet normal 1.057712e-07 3.902105e-08 -1.000000e+00
    outer loop
      vertex   2.569533e+01 3.100069e+00 -4.800000e+01
      vertex   2.575105e+01 2.949052e+00 -4.800000e+01
      vertex   2.300000e+01 0.000000e+00 -4.800000e+01
    endloop
  endfacet
  facet normal 9.878332e-08 4.553974e-08 -1.000000e+00
    outer loop
      vertex   2.300000e+01 0.000000e+00 -4.800000e+01
      vertex   2.575105e+01 2.949052e+00 -4.800000e+01
      vertex   2.581844e+01 2.802873e+00 -4.800000e+01
    endloop
  endfacet
  facet normal 9.253543e-08 5.182233e-08 -1.000000e+00
    outer loop
      vertex   2.300000e+01 0.000000e+00 -4.800000e+01
      vertex   2.581844e+01 2.802873e+00 -4.800000e+01
      vertex   2.589709e+01 2.662431e+00 -4.800000e+01
    endloop
  endfacet
  facet normal 8.683721e-08 5.802277e-08 -1.000000e+00
    outer loop
      vertex   2.589709e+01 2.662431e+00 -4.800000e+01
      vertex   2.598652e+01 2.528594e+00 -4.800000e+01
      vertex   2.300000e+01 0.000000e+00 -4.800000e+01
    endloop
  endfacet
  facet normal 8.153915e-08 6.428029e-08 -1.000000e+00
    outer loop
      vertex   2.300000e+01 0.000000e+00 -4.800000e+01
      vertex   2.598652e+01 2.528594e+00 -4.800000e+01
      vertex   2.608617e+01 2.402185e+00 -4.800000e+01
    endloop
  endfacet
  facet normal 7.651737e-08 7.073193e-08 -1.000000e+00
    outer loop
      vertex   2.300000e+01 0.000000e+00 -4.800000e+01
      vertex   2.608617e+01 2.402185e+00 -4.800000e+01
      vertex   2.619543e+01 2.283984e+00 -4.800000e+01
    endloop
  endfacet
  facet normal 7.410583e-08 7.410583e-08 -1.000000e+00
    outer loop
      vertex   2.619543e+01 2.283984e+00 -4.800000e+01
      vertex   2.679898e+01 1.680431e+00 -4.800000e+01
      vertex   2.300000e+01 0.000000e+00 -4.800000e+01
    endloop
  endfacet
  facet normal 7.229240e-08 7.820548e-08 -1.000000e+00
    outer loop
      vertex   2.300000e+01 0.000000e+00 -4.800000e+01
      vertex   2.679898e+01 1.680431e+00 -4.800000e+01
      vertex   2.691719e+01 1.571168e+00 -4.800000e+01
    endloop
  endfacet
  facet normal 6.870436e-08 8.715107e-08 -1.000000e+00
    outer loop
      vertex   2.300000e+01 0.000000e+00 -4.800000e+01
      vertex   2.691719e+01 1.571168e+00 -4.800000e+01
      vertex   2.704359e+01 1.471515e+00 -4.800000e+01
    endloop
  endfacet
  facet normal 6.501200e-08 9.729734e-08 -1.000000e+00
    outer loop
      vertex   2.704359e+01 1.471515e+00 -4.800000e+01
      vertex   2.717743e+01 1.382088e+00 -4.800000e+01
      vertex   2.300000e+01 0.000000e+00 -4.800000e+01
    endloop
  endfacet
  facet normal 6.110409e-08 1.091092e-07 -1.000000e+00
    outer loop
      vertex   2.300000e+01 0.000000e+00 -4.800000e+01
      vertex   2.717743e+01 1.382088e+00 -4.800000e+01
      vertex   2.731787e+01 1.303437e+00 -4.800000e+01
    endloop
  endfacet
  facet normal 5.682893e-08 1.232715e-07 -1.000000e+00
    outer loop
      vertex   2.300000e+01 0.000000e+00 -4.800000e+01
      vertex   2.731787e+01 1.303437e+00 -4.800000e+01
      vertex   2.746405e+01 1.236047e+00 -4.800000e+01
    endloop
  endfacet
  facet normal 5.196192e-08 1.408489e-07 -1.000000e+00
    outer loop
      vertex   2.746405e+01 1.236047e+00 -4.800000e+01
      vertex   2.761507e+01 1.180334e+00 -4.800000e+01
      vertex   2.300000e+01 0.000000e+00 -4.800000e+01
    endloop
  endfacet
  facet normal 4.614166e-08 1.636060e-07 -1.000000e+00
    outer loop
      vertex   2.300000e+01 0.000000e+00 -4.800000e+01
      vertex   2.761507e+01 1.180334e+00 -4.800000e+01
      vertex   2.776999e+01 1.136642e+00 -4.800000e+01
    endloop
  endfacet
  facet normal 3.873007e-08 1.947092e-07 -1.000000e+00
    outer loop
      vertex   2.300000e+01 0.000000e+00 -4.800000e+01
      vertex   2.776999e+01 1.136642e+00 -4.800000e+01
      vertex   2.792786e+01 1.105239e+00 -4.800000e+01
    endloop
  endfacet
  facet normal 2.846329e-08 2.404851e-07 -1.000000e+00
    outer loop
      vertex   2.792786e+01 1.105239e+00 -4.800000e+01
      vertex   2.808771e+01 1.086319e+00 -4.800000e+01
      vertex   2.300000e+01 0.000000e+00 -4.800000e+01
    endloop
  endfacet
  facet normal 1.240383e-08 3.156986e-07 -1.000000e+00
    outer loop
      vertex   2.300000e+01 0.000000e+00 -4.800000e+01
      vertex   2.808771e+01 1.086319e+00 -4.800000e+01
      vertex   2.824855e+01 1.080000e+00 -4.800000e+01
    endloop
  endfacet
  facet normal 0.000000e+00 3.759784e-07 -1.000000e+00
    outer loop
      vertex   2.300000e+01 0.000000e+00 -4.800000e+01
      vertex   2.824855e+01 1.080000e+00 -4.800000e+01
      vertex   3.424145e+01 1.080000e+00 -4.800000e+01
    endloop
  endfacet
  facet normal -3.869316e-08 1.945237e-07 -1.000000e+00
    outer loop
      vertex   3.456214e+01 1.105239e+00 -4.800000e+01
      vertex   3.472001e+01 1.136642e+00 -4.800000e+01
      vertex   3.950000e+01 0.000000e+00 -4.800000e+01
    endloop
  endfacet
  facet normal -4.608929e-08 1.634203e-07 -1.000000e+00
    outer loop
      vertex   3.950000e+01 0.000000e+00 -4.800000e+01
      vertex   3.472001e+01 1.136642e+00 -4.800000e+01
      vertex   3.487493e+01 1.180334e+00 -4.800000e+01
    endloop
  endfacet
  facet normal -5.189551e-08 1.406689e-07 -1.000000e+00
    outer loop
      vertex   3.950000e+01 0.000000e+00 -4.800000e+01
      vertex   3.487493e+01 1.180334e+00 -4.800000e+01
      vertex   3.502595e+01 1.236047e+00 -4.800000e+01
    endloop
  endfacet
  facet normal -5.674951e-08 1.230992e-07 -1.000000e+00
    outer loop
      vertex   3.502595e+01 1.236047e+00 -4.800000e+01
      vertex   3.517213e+01 1.303437e+00 -4.800000e+01
      vertex   3.950000e+01 0.000000e+00 -4.800000e+01
    endloop
  endfacet
  facet normal -6.101228e-08 1.089453e-07 -1.000000e+00
    outer loop
      vertex   3.950000e+01 0.000000e+00 -4.800000e+01
      vertex   3.517213e+01 1.303437e+00 -4.800000e+01
      vertex   3.531257e+01 1.382088e+00 -4.800000e+01
    endloop
  endfacet
  facet normal -6.490809e-08 9.714182e-08 -1.000000e+00
    outer loop
      vertex   3.950000e+01 0.000000e+00 -4.800000e+01
      vertex   3.531257e+01 1.382088e+00 -4.800000e+01
      vertex   3.544641e+01 1.471515e+00 -4.800000e+01
    endloop
  endfacet
  facet normal -6.858832e-08 8.700386e-08 -1.000000e+00
    outer loop
      vertex   3.544641e+01 1.471515e+00 -4.800000e+01
      vertex   3.557282e+01 1.571168e+00 -4.800000e+01
      vertex   3.950000e+01 0.000000e+00 -4.800000e+01
    endloop
  endfacet
  facet normal -7.216393e-08 7.806650e-08 -1.000000e+00
    outer loop
      vertex   3.950000e+01 0.000000e+00 -4.800000e+01
      vertex   3.557282e+01 1.571168e+00 -4.800000e+01
      vertex   3.569102e+01 1.680431e+00 -4.800000e+01
    endloop
  endfacet
  facet normal -7.397084e-08 7.397084e-08 -1.000000e+00
    outer loop
      vertex   3.950000e+01 0.000000e+00 -4.800000e+01
      vertex   3.569102e+01 1.680431e+00 -4.800000e+01
      vertex   3.629457e+01 2.283984e+00 -4.800000e+01
    endloop
  endfacet
  facet normal -7.637346e-08 7.059890e-08 -1.000000e+00
    outer loop
      vertex   3.629457e+01 2.283984e+00 -4.800000e+01
      vertex   3.640383e+01 2.402185e+00 -4.800000e+01
      vertex   3.950000e+01 0.000000e+00 -4.800000e+01
    endloop
  endfacet
  facet normal -8.137575e-08 6.415147e-08 -1.000000e+00
    outer loop
      vertex   3.950000e+01 0.000000e+00 -4.800000e+01
      vertex   3.640383e+01 2.402185e+00 -4.800000e+01
      vertex   3.650349e+01 2.528594e+00 -4.800000e+01
    endloop
  endfacet
  facet normal -8.665190e-08 5.789895e-08 -1.000000e+00
    outer loop
      vertex   3.950000e+01 0.000000e+00 -4.800000e+01
      vertex   3.650349e+01 2.528594e+00 -4.800000e+01
      vertex   3.659291e+01 2.662431e+00 -4.800000e+01
    endloop
  endfacet
  facet normal -9.232504e-08 5.170450e-08 -1.000000e+00
    outer loop
      vertex   3.659291e+01 2.662431e+00 -4.800000e+01
      vertex   3.667156e+01 2.802873e+00 -4.800000e+01
      vertex   3.950000e+01 0.000000e+00 -4.800000e+01
    endloop
  endfacet
  facet normal -9.854360e-08 4.542922e-08 -1.000000e+00
    outer loop
      vertex   3.950000e+01 0.000000e+00 -4.800000e+01
      vertex   3.667156e+01 2.802873e+00 -4.800000e+01
      vertex   3.673895e+01 2.949052e+00 -4.800000e+01
    endloop
  endfacet
  facet normal -1.054964e-07 3.891968e-08 -1.000000e+00
    outer loop
      vertex   3.950000e+01 0.000000e+00 -4.800000e+01
      vertex   3.673895e+01 2.949052e+00 -4.800000e+01
      vertex   3.679467e+01 3.100069e+00 -4.800000e+01
    endloop
  endfacet
  facet normal -1.134349e-07 3.199196e-08 -1.000000e+00
    outer loop
      vertex   3.679467e+01 3.100069e+00 -4.800000e+01
      vertex   3.683836e+01 3.254990e+00 -4.800000e+01
      vertex   3.950000e+01 0.000000e+00 -4.800000e+01
    endloop
  endfacet
  facet normal -1.227091e-07 2.440836e-08 -1.000000e+00
    outer loop
      vertex   3.950000e+01 0.000000e+00 -4.800000e+01
      vertex   3.683836e+01 3.254990e+00 -4.800000e+01
      vertex   3.686976e+01 3.412863e+00 -4.800000e+01
    endloop
  endfacet
  facet normal -1.558759e-07 0.000000e+00 -1.000000e+00
    outer loop
      vertex   3.689500e+01 3.733553e+00 -4.800000e+01
      vertex   3.689500e+01 6.250000e+00 -4.800000e+01
      vertex   3.950000e+01 6.250000e+00 -4.800000e+01
    endloop
  endfacet
  facet normal -9.994170e-01 0.000000e+00 -3.414111e-02
    outer loop
      vertex   2.000000e+01 0.000000e+00 -4.500000e+01
      vertex   2.000000e+01 6.250000e+00 -4.500000e+01
      vertex   2.000699e+01 3.125000e+00 -4.520473e+01
    endloop
  endfacet
  facet normal -9.994170e-01 0.000000e+00 -3.414111e-02
    outer loop
      vertex   2.000699e+01 3.125000e+00 -4.520473e+01
      vertex   2.000000e+01 6.250000e+00 -4.500000e+01
      vertex   2.000699e+01 6.250000e+00 -4.520473e+01
    endloop
  endfacet
  facet normal -9.947573e-01 0.000000e+00 -1.022641e-01
    outer loop
      vertex   2.000699e+01 3.125000e+00 -4.520473e+01
      vertex   2.000699e+01 6.250000e+00 -4.520473e+01
      vertex   2.002794e+01 3.125000e+00 -4.540850e+01
    endloop
  endfacet
  facet normal -9.947573e-01 0.000000e+00 -1.022641e-01
    outer loop
      vertex   2.002794e+01 3.125000e+00 -4.540850e+01
      vertex   2.000699e+01 6.250000e+00 -4.520473e+01
      vertex   2.002794e+01 6.250000e+00 -4.540850e+01
    endloop
  endfacet
  facet normal -9.854595e-01 0.000000e+00 -1.699104e-01
    outer loop
      vertex   2.002794e+01 3.125000e+00 -4.540850e+01
      vertex   2.002794e+01 6.250000e+00 -4.540850e+01
      vertex   2.006275e+01 3.125000e+00 -4.561037e+01
    endloop
  endfacet
  facet normal -9.854595e-01 -1.120338e-15 -1.699104e-01
    outer loop
      vertex   2.006275e+01 3.125000e+00 -4.561037e+01
      vertex   2.002794e+01 6.250000e+00 -4.540850e+01
      vertex   2.006275e+01 6.250000e+00 -4.561037e+01
    endloop
  endfacet
  facet normal -9.715671e-01 -1.104544e-15 -2.367644e-01
    outer loop
      vertex   2.006275e+01 3.125000e+00 -4.561037e+01
      vertex   2.006275e+01 6.250000e+00 -4.561037e+01
      vertex   2.011125e+01 3.125000e+00 -4.580939e+01
    endloop
  endfacet
  facet normal -9.715671e-01 0.000000e+00 -2.367644e-01
    outer loop
      vertex   2.011125e+01 3.125000e+00 -4.580939e+01
      vertex   2.006275e+01 6.250000e+00 -4.561037e+01
      vertex   2.011125e+01 6.250000e+00 -4.580939e+01
    endloop
  endfacet
  facet normal -9.531448e-01 0.000000e+00 -3.025146e-01
    outer loop
      vertex   2.011125e+01 3.125000e+00 -4.580939e+01
      vertex   2.011125e+01 6.250000e+00 -4.580939e+01
      vertex   2.017322e+01 3.125000e+00 -4.600464e+01
    endloop
  endfacet
  facet normal -9.531448e-01 0.000000e+00 -3.025146e-01
    outer loop
      vertex   2.017322e+01 3.125000e+00 -4.600464e+01
      vertex   2.011125e+01 6.250000e+00 -4.580939e+01
      vertex   2.017322e+01 6.250000e+00 -4.600464e+01
    endloop
  endfacet
  facet normal -9.302784e-01 0.000000e+00 -3.668542e-01
    outer loop
      vertex   2.017322e+01 3.125000e+00 -4.600464e+01
      vertex   2.017322e+01 6.250000e+00 -4.600464e+01
      vertex   2.024837e+01 3.125000e+00 -4.619520e+01
    endloop
  endfacet
  facet normal -9.302784e-01 0.000000e+00 -3.668542e-01
    outer loop
      vertex   2.024837e+01 3.125000e+00 -4.619520e+01
      vertex   2.017322e+01 6.250000e+00 -4.600464e+01
      vertex   2.024837e+01 6.250000e+00 -4.619520e+01
    endloop
  endfacet
  facet normal -9.030747e-01 0.000000e+00 -4.294834e-01
    outer loop
      vertex   2.024837e+01 3.125000e+00 -4.619520e+01
      vertex   2.024837e+01 6.250000e+00 -4.619520e+01
      vertex   2.033634e+01 3.125000e+00 -4.638020e+01
    endloop
  endfacet
  facet normal -9.030747e-01 -2.053354e-15 -4.294834e-01
    outer loop
      vertex   2.033634e+01 3.125000e+00 -4.638020e+01
      vertex   2.024837e+01 6.250000e+00 -4.619520e+01
      vertex   2.033634e+01 6.250000e+00 -4.638020e+01
    endloop
  endfacet
  facet normal -8.716605e-01 -1.981926e-15 -4.901102e-01
    outer loop
      vertex   2.033634e+01 3.125000e+00 -4.638020e+01
      vertex   2.033634e+01 6.250000e+00 -4.638020e+01
      vertex   2.043674e+01 3.125000e+00 -4.655875e+01
    endloop
  endfacet
  facet normal -8.716605e-01 9.909632e-16 -4.901102e-01
    outer loop
      vertex   2.043674e+01 3.125000e+00 -4.655875e+01
      vertex   2.033634e+01 6.250000e+00 -4.638020e+01
      vertex   2.043674e+01 6.250000e+00 -4.655875e+01
    endloop
  endfacet
  facet normal -8.361821e-01 9.506290e-16 -5.484519e-01
    outer loop
      vertex   2.043674e+01 3.125000e+00 -4.655875e+01
      vertex   2.043674e+01 6.250000e+00 -4.655875e+01
      vertex   2.054909e+01 3.125000e+00 -4.673004e+01
    endloop
  endfacet
  facet normal -8.361821e-01 -1.901258e-15 -5.484519e-01
    outer loop
      vertex   2.054909e+01 3.125000e+00 -4.673004e+01
      vertex   2.043674e+01 6.250000e+00 -4.655875e+01
      vertex   2.054909e+01 6.250000e+00 -4.673004e+01
    endloop
  endfacet
  facet normal -7.968051e-01 -1.811725e-15 -6.042364e-01
    outer loop
      vertex   2.054909e+01 3.125000e+00 -4.673004e+01
      vertex   2.054909e+01 6.250000e+00 -4.673004e+01
      vertex   2.067287e+01 3.125000e+00 -4.689326e+01
    endloop
  endfacet
  facet normal -7.968051e-01 0.000000e+00 -6.042364e-01
    outer loop
      vertex   2.067287e+01 3.125000e+00 -4.689326e+01
      vertex   2.054909e+01 6.250000e+00 -4.673004e+01
      vertex   2.067287e+01 6.250000e+00 -4.689326e+01
    endloop
  endfacet
  facet normal -7.537130e-01 0.000000e+00 -6.572037e-01
    outer loop
      vertex   2.067287e+01 3.125000e+00 -4.689326e+01
      vertex   2.067287e+01 6.250000e+00 -4.689326e+01
      vertex   2.080749e+01 3.125000e+00 -4.704766e+01
    endloop
  endfacet
  facet normal -7.537130e-01 -1.713745e-15 -6.572037e-01
    outer loop
      vertex   2.080749e+01 3.125000e+00 -4.704766e+01
      vertex   2.067287e+01 6.250000e+00 -4.689326e+01
      vertex   2.080749e+01 6.250000e+00 -4.704766e+01
    endloop
  endfacet
  facet normal -7.071068e-01 -1.607775e-15 -7.071068e-01
    outer loop
      vertex   2.080749e+01 3.125000e+00 -4.704766e+01
      vertex   2.080749e+01 6.250000e+00 -4.704766e+01
      vertex   2.095234e+01 3.125000e+00 -4.719251e+01
    endloop
  endfacet
  facet normal -7.071068e-01 0.000000e+00 -7.071068e-01
    outer loop
      vertex   2.095234e+01 3.125000e+00 -4.719251e+01
      vertex   2.080749e+01 6.250000e+00 -4.704766e+01
      vertex   2.095234e+01 6.250000e+00 -4.719251e+01
    endloop
  endfacet
  facet normal -6.572037e-01 0.000000e+00 -7.537130e-01
    outer loop
      vertex   2.095234e+01 3.125000e+00 -4.719251e+01
      vertex   2.095234e+01 6.250000e+00 -4.719251e+01
      vertex   2.110674e+01 3.125000e+00 -4.732713e+01
    endloop
  endfacet
  facet normal -6.572037e-01 0.000000e+00 -7.537130e-01
    outer loop
      vertex   2.110674e+01 3.125000e+00 -4.732713e+01
      vertex   2.095234e+01 6.250000e+00 -4.719251e+01
      vertex   2.110674e+01 6.250000e+00 -4.732713e+01
    endloop
  endfacet
  facet normal -6.042364e-01 0.000000e+00 -7.968051e-01
    outer loop
      vertex   2.110674e+01 3.125000e+00 -4.732713e+01
      vertex   2.110674e+01 6.250000e+00 -4.732713e+01
      vertex   2.126996e+01 3.125000e+00 -4.745091e+01
    endloop
  endfacet
  facet normal -6.042364e-01 0.000000e+00 -7.968051e-01
    outer loop
      vertex   2.126996e+01 3.125000e+00 -4.745091e+01
      vertex   2.110674e+01 6.250000e+00 -4.732713e+01
      vertex   2.126996e+01 6.250000e+00 -4.745091e+01
    endloop
  endfacet
  facet normal -5.484519e-01 0.000000e+00 -8.361821e-01
    outer loop
      vertex   2.126996e+01 3.125000e+00 -4.745091e+01
      vertex   2.126996e+01 6.250000e+00 -4.745091e+01
      vertex   2.144125e+01 3.125000e+00 -4.756326e+01
    endloop
  endfacet
  facet normal -5.484519e-01 0.000000e+00 -8.361821e-01
    outer loop
      vertex   2.144125e+01 3.125000e+00 -4.756326e+01
      vertex   2.126996e+01 6.250000e+00 -4.745091e+01
      vertex   2.144125e+01 6.250000e+00 -4.756326e+01
    endloop
  endfacet
  facet normal -4.901102e-01 0.000000e+00 -8.716605e-01
    outer loop
      vertex   2.144125e+01 3.125000e+00 -4.756326e+01
      vertex   2.144125e+01 6.250000e+00 -4.756326e+01
      vertex   2.161980e+01 3.125000e+00 -4.766366e+01
    endloop
  endfacet
  facet normal -4.901102e-01 0.000000e+00 -8.716605e-01
    outer loop
      vertex   2.161980e+01 3.125000e+00 -4.766366e+01
      vertex   2.144125e+01 6.250000e+00 -4.756326e+01
      vertex   2.161980e+01 6.250000e+00 -4.766366e+01
    endloop
  endfacet
  facet normal -4.294834e-01 0.000000e+00 -9.030747e-01
    outer loop
      vertex   2.161980e+01 3.125000e+00 -4.766366e+01
      vertex   2.161980e+01 6.250000e+00 -4.766366e+01
      vertex   2.180480e+01 3.125000e+00 -4.775163e+01
    endloop
  endfacet
  facet normal -4.294834e-01 4.594975e-15 -9.030747e-01
    outer loop
      vertex   2.180480e+01 3.125000e+00 -4.775163e+01
      vertex   2.161980e+01 6.250000e+00 -4.766366e+01
      vertex   2.180480e+01 6.250000e+00 -4.775163e+01
    endloop
  endfacet
  facet normal -3.668542e-01 4.647482e-15 -9.302784e-01
    outer loop
      vertex   2.180480e+01 3.125000e+00 -4.775163e+01
      vertex   2.180480e+01 6.250000e+00 -4.775163e+01
      vertex   2.199536e+01 3.125000e+00 -4.782678e+01
    endloop
  endfacet
  facet normal -3.668542e-01 0.000000e+00 -9.302784e-01
    outer loop
      vertex   2.199536e+01 3.125000e+00 -4.782678e+01
      vertex   2.180480e+01 6.250000e+00 -4.775163e+01
      vertex   2.199536e+01 6.250000e+00 -4.782678e+01
    endloop
  endfacet
  facet normal -3.025146e-01 0.000000e+00 -9.531448e-01
    outer loop
      vertex   2.199536e+01 3.125000e+00 -4.782678e+01
      vertex   2.199536e+01 6.250000e+00 -4.782678e+01
      vertex   2.219061e+01 3.125000e+00 -4.788875e+01
    endloop
  endfacet
  facet normal -3.025146e-01 0.000000e+00 -9.531448e-01
    outer loop
      vertex   2.219061e+01 3.125000e+00 -4.788875e+01
      vertex   2.199536e+01 6.250000e+00 -4.782678e+01
      vertex   2.219061e+01 6.250000e+00 -4.788875e+01
    endloop
  endfacet
  facet normal -2.367644e-01 0.000000e+00 -9.715671e-01
    outer loop
      vertex   2.219061e+01 3.125000e+00 -4.788875e+01
      vertex   2.219061e+01 6.250000e+00 -4.788875e+01
      vertex   2.238963e+01 3.125000e+00 -4.793725e+01
    endloop
  endfacet
  facet normal -2.367644e-01 -2.478258e-15 -9.715671e-01
    outer loop
      vertex   2.238963e+01 3.125000e+00 -4.793725e+01
      vertex   2.219061e+01 6.250000e+00 -4.788875e+01
      vertex   2.238963e+01 6.250000e+00 -4.793725e+01
    endloop
  endfacet
  facet normal -1.699104e-01 -2.433841e-15 -9.854595e-01
    outer loop
      vertex   2.238963e+01 3.125000e+00 -4.793725e+01
      vertex   2.238963e+01 6.250000e+00 -4.793725e+01
      vertex   2.259150e+01 3.125000e+00 -4.797206e+01
    endloop
  endfacet
  facet normal -1.699104e-01 0.000000e+00 -9.854595e-01
    outer loop
      vertex   2.259150e+01 3.125000e+00 -4.797206e+01
      vertex   2.238963e+01 6.250000e+00 -4.793725e+01
      vertex   2.259150e+01 6.250000e+00 -4.797206e+01
    endloop
  endfacet
  facet normal -1.022641e-01 0.000000e+00 -9.947573e-01
    outer loop
      vertex   2.259150e+01 3.125000e+00 -4.797206e+01
      vertex   2.259150e+01 6.250000e+00 -4.797206e+01
      vertex   2.279527e+01 3.125000e+00 -4.799301e+01
    endloop
  endfacet
  facet normal -1.022641e-01 0.000000e+00 -9.947573e-01
    outer loop
      vertex   2.279527e+01 3.125000e+00 -4.799301e+01
      vertex   2.259150e+01 6.250000e+00 -4.797206e+01
      vertex   2.279527e+01 6.250000e+00 -4.799301e+01
    endloop
  endfacet
  facet normal -3.414111e-02 0.000000e+00 -9.994170e-01
    outer loop
      vertex   2.279527e+01 3.125000e+00 -4.799301e+01
      vertex   2.279527e+01 6.250000e+00 -4.799301e+01
      vertex   2.300000e+01 6.250000e+00 -4.800000e+01
    endloop
  endfacet
  facet normal -3.414111e-02 -0.000000e+00 -9.994170e-01
    outer loop
      vertex   2.300000e+01 6.250000e+00 -4.800000e+01
      vertex   2.300000e+01 0.000000e+00 -4.800000e+01
      vertex   2.279527e+01 3.125000e+00 -4.799301e+01
    endloop
  endfacet
  facet normal -3.414111e-02 -0.000000e+00 -9.994170e-01
    outer loop
      vertex   2.279527e+01 3.125000e+00 -4.799301e+01
      vertex   2.300000e+01 0.000000e+00 -4.800000e+01
      vertex   2.279527e+01 8.646727e-16 -4.799301e+01
    endloop
  endfacet
  facet normal -1.022641e-01 -0.000000e+00 -9.947573e-01
    outer loop
      vertex   2.279527e+01 3.125000e+00 -4.799301e+01
      vertex   2.279527e+01 8.646727e-16 -4.799301e+01
      vertex   2.259150e+01 3.125000e+00 -4.797206e+01
    endloop
  endfacet
  facet normal -1.022641e-01 -0.000000e+00 -9.947573e-01
    outer loop
      vertex   2.259150e+01 3.125000e+00 -4.797206e+01
      vertex   2.279527e+01 8.646727e-16 -4.799301e+01
      vertex   2.259150e+01 8.397236e-16 -4.797206e+01
    endloop
  endfacet
  facet normal -1.699104e-01 -0.000000e+00 -9.854595e-01
    outer loop
      vertex   2.259150e+01 3.125000e+00 -4.797206e+01
      vertex   2.259150e+01 8.397236e-16 -4.797206e+01
      vertex   2.238963e+01 3.125000e+00 -4.793725e+01
    endloop
  endfacet
  facet normal -1.699104e-01 2.240676e-15 -9.854595e-01
    outer loop
      vertex   2.238963e+01 3.125000e+00 -4.793725e+01
      vertex   2.259150e+01 8.397236e-16 -4.797206e+01
      vertex   2.238963e+01 8.134476e-16 -4.793725e+01
    endloop
  endfacet
  facet normal -2.367644e-01 2.209088e-15 -9.715671e-01
    outer loop
      vertex   2.238963e+01 3.125000e+00 -4.793725e+01
      vertex   2.238963e+01 8.134476e-16 -4.793725e+01
      vertex   2.219061e+01 3.125000e+00 -4.788875e+01
    endloop
  endfacet
  facet normal -2.367644e-01 -0.000000e+00 -9.715671e-01
    outer loop
      vertex   2.219061e+01 3.125000e+00 -4.788875e+01
      vertex   2.238963e+01 8.134476e-16 -4.793725e+01
      vertex   2.219061e+01 7.859670e-16 -4.788875e+01
    endloop
  endfacet
  facet normal -3.025146e-01 -0.000000e+00 -9.531448e-01
    outer loop
      vertex   2.219061e+01 3.125000e+00 -4.788875e+01
      vertex   2.219061e+01 7.859670e-16 -4.788875e+01
      vertex   2.199536e+01 3.125000e+00 -4.782678e+01
    endloop
  endfacet
  facet normal -3.025146e-01 -0.000000e+00 -9.531448e-01
    outer loop
      vertex   2.199536e+01 3.125000e+00 -4.782678e+01
      vertex   2.219061e+01 7.859670e-16 -4.788875e+01
      vertex   2.199536e+01 7.574101e-16 -4.782678e+01
    endloop
  endfacet
  facet normal -3.668542e-01 -0.000000e+00 -9.302784e-01
    outer loop
      vertex   2.199536e+01 3.125000e+00 -4.782678e+01
      vertex   2.199536e+01 7.574101e-16 -4.782678e+01
      vertex   2.180480e+01 3.125000e+00 -4.775163e+01
    endloop
  endfacet
  facet normal -3.668542e-01 -4.647482e-15 -9.302784e-01
    outer loop
      vertex   2.180480e+01 3.125000e+00 -4.775163e+01
      vertex   2.199536e+01 7.574101e-16 -4.782678e+01
      vertex   2.180480e+01 7.279100e-16 -4.775163e+01
    endloop
  endfacet
  facet normal -4.294834e-01 -4.594975e-15 -9.030747e-01
    outer loop
      vertex   2.180480e+01 3.125000e+00 -4.775163e+01
      vertex   2.180480e+01 7.279100e-16 -4.775163e+01
      vertex   2.161980e+01 3.125000e+00 -4.766366e+01
    endloop
  endfacet
  facet normal -4.294834e-01 -0.000000e+00 -9.030747e-01
    outer loop
      vertex   2.161980e+01 3.125000e+00 -4.766366e+01
      vertex   2.180480e+01 7.279100e-16 -4.775163e+01
      vertex   2.161980e+01 6.976043e-16 -4.766366e+01
    endloop
  endfacet
  facet normal -4.901102e-01 -0.000000e+00 -8.716605e-01
    outer loop
      vertex   2.161980e+01 3.125000e+00 -4.766366e+01
      vertex   2.161980e+01 6.976043e-16 -4.766366e+01
      vertex   2.144125e+01 3.125000e+00 -4.756326e+01
    endloop
  endfacet
  facet normal -4.901102e-01 -0.000000e+00 -8.716605e-01
    outer loop
      vertex   2.144125e+01 3.125000e+00 -4.756326e+01
      vertex   2.161980e+01 6.976043e-16 -4.766366e+01
      vertex   2.144125e+01 6.666341e-16 -4.756326e+01
    endloop
  endfacet
  facet normal -5.484519e-01 -0.000000e+00 -8.361821e-01
    outer loop
      vertex   2.144125e+01 3.125000e+00 -4.756326e+01
      vertex   2.144125e+01 6.666341e-16 -4.756326e+01
      vertex   2.126996e+01 3.125000e+00 -4.745091e+01
    endloop
  endfacet
  facet normal -5.484519e-01 -0.000000e+00 -8.361821e-01
    outer loop
      vertex   2.126996e+01 3.125000e+00 -4.745091e+01
      vertex   2.144125e+01 6.666341e-16 -4.756326e+01
      vertex   2.126996e+01 6.351440e-16 -4.745091e+01
    endloop
  endfacet
  facet normal -6.042364e-01 -0.000000e+00 -7.968051e-01
    outer loop
      vertex   2.126996e+01 3.125000e+00 -4.745091e+01
      vertex   2.126996e+01 6.351440e-16 -4.745091e+01
      vertex   2.110674e+01 3.125000e+00 -4.732713e+01
    endloop
  endfacet
  facet normal -6.042364e-01 -0.000000e+00 -7.968051e-01
    outer loop
      vertex   2.110674e+01 3.125000e+00 -4.732713e+01
      vertex   2.126996e+01 6.351440e-16 -4.745091e+01
      vertex   2.110674e+01 6.032808e-16 -4.732713e+01
    endloop
  endfacet
  facet normal -6.572037e-01 -0.000000e+00 -7.537130e-01
    outer loop
      vertex   2.110674e+01 3.125000e+00 -4.732713e+01
      vertex   2.110674e+01 6.032808e-16 -4.732713e+01
      vertex   2.095234e+01 3.125000e+00 -4.719251e+01
    endloop
  endfacet
  facet normal -6.572037e-01 -0.000000e+00 -7.537130e-01
    outer loop
      vertex   2.095234e+01 3.125000e+00 -4.719251e+01
      vertex   2.110674e+01 6.032808e-16 -4.732713e+01
      vertex   2.095234e+01 5.711929e-16 -4.719251e+01
    endloop
  endfacet
  facet normal -7.071068e-01 -0.000000e+00 -7.071068e-01
    outer loop
      vertex   2.095234e+01 3.125000e+00 -4.719251e+01
      vertex   2.095234e+01 5.711929e-16 -4.719251e+01
      vertex   2.080749e+01 3.125000e+00 -4.704766e+01
    endloop
  endfacet
  facet normal -7.071068e-01 1.607775e-15 -7.071068e-01
    outer loop
      vertex   2.080749e+01 3.125000e+00 -4.704766e+01
      vertex   2.095234e+01 5.711929e-16 -4.719251e+01
      vertex   2.080749e+01 5.390301e-16 -4.704766e+01
    endloop
  endfacet
  facet normal -7.537130e-01 1.713745e-15 -6.572037e-01
    outer loop
      vertex   2.080749e+01 3.125000e+00 -4.704766e+01
      vertex   2.080749e+01 5.390301e-16 -4.704766e+01
      vertex   2.067287e+01 3.125000e+00 -4.689326e+01
    endloop
  endfacet
  facet normal -7.537130e-01 -0.000000e+00 -6.572037e-01
    outer loop
      vertex   2.067287e+01 3.125000e+00 -4.689326e+01
      vertex   2.080749e+01 5.390301e-16 -4.704766e+01
      vertex   2.067287e+01 5.069423e-16 -4.689326e+01
    endloop
  endfacet
  facet normal -7.968051e-01 -0.000000e+00 -6.042364e-01
    outer loop
      vertex   2.067287e+01 3.125000e+00 -4.689326e+01
      vertex   2.067287e+01 5.069423e-16 -4.689326e+01
      vertex   2.054909e+01 3.125000e+00 -4.673004e+01
    endloop
  endfacet
  facet normal -7.968051e-01 1.811725e-15 -6.042364e-01
    outer loop
      vertex   2.054909e+01 3.125000e+00 -4.673004e+01
      vertex   2.067287e+01 5.069423e-16 -4.689326e+01
      vertex   2.054909e+01 4.750790e-16 -4.673004e+01
    endloop
  endfacet
  facet normal -8.361821e-01 1.901258e-15 -5.484519e-01
    outer loop
      vertex   2.054909e+01 3.125000e+00 -4.673004e+01
      vertex   2.054909e+01 4.750790e-16 -4.673004e+01
      vertex   2.043674e+01 3.125000e+00 -4.655875e+01
    endloop
  endfacet
  facet normal -8.361821e-01 -9.506290e-16 -5.484519e-01
    outer loop
      vertex   2.043674e+01 3.125000e+00 -4.655875e+01
      vertex   2.054909e+01 4.750790e-16 -4.673004e+01
      vertex   2.043674e+01 4.435889e-16 -4.655875e+01
    endloop
  endfacet
  facet normal -8.716605e-01 -9.909632e-16 -4.901102e-01
    outer loop
      vertex   2.043674e+01 3.125000e+00 -4.655875e+01
      vertex   2.043674e+01 4.435889e-16 -4.655875e+01
      vertex   2.033634e+01 3.125000e+00 -4.638020e+01
    endloop
  endfacet
  facet normal -8.716605e-01 1.981926e-15 -4.901102e-01
    outer loop
      vertex   2.033634e+01 3.125000e+00 -4.638020e+01
      vertex   2.043674e+01 4.435889e-16 -4.655875e+01
      vertex   2.033634e+01 4.126188e-16 -4.638020e+01
    endloop
  endfacet
  facet normal -9.030747e-01 2.053354e-15 -4.294834e-01
    outer loop
      vertex   2.033634e+01 3.125000e+00 -4.638020e+01
      vertex   2.033634e+01 4.126188e-16 -4.638020e+01
      vertex   2.024837e+01 3.125000e+00 -4.619520e+01
    endloop
  endfacet
  facet normal -9.030747e-01 -0.000000e+00 -4.294834e-01
    outer loop
      vertex   2.024837e+01 3.125000e+00 -4.619520e+01
      vertex   2.033634e+01 4.126188e-16 -4.638020e+01
      vertex   2.024837e+01 3.823130e-16 -4.619520e+01
    endloop
  endfacet
  facet normal -9.302784e-01 -0.000000e+00 -3.668542e-01
    outer loop
      vertex   2.024837e+01 3.125000e+00 -4.619520e+01
      vertex   2.024837e+01 3.823130e-16 -4.619520e+01
      vertex   2.017322e+01 3.125000e+00 -4.600464e+01
    endloop
  endfacet
  facet normal -9.302784e-01 -0.000000e+00 -3.668542e-01
    outer loop
      vertex   2.017322e+01 3.125000e+00 -4.600464e+01
      vertex   2.024837e+01 3.823130e-16 -4.619520e+01
      vertex   2.017322e+01 3.528129e-16 -4.600464e+01
    endloop
  endfacet
  facet normal -9.531448e-01 -0.000000e+00 -3.025146e-01
    outer loop
      vertex   2.017322e+01 3.125000e+00 -4.600464e+01
      vertex   2.017322e+01 3.528129e-16 -4.600464e+01
      vertex   2.011125e+01 3.125000e+00 -4.580939e+01
    endloop
  endfacet
  facet normal -9.531448e-01 -0.000000e+00 -3.025146e-01
    outer loop
      vertex   2.011125e+01 3.125000e+00 -4.580939e+01
      vertex   2.017322e+01 3.528129e-16 -4.600464e+01
      vertex   2.011125e+01 3.242560e-16 -4.580939e+01
    endloop
  endfacet
  facet normal -9.715671e-01 -0.000000e+00 -2.367644e-01
    outer loop
      vertex   2.011125e+01 3.125000e+00 -4.580939e+01
      vertex   2.011125e+01 3.242560e-16 -4.580939e+01
      vertex   2.006275e+01 3.125000e+00 -4.561037e+01
    endloop
  endfacet
  facet normal -9.715671e-01 -0.000000e+00 -2.367644e-01
    outer loop
      vertex   2.006275e+01 3.125000e+00 -4.561037e+01
      vertex   2.011125e+01 3.242560e-16 -4.580939e+01
      vertex   2.006275e+01 2.967755e-16 -4.561037e+01
    endloop
  endfacet
  facet normal -9.854595e-01 -0.000000e+00 -1.699104e-01
    outer loop
      vertex   2.006275e+01 3.125000e+00 -4.561037e+01
      vertex   2.006275e+01 2.967755e-16 -4.561037e+01
      vertex   2.002794e+01 3.125000e+00 -4.540850e+01
    endloop
  endfacet
  facet normal -9.854595e-01 -0.000000e+00 -1.699104e-01
    outer loop
      vertex   2.002794e+01 3.125000e+00 -4.540850e+01
      vertex   2.006275e+01 2.967755e-16 -4.561037e+01
      vertex   2.002794e+01 2.704994e-16 -4.540850e+01
    endloop
  endfacet
  facet normal -9.947573e-01 -0.000000e+00 -1.022641e-01
    outer loop
      vertex   2.002794e+01 3.125000e+00 -4.540850e+01
      vertex   2.002794e+01 2.704994e-16 -4.540850e+01
      vertex   2.000699e+01 3.125000e+00 -4.520473e+01
    endloop
  endfacet
  facet normal -9.947573e-01 -0.000000e+00 -1.022641e-01
    outer loop
      vertex   2.000699e+01 3.125000e+00 -4.520473e+01
      vertex   2.002794e+01 2.704994e-16 -4.540850e+01
      vertex   2.000699e+01 2.455504e-16 -4.520473e+01
    endloop
  endfacet
  facet normal -9.994170e-01 -0.000000e+00 -3.414111e-02
    outer loop
      vertex   2.000699e+01 3.125000e+00 -4.520473e+01
      vertex   2.000699e+01 2.455504e-16 -4.520473e+01
      vertex   2.000000e+01 0.000000e+00 -4.500000e+01
    endloop
  endfacet
  facet normal -1.000000e+00 -0.000000e+00 -0.000000e+00
    outer loop
      vertex   2.525000e+01 1.000000e+00 -2.560000e+01
      vertex   2.525000e+01 1.000000e+00 -4.595000e+01
      vertex   2.525000e+01 0.000000e+00 -2.560000e+01
    endloop
  endfacet
  facet normal -1.000000e+00 0.000000e+00 0.000000e+00
    outer loop
      vertex   2.525000e+01 0.000000e+00 -2.560000e+01
      vertex   2.525000e+01 1.000000e+00 -4.595000e+01
      vertex   2.525000e+01 0.000000e+00 -4.595000e+01
    endloop
  endfacet
  facet normal 1.000000e+00 -0.000000e+00 0.000000e+00
    outer loop
      vertex   3.725000e+01 0.000000e+00 -2.560000e+01
      vertex   3.725000e+01 0.000000e+00 -4.595000e+01
      vertex   3.725000e+01 1.000000e+00 -2.560000e+01
    endloop
  endfacet
  facet normal 1.000000e+00 0.000000e+00 0.000000e+00
    outer loop
      vertex   3.725000e+01 1.000000e+00 -2.560000e+01
      vertex   3.725000e+01 0.000000e+00 -4.595000e+01
      vertex   3.725000e+01 1.000000e+00 -4.595000e+01
    endloop
  endfacet
  facet normal -8.660254e-01 -5.000000e-01 1.036208e-16
    outer loop
      vertex   4.141730e+01 2.596336e+00 -2.849971e+01
      vertex   4.141679e+01 2.597209e+00 -2.852215e+01
      vertex   4.141730e+01 2.596336e+00 -4.349971e+01
    endloop
  endfacet
  facet normal -8.660254e-01 -5.000000e-01 1.039337e-16
    outer loop
      vertex   4.141730e+01 2.596336e+00 -4.349971e+01
      vertex   4.141679e+01 2.597209e+00 -2.852215e+01
      vertex   4.141679e+01 2.597209e+00 -4.347728e+01
    endloop
  endfacet
  facet normal -8.660254e-01 -5.000000e-01 1.039317e-16
    outer loop
      vertex   4.141679e+01 2.597209e+00 -4.347728e+01
      vertex   4.141679e+01 2.597209e+00 -2.852215e+01
      vertex   4.141528e+01 2.599824e+00 -2.854454e+01
    endloop
  endfacet
  facet normal -8.660254e-01 -5.000000e-01 1.042536e-16
    outer loop
      vertex   4.141679e+01 2.597209e+00 -4.347728e+01
      vertex   4.141528e+01 2.599824e+00 -2.854454e+01
      vertex   4.141528e+01 2.599824e+00 -4.345489e+01
    endloop
  endfacet
  facet normal -8.660254e-01 -5.000000e-01 1.042439e-16
    outer loop
      vertex   4.141528e+01 2.599824e+00 -4.345489e+01
      vertex   4.141528e+01 2.599824e+00 -2.854454e+01
      vertex   4.140926e+01 2.610259e+00 -2.858901e+01
    endloop
  endfacet
  facet normal -8.660254e-01 -5.000000e-01 1.198283e-16
    outer loop
      vertex   4.141528e+01 2.599824e+00 -4.345489e+01
      vertex   4.140926e+01 2.610259e+00 -2.858901e+01
      vertex   4.140926e+01 2.610259e+00 -4.341042e+01
    endloop
  endfacet
  facet normal -8.660254e-01 -5.000000e-01 1.198507e-16
    outer loop
      vertex   4.140926e+01 2.610259e+00 -4.341042e+01
      vertex   4.140926e+01 2.610259e+00 -2.858901e+01
      vertex   4.139927e+01 2.627557e+00 -2.863276e+01
    endloop
  endfacet
  facet normal -8.660254e-01 -5.000000e-01 1.356661e-16
    outer loop
      vertex   4.140926e+01 2.610259e+00 -4.341042e+01
      vertex   4.139927e+01 2.627557e+00 -2.863276e+01
      vertex   4.139927e+01 2.627557e+00 -4.336667e+01
    endloop
  endfacet
  facet normal -8.660254e-01 -5.000000e-01 1.356327e-16
    outer loop
      vertex   4.139927e+01 2.627557e+00 -4.336667e+01
      vertex   4.139927e+01 2.627557e+00 -2.863276e+01
      vertex   4.138540e+01 2.651578e+00 -2.867543e+01
    endloop
  endfacet
  facet normal -8.660254e-01 -5.000000e-01 1.212762e-16
    outer loop
      vertex   4.139927e+01 2.627557e+00 -4.336667e+01
      vertex   4.138540e+01 2.651578e+00 -2.867543e+01
      vertex   4.138540e+01 2.651578e+00 -4.332400e+01
    endloop
  endfacet
  facet normal -8.660254e-01 -5.000000e-01 1.212649e-16
    outer loop
      vertex   4.138540e+01 2.651578e+00 -4.332400e+01
      vertex   4.138540e+01 2.651578e+00 -2.867543e+01
      vertex   4.136776e+01 2.682131e+00 -2.871669e+01
    endloop
  endfacet
  facet normal -8.660254e-01 -5.000000e-01 1.219514e-16
    outer loop
      vertex   4.138540e+01 2.651578e+00 -4.332400e+01
      vertex   4.136776e+01 2.682131e+00 -2.871669e+01
      vertex   4.136776e+01 2.682131e+00 -4.328274e+01
    endloop
  endfacet
  facet normal -8.660254e-01 -5.000000e-01 1.219519e-16
    outer loop
      vertex   4.136776e+01 2.682131e+00 -4.328274e+01
      vertex   4.136776e+01 2.682131e+00 -2.871669e+01
      vertex   4.134650e+01 2.718967e+00 -2.875621e+01
    endloop
  endfacet
  facet normal -8.660254e-01 -5.000000e-01 1.073287e-16
    outer loop
      vertex   4.136776e+01 2.682131e+00 -4.328274e+01
      vertex   4.134650e+01 2.718967e+00 -2.875621e+01
      vertex   4.134650e+01 2.718967e+00 -4.324322e+01
    endloop
  endfacet
  facet normal -8.660254e-01 -5.000000e-01 1.072900e-16
    outer loop
      vertex   4.134650e+01 2.718967e+00 -4.324322e+01
      vertex   4.134650e+01 2.718967e+00 -2.875621e+01
      vertex   4.132177e+01 2.761791e+00 -2.879365e+01
    endloop
  endfacet
  facet normal -8.660254e-01 -5.000000e-01 1.232288e-16
    outer loop
      vertex   4.134650e+01 2.718967e+00 -4.324322e+01
      vertex   4.132177e+01 2.761791e+00 -2.879365e+01
      vertex   4.132177e+01 2.761791e+00 -4.320578e+01
    endloop
  endfacet
  facet normal -8.660254e-01 -5.000000e-01 1.232544e-16
    outer loop
      vertex   4.132177e+01 2.761791e+00 -4.320578e+01
      vertex   4.132177e+01 2.761791e+00 -2.879365e+01
      vertex   4.129379e+01 2.810257e+00 -2.882873e+01
    endloop
  endfacet
  facet normal -8.660254e-01 -5.000000e-01 1.237332e-16
    outer loop
      vertex   4.132177e+01 2.761791e+00 -4.320578e+01
      vertex   4.129379e+01 2.810257e+00 -2.882873e+01
      vertex   4.129379e+01 2.810257e+00 -4.317070e+01
    endloop
  endfacet
  facet normal -8.660254e-01 -5.000000e-01 1.238573e-16
    outer loop
      vertex   4.129379e+01 2.810257e+00 -4.317070e+01
      vertex   4.129379e+01 2.810257e+00 -2.882873e+01
      vertex   4.126278e+01 2.863976e+00 -2.886116e+01
    endloop
  endfacet
  facet normal -8.660254e-01 -5.000000e-01 1.246300e-16
    outer loop
      vertex   4.129379e+01 2.810257e+00 -4.317070e+01
      vertex   4.126278e+01 2.863976e+00 -2.886116e+01
      vertex   4.126278e+01 2.863976e+00 -4.313827e+01
    endloop
  endfacet
  facet normal -8.660254e-01 -5.000000e-01 1.244200e-16
    outer loop
      vertex   4.126278e+01 2.863976e+00 -4.313827e+01
      vertex   4.126278e+01 2.863976e+00 -2.886116e+01
      vertex   4.122898e+01 2.922514e+00 -2.889068e+01
    endloop
  endfacet
  facet normal -8.660254e-01 -5.000000e-01 1.407908e-16
    outer loop
      vertex   4.126278e+01 2.863976e+00 -4.313827e+01
      vertex   4.122898e+01 2.922514e+00 -2.889068e+01
      vertex   4.122898e+01 2.922514e+00 -4.310875e+01
    endloop
  endfacet
  facet normal -8.660254e-01 -5.000000e-01 1.405537e-16
    outer loop
      vertex   4.122898e+01 2.922514e+00 -4.310875e+01
      vertex   4.122898e+01 2.922514e+00 -2.889068e+01
      vertex   4.119267e+01 2.985401e+00 -2.891705e+01
    endloop
  endfacet
  facet normal -8.660254e-01 -5.000000e-01 7.547755e-16
    outer loop
      vertex   4.122898e+01 2.922514e+00 -4.310875e+01
      vertex   4.119267e+01 2.985401e+00 -2.891705e+01
      vertex   4.115415e+01 3.052129e+00 -2.894006e+01
    endloop
  endfacet
  facet normal -8.660254e-01 -5.000000e-01 -3.118535e-16
    outer loop
      vertex   4.115415e+01 3.052129e+00 -2.894006e+01
      vertex   4.111371e+01 3.122161e+00 -2.895952e+01
      vertex   4.122898e+01 2.922514e+00 -4.310875e+01
    endloop
  endfacet
  facet normal -8.660254e-01 -5.000000e-01 6.051044e-16
    outer loop
      vertex   4.122898e+01 2.922514e+00 -4.310875e+01
      vertex   4.111371e+01 3.122161e+00 -2.895952e+01
      vertex   4.107170e+01 3.194933e+00 -2.897528e+01
    endloop
  endfacet
  facet normal -8.660254e-01 -5.000000e-01 -3.168075e-16
    outer loop
      vertex   4.122898e+01 2.922514e+00 -4.310875e+01
      vertex   4.107170e+01 3.194933e+00 -2.897528e+01
      vertex   4.102844e+01 3.269860e+00 -2.898721e+01
    endloop
  endfacet
  facet normal -8.660254e-01 -5.000000e-01 -4.408089e-15
    outer loop
      vertex   4.102844e+01 3.269860e+00 -2.898721e+01
      vertex   4.098429e+01 3.346336e+00 -2.899521e+01
      vertex   4.122898e+01 2.922514e+00 -4.310875e+01
    endloop
  endfacet
  facet normal -8.660254e-01 -5.000000e-01 -8.125486e-16
    outer loop
      vertex   4.122898e+01 2.922514e+00 -4.310875e+01
      vertex   4.098429e+01 3.346336e+00 -2.899521e+01
      vertex   4.119267e+01 2.985401e+00 -4.308238e+01
    endloop
  endfacet
  facet normal -8.660254e-01 -5.000000e-01 2.963656e-15
    outer loop
      vertex   4.119267e+01 2.985401e+00 -4.308238e+01
      vertex   4.098429e+01 3.346336e+00 -2.899521e+01
      vertex   4.115415e+01 3.052129e+00 -4.305937e+01
    endloop
  endfacet
  facet normal -8.660254e-01 -5.000000e-01 6.305548e-16
    outer loop
      vertex   4.115415e+01 3.052129e+00 -4.305937e+01
      vertex   4.098429e+01 3.346336e+00 -2.899521e+01
      vertex   4.111371e+01 3.122161e+00 -4.303991e+01
    endloop
  endfacet
  facet normal -8.660254e-01 -5.000000e-01 1.473504e-15
    outer loop
      vertex   4.111371e+01 3.122161e+00 -4.303991e+01
      vertex   4.098429e+01 3.346336e+00 -2.899521e+01
      vertex   4.107170e+01 3.194933e+00 -4.302415e+01
    endloop
  endfacet
  facet normal -8.660254e-01 -5.000000e-01 1.053723e-15
    outer loop
      vertex   4.107170e+01 3.194933e+00 -4.302415e+01
      vertex   4.098429e+01 3.346336e+00 -2.899521e+01
      vertex   4.102844e+01 3.269860e+00 -4.301222e+01
    endloop
  endfacet
  facet normal -8.660254e-01 -5.000000e-01 1.269031e-16
    outer loop
      vertex   4.102844e+01 3.269860e+00 -4.301222e+01
      vertex   4.098429e+01 3.346336e+00 -2.899521e+01
      vertex   4.098429e+01 3.346336e+00 -4.300422e+01
    endloop
  endfacet
  facet normal -8.859683e-01 -4.637416e-01 -1.968238e-03
    outer loop
      vertex   4.096513e+01 3.382946e+00 -2.899743e+01
      vertex   4.094901e+01 3.421107e+00 -3.073306e+01
      vertex   4.098429e+01 3.346336e+00 -2.899521e+01
    endloop
  endfacet
  facet normal -9.043979e-01 -4.266900e-01 -2.181261e-16
    outer loop
      vertex   4.098429e+01 3.346336e+00 -2.899521e+01
      vertex   4.094901e+01 3.421107e+00 -3.073306e+01
      vertex   4.094901e+01 3.421107e+00 -3.248861e+01
    endloop
  endfacet
  facet normal -9.043979e-01 -4.266900e-01 -3.227071e-16
    outer loop
      vertex   4.098429e+01 3.346336e+00 -2.899521e+01
      vertex   4.094901e+01 3.421107e+00 -3.248861e+01
      vertex   4.094901e+01 3.421107e+00 -3.424416e+01
    endloop
  endfacet
  facet normal -9.619112e-01 -2.733621e-01 -2.074514e-16
    outer loop
      vertex   4.094901e+01 3.421107e+00 -3.424416e+01
      vertex   4.094901e+01 3.421107e+00 -3.248861e+01
      vertex   4.092684e+01 3.499104e+00 -3.424416e+01
    endloop
  endfacet
  facet normal -9.619112e-01 -2.733621e-01 1.386206e-16
    outer loop
      vertex   4.094901e+01 3.421107e+00 -3.424416e+01
      vertex   4.092684e+01 3.499104e+00 -3.424416e+01
      vertex   4.092684e+01 3.499104e+00 -3.599971e+01
    endloop
  endfacet
  facet normal -9.935385e-01 -1.134958e-01 5.742045e-17
    outer loop
      vertex   4.092684e+01 3.499104e+00 -3.599971e+01
      vertex   4.092684e+01 3.499104e+00 -3.424416e+01
      vertex   4.091755e+01 3.580454e+00 -3.599971e+01
    endloop
  endfacet
  facet normal -9.935385e-01 -1.134958e-01 2.866181e-17
    outer loop
      vertex   4.092684e+01 3.499104e+00 -3.599971e+01
      vertex   4.091755e+01 3.580454e+00 -3.599971e+01
      vertex   4.091755e+01 3.580454e+00 -3.775527e+01
    endloop
  endfacet
  facet normal -9.987517e-01 4.994970e-02 -1.263542e-17
    outer loop
      vertex   4.091755e+01 3.580454e+00 -3.775527e+01
      vertex   4.091755e+01 3.580454e+00 -3.599971e+01
      vertex   4.092163e+01 3.662001e+00 -3.775527e+01
    endloop
  endfacet
  facet normal -9.987517e-01 4.994970e-02 1.009783e-16
    outer loop
      vertex   4.091755e+01 3.580454e+00 -3.775527e+01
      vertex   4.092163e+01 3.662001e+00 -3.775527e+01
      vertex   4.092163e+01 3.662001e+00 -3.951082e+01
    endloop
  endfacet
  facet normal -9.771644e-01 2.124846e-01 4.300056e-16
    outer loop
      vertex   4.092163e+01 3.662001e+00 -3.951082e+01
      vertex   4.092163e+01 3.662001e+00 -3.775527e+01
      vertex   4.093912e+01 3.742435e+00 -3.951082e+01
    endloop
  endfacet
  facet normal -9.771644e-01 2.124846e-01 6.992661e-16
    outer loop
      vertex   4.092163e+01 3.662001e+00 -3.951082e+01
      vertex   4.093912e+01 3.742435e+00 -3.951082e+01
      vertex   4.093912e+01 3.742435e+00 -4.126637e+01
    endloop
  endfacet
  facet normal -9.292969e-01 3.693336e-01 1.214560e-15
    outer loop
      vertex   4.093912e+01 3.742435e+00 -4.126637e+01
      vertex   4.093912e+01 3.742435e+00 -3.951082e+01
      vertex   4.096929e+01 3.818337e+00 -4.126637e+01
    endloop
  endfacet
  facet normal -9.292969e-01 3.693336e-01 -9.418883e-05
    outer loop
      vertex   4.093912e+01 3.742435e+00 -4.126637e+01
      vertex   4.096929e+01 3.818337e+00 -4.126637e+01
      vertex   4.093928e+01 3.742387e+00 -4.300006e+01
    endloop
  endfacet
  facet normal -9.296193e-01 3.685214e-01 -5.303002e-05
    outer loop
      vertex   4.093928e+01 3.742387e+00 -4.300006e+01
      vertex   4.096929e+01 3.818337e+00 -4.126637e+01
      vertex   4.096977e+01 3.819323e+00 -4.300248e+01
    endloop
  endfacet
  facet normal -8.757427e-01 4.827782e-01 2.701406e-05
    outer loop
      vertex   4.096977e+01 3.819323e+00 -4.300248e+01
      vertex   4.096929e+01 3.818337e+00 -4.126637e+01
      vertex   4.098970e+01 3.855471e+00 -4.300498e+01
    endloop
  endfacet
  facet normal -8.566620e-01 5.158773e-01 9.580206e-04
    outer loop
      vertex   4.098970e+01 3.855471e+00 -4.300498e+01
      vertex   4.096929e+01 3.818337e+00 -4.126637e+01
      vertex   4.101153e+01 3.888481e+00 -4.126637e+01
    endloop
  endfacet
  facet normal -8.332543e-01 5.528900e-01 -3.852154e-05
    outer loop
      vertex   4.098970e+01 3.855471e+00 -4.300498e+01
      vertex   4.101153e+01 3.888481e+00 -4.126637e+01
      vertex   4.101238e+01 3.889646e+00 -4.300883e+01
    endloop
  endfacet
  facet normal -7.855381e-01 6.188133e-01 2.894370e-05
    outer loop
      vertex   4.101238e+01 3.889646e+00 -4.300883e+01
      vertex   4.101153e+01 3.888481e+00 -4.126637e+01
      vertex   4.103748e+01 3.921514e+00 -4.301438e+01
    endloop
  endfacet
  facet normal -7.327946e-01 6.804470e-01 1.976927e-03
    outer loop
      vertex   4.103748e+01 3.921514e+00 -4.301438e+01
      vertex   4.101153e+01 3.888481e+00 -4.126637e+01
      vertex   4.106465e+01 3.950790e+00 -4.302192e+01
    endloop
  endfacet
  facet normal -7.609793e-01 6.487761e-01 0.000000e+00
    outer loop
      vertex   4.106465e+01 3.950790e+00 -4.302192e+01
      vertex   4.101153e+01 3.888481e+00 -4.126637e+01
      vertex   4.101153e+01 3.888481e+00 -3.951082e+01
    endloop
  endfacet
  facet normal -7.609793e-01 6.487761e-01 -3.288565e-16
    outer loop
      vertex   4.106465e+01 3.950790e+00 -4.302192e+01
      vertex   4.101153e+01 3.888481e+00 -3.951082e+01
      vertex   4.101153e+01 3.888481e+00 -3.775527e+01
    endloop
  endfacet
  facet normal -8.566624e-01 5.158775e-01 -2.609957e-16
    outer loop
      vertex   4.101153e+01 3.888481e+00 -3.775527e+01
      vertex   4.101153e+01 3.888481e+00 -3.951082e+01
      vertex   4.096929e+01 3.818337e+00 -3.775527e+01
    endloop
  endfacet
  facet normal -8.566624e-01 5.158775e-01 -2.594648e-16
    outer loop
      vertex   4.101153e+01 3.888481e+00 -3.775527e+01
      vertex   4.096929e+01 3.818337e+00 -3.775527e+01
      vertex   4.096929e+01 3.818337e+00 -3.599971e+01
    endloop
  endfacet
  facet normal -9.292969e-01 3.693336e-01 -1.868553e-16
    outer loop
      vertex   4.096929e+01 3.818337e+00 -3.599971e+01
      vertex   4.096929e+01 3.818337e+00 -3.775527e+01
      vertex   4.093912e+01 3.742435e+00 -3.599971e+01
    endloop
  endfacet
  facet normal -9.292969e-01 3.693336e-01 -2.546642e-15
    outer loop
      vertex   4.096929e+01 3.818337e+00 -3.599971e+01
      vertex   4.093912e+01 3.742435e+00 -3.599971e+01
      vertex   4.093912e+01 3.742435e+00 -3.424416e+01
    endloop
  endfacet
  facet normal -9.771644e-01 2.124846e-01 -3.256221e-15
    outer loop
      vertex   4.093912e+01 3.742435e+00 -3.424416e+01
      vertex   4.093912e+01 3.742435e+00 -3.599971e+01
      vertex   4.092163e+01 3.662001e+00 -3.424416e+01
    endloop
  endfacet
  facet normal -9.771644e-01 2.124846e-01 5.372044e-16
    outer loop
      vertex   4.093912e+01 3.742435e+00 -3.424416e+01
      vertex   4.092163e+01 3.662001e+00 -3.424416e+01
      vertex   4.092163e+01 3.662001e+00 -3.248861e+01
    endloop
  endfacet
  facet normal -9.987517e-01 4.994970e-02 1.263542e-16
    outer loop
      vertex   4.092163e+01 3.662001e+00 -3.248861e+01
      vertex   4.092163e+01 3.662001e+00 -3.424416e+01
      vertex   4.091755e+01 3.580454e+00 -3.248861e+01
    endloop
  endfacet
  facet normal -9.987517e-01 4.994970e-02 -1.248046e-17
    outer loop
      vertex   4.092163e+01 3.662001e+00 -3.248861e+01
      vertex   4.091755e+01 3.580454e+00 -3.248861e+01
      vertex   4.091755e+01 3.580454e+00 -3.073306e+01
    endloop
  endfacet
  facet normal -9.935385e-01 -1.134958e-01 2.871023e-17
    outer loop
      vertex   4.091755e+01 3.580454e+00 -3.073306e+01
      vertex   4.091755e+01 3.580454e+00 -3.248861e+01
      vertex   4.092684e+01 3.499104e+00 -3.073306e+01
    endloop
  endfacet
  facet normal -9.935385e-01 -1.134958e-01 3.500085e-05
    outer loop
      vertex   4.091755e+01 3.580454e+00 -3.073306e+01
      vertex   4.092684e+01 3.499104e+00 -3.073306e+01
      vertex   4.092673e+01 3.500660e+00 -2.899978e+01
    endloop
  endfacet
  facet normal -9.626334e-01 -2.708078e-01 1.783014e-04
    outer loop
      vertex   4.092673e+01 3.500660e+00 -2.899978e+01
      vertex   4.092684e+01 3.499104e+00 -3.073306e+01
      vertex   4.094910e+01 3.421140e+00 -2.899878e+01
    endloop
  endfacet
  facet normal -9.619112e-01 -2.733621e-01 5.420661e-05
    outer loop
      vertex   4.094910e+01 3.421140e+00 -2.899878e+01
      vertex   4.092684e+01 3.499104e+00 -3.073306e+01
      vertex   4.094901e+01 3.421107e+00 -3.073306e+01
    endloop
  endfacet
  facet normal -9.220781e-01 -3.870039e-01 5.434366e-05
    outer loop
      vertex   4.094910e+01 3.421140e+00 -2.899878e+01
      vertex   4.094901e+01 3.421107e+00 -3.073306e+01
      vertex   4.096513e+01 3.382946e+00 -2.899743e+01
    endloop
  endfacet
  facet normal -9.935880e-01 -1.130614e-01 5.526230e-05
    outer loop
      vertex   4.092673e+01 3.500660e+00 -2.899978e+01
      vertex   4.091753e+01 3.581473e+00 -2.899972e+01
      vertex   4.091755e+01 3.580454e+00 -3.073306e+01
    endloop
  endfacet
  facet normal -9.987517e-01 4.994970e-02 -4.060331e-05
    outer loop
      vertex   4.091755e+01 3.580454e+00 -3.073306e+01
      vertex   4.091753e+01 3.581473e+00 -2.899972e+01
      vertex   4.092163e+01 3.662001e+00 -3.073306e+01
    endloop
  endfacet
  facet normal -9.987517e-01 4.994970e-02 8.849783e-17
    outer loop
      vertex   4.091755e+01 3.580454e+00 -3.073306e+01
      vertex   4.092163e+01 3.662001e+00 -3.073306e+01
      vertex   4.092163e+01 3.662001e+00 -3.248861e+01
    endloop
  endfacet
  facet normal -9.771644e-01 2.124846e-01 3.762549e-16
    outer loop
      vertex   4.092163e+01 3.662001e+00 -3.248861e+01
      vertex   4.092163e+01 3.662001e+00 -3.073306e+01
      vertex   4.093912e+01 3.742435e+00 -3.248861e+01
    endloop
  endfacet
  facet normal -9.771644e-01 2.124846e-01 6.452455e-16
    outer loop
      vertex   4.092163e+01 3.662001e+00 -3.248861e+01
      vertex   4.093912e+01 3.742435e+00 -3.248861e+01
      vertex   4.093912e+01 3.742435e+00 -3.424416e+01
    endloop
  endfacet
  facet normal -9.292969e-01 3.693336e-01 1.121132e-15
    outer loop
      vertex   4.093912e+01 3.742435e+00 -3.424416e+01
      vertex   4.093912e+01 3.742435e+00 -3.248861e+01
      vertex   4.096929e+01 3.818337e+00 -3.424416e+01
    endloop
  endfacet
  facet normal -9.292969e-01 3.693336e-01 -9.375999e-17
    outer loop
      vertex   4.093912e+01 3.742435e+00 -3.424416e+01
      vertex   4.096929e+01 3.818337e+00 -3.424416e+01
      vertex   4.096929e+01 3.818337e+00 -3.599971e+01
    endloop
  endfacet
  facet normal -8.566624e-01 5.158775e-01 -1.304978e-16
    outer loop
      vertex   4.096929e+01 3.818337e+00 -3.599971e+01
      vertex   4.096929e+01 3.818337e+00 -3.424416e+01
      vertex   4.101153e+01 3.888481e+00 -3.599971e+01
    endloop
  endfacet
  facet normal -8.566624e-01 5.158775e-01 -1.297324e-16
    outer loop
      vertex   4.096929e+01 3.818337e+00 -3.599971e+01
      vertex   4.101153e+01 3.888481e+00 -3.599971e+01
      vertex   4.101153e+01 3.888481e+00 -3.775527e+01
    endloop
  endfacet
  facet normal -7.609793e-01 6.487761e-01 -1.641162e-16
    outer loop
      vertex   4.101153e+01 3.888481e+00 -3.775527e+01
      vertex   4.101153e+01 3.888481e+00 -3.599971e+01
      vertex   4.106465e+01 3.950790e+00 -4.302192e+01
    endloop
  endfacet
  facet normal -9.986234e-01 5.245260e-02 7.598127e-05
    outer loop
      vertex   4.091753e+01 3.581473e+00 -2.899972e+01
      vertex   4.092176e+01 3.661984e+00 -2.899981e+01
      vertex   4.092163e+01 3.662001e+00 -3.073306e+01
    endloop
  endfacet
  facet normal -9.771644e-01 2.124846e-01 7.596174e-05
    outer loop
      vertex   4.092163e+01 3.662001e+00 -3.073306e+01
      vertex   4.092176e+01 3.661984e+00 -2.899981e+01
      vertex   4.093912e+01 3.742435e+00 -3.073306e+01
    endloop
  endfacet
  facet normal -9.771644e-01 2.124846e-01 6.452455e-16
    outer loop
      vertex   4.092163e+01 3.662001e+00 -3.073306e+01
      vertex   4.093912e+01 3.742435e+00 -3.073306e+01
      vertex   4.093912e+01 3.742435e+00 -3.248861e+01
    endloop
  endfacet
  facet normal -9.292969e-01 3.693336e-01 1.121132e-15
    outer loop
      vertex   4.093912e+01 3.742435e+00 -3.248861e+01
      vertex   4.093912e+01 3.742435e+00 -3.073306e+01
      vertex   4.096929e+01 3.818337e+00 -3.248861e+01
    endloop
  endfacet
  facet normal -9.292969e-01 3.693336e-01 0.000000e+00
    outer loop
      vertex   4.093912e+01 3.742435e+00 -3.248861e+01
      vertex   4.096929e+01 3.818337e+00 -3.248861e+01
      vertex   4.096929e+01 3.818337e+00 -3.424416e+01
    endloop
  endfacet
  facet normal -8.566624e-01 5.158775e-01 0.000000e+00
    outer loop
      vertex   4.096929e+01 3.818337e+00 -3.424416e+01
      vertex   4.096929e+01 3.818337e+00 -3.248861e+01
      vertex   4.101153e+01 3.888481e+00 -3.424416e+01
    endloop
  endfacet
  facet normal -8.566624e-01 5.158775e-01 -1.297324e-16
    outer loop
      vertex   4.096929e+01 3.818337e+00 -3.424416e+01
      vertex   4.101153e+01 3.888481e+00 -3.424416e+01
      vertex   4.101153e+01 3.888481e+00 -3.599971e+01
    endloop
  endfacet
  facet normal -7.609793e-01 6.487761e-01 -1.641162e-16
    outer loop
      vertex   4.101153e+01 3.888481e+00 -3.599971e+01
      vertex   4.101153e+01 3.888481e+00 -3.424416e+01
      vertex   4.106465e+01 3.950790e+00 -4.302192e+01
    endloop
  endfacet
  facet normal -9.770828e-01 2.128596e-01 9.418686e-05
    outer loop
      vertex   4.092176e+01 3.661984e+00 -2.899981e+01
      vertex   4.093928e+01 3.742387e+00 -2.899937e+01
      vertex   4.093912e+01 3.742435e+00 -3.073306e+01
    endloop
  endfacet
  facet normal -9.292969e-01 3.693336e-01 9.418883e-05
    outer loop
      vertex   4.093912e+01 3.742435e+00 -3.073306e+01
      vertex   4.093928e+01 3.742387e+00 -2.899937e+01
      vertex   4.096929e+01 3.818337e+00 -3.073306e+01
    endloop
  endfacet
  facet normal -9.292969e-01 3.693336e-01 -9.375999e-17
    outer loop
      vertex   4.093912e+01 3.742435e+00 -3.073306e+01
      vertex   4.096929e+01 3.818337e+00 -3.073306e+01
      vertex   4.096929e+01 3.818337e+00 -3.248861e+01
    endloop
  endfacet
  facet normal -8.566624e-01 5.158775e-01 -1.304978e-16
    outer loop
      vertex   4.096929e+01 3.818337e+00 -3.248861e+01
      vertex   4.096929e+01 3.818337e+00 -3.073306e+01
      vertex   4.101153e+01 3.888481e+00 -3.248861e+01
    endloop
  endfacet
  facet normal -8.566624e-01 5.158775e-01 0.000000e+00
    outer loop
      vertex   4.096929e+01 3.818337e+00 -3.248861e+01
      vertex   4.101153e+01 3.888481e+00 -3.248861e+01
      vertex   4.101153e+01 3.888481e+00 -3.424416e+01
    endloop
  endfacet
  facet normal -7.862827e-01 6.178669e-01 0.000000e+00
    outer loop
      vertex   4.101153e+01 3.888481e+00 -3.424416e+01
      vertex   4.101153e+01 3.888481e+00 -3.248861e+01
      vertex   4.103748e+01 3.921514e+00 -2.898505e+01
    endloop
  endfacet
  facet normal -7.728055e-01 6.346429e-01 -1.718945e-04
    outer loop
      vertex   4.101153e+01 3.888481e+00 -3.424416e+01
      vertex   4.103748e+01 3.921514e+00 -2.898505e+01
      vertex   4.106465e+01 3.950790e+00 -4.302192e+01
    endloop
  endfacet
  facet normal -7.330501e-01 6.801746e-01 -1.924110e-15
    outer loop
      vertex   4.106465e+01 3.950790e+00 -4.302192e+01
      vertex   4.103748e+01 3.921514e+00 -2.898505e+01
      vertex   4.106465e+01 3.950790e+00 -2.897751e+01
    endloop
  endfacet
  facet normal -9.296193e-01 3.685214e-01 5.303002e-05
    outer loop
      vertex   4.093928e+01 3.742387e+00 -2.899937e+01
      vertex   4.096977e+01 3.819323e+00 -2.899695e+01
      vertex   4.096929e+01 3.818337e+00 -3.073306e+01
    endloop
  endfacet
  facet normal -8.757427e-01 4.827782e-01 -2.701406e-05
    outer loop
      vertex   4.096929e+01 3.818337e+00 -3.073306e+01
      vertex   4.096977e+01 3.819323e+00 -2.899695e+01
      vertex   4.098970e+01 3.855471e+00 -2.899445e+01
    endloop
  endfacet
  facet normal -8.566620e-01 5.158773e-01 -9.580206e-04
    outer loop
      vertex   4.096929e+01 3.818337e+00 -3.073306e+01
      vertex   4.098970e+01 3.855471e+00 -2.899445e+01
      vertex   4.101153e+01 3.888481e+00 -3.073306e+01
    endloop
  endfacet
  facet normal -8.332543e-01 5.528900e-01 3.852154e-05
    outer loop
      vertex   4.101153e+01 3.888481e+00 -3.073306e+01
      vertex   4.098970e+01 3.855471e+00 -2.899445e+01
      vertex   4.101238e+01 3.889646e+00 -2.899060e+01
    endloop
  endfacet
  facet normal -7.855381e-01 6.188133e-01 -2.894370e-05
    outer loop
      vertex   4.101153e+01 3.888481e+00 -3.073306e+01
      vertex   4.101238e+01 3.889646e+00 -2.899060e+01
      vertex   4.103748e+01 3.921514e+00 -2.898505e+01
    endloop
  endfacet
  facet normal -9.770828e-01 2.128596e-01 -9.418686e-05
    outer loop
      vertex   4.093928e+01 3.742387e+00 -4.300006e+01
      vertex   4.092176e+01 3.661984e+00 -4.299962e+01
      vertex   4.093912e+01 3.742435e+00 -4.126637e+01
    endloop
  endfacet
  facet normal -9.771644e-01 2.124846e-01 -7.596174e-05
    outer loop
      vertex   4.093912e+01 3.742435e+00 -4.126637e+01
      vertex   4.092176e+01 3.661984e+00 -4.299962e+01
      vertex   4.092163e+01 3.662001e+00 -4.126637e+01
    endloop
  endfacet
  facet normal -9.771644e-01 2.124846e-01 5.372044e-16
    outer loop
      vertex   4.093912e+01 3.742435e+00 -4.126637e+01
      vertex   4.092163e+01 3.662001e+00 -4.126637e+01
      vertex   4.092163e+01 3.662001e+00 -3.951082e+01
    endloop
  endfacet
  facet normal -9.987517e-01 4.994970e-02 1.263542e-16
    outer loop
      vertex   4.092163e+01 3.662001e+00 -3.951082e+01
      vertex   4.092163e+01 3.662001e+00 -4.126637e+01
      vertex   4.091755e+01 3.580454e+00 -3.951082e+01
    endloop
  endfacet
  facet normal -9.987517e-01 4.994970e-02 -1.285866e-17
    outer loop
      vertex   4.092163e+01 3.662001e+00 -3.951082e+01
      vertex   4.091755e+01 3.580454e+00 -3.951082e+01
      vertex   4.091755e+01 3.580454e+00 -3.775527e+01
    endloop
  endfacet
  facet normal -9.935385e-01 -1.134958e-01 2.871023e-17
    outer loop
      vertex   4.091755e+01 3.580454e+00 -3.775527e+01
      vertex   4.091755e+01 3.580454e+00 -3.951082e+01
      vertex   4.092684e+01 3.499104e+00 -3.775527e+01
    endloop
  endfacet
  facet normal -9.935385e-01 -1.134958e-01 2.866181e-17
    outer loop
      vertex   4.091755e+01 3.580454e+00 -3.775527e+01
      vertex   4.092684e+01 3.499104e+00 -3.775527e+01
      vertex   4.092684e+01 3.499104e+00 -3.599971e+01
    endloop
  endfacet
  facet normal -9.619112e-01 -2.733621e-01 6.915046e-17
    outer loop
      vertex   4.092684e+01 3.499104e+00 -3.599971e+01
      vertex   4.092684e+01 3.499104e+00 -3.775527e+01
      vertex   4.094901e+01 3.421107e+00 -3.599971e+01
    endloop
  endfacet
  facet normal -9.619112e-01 -2.733621e-01 -6.854865e-17
    outer loop
      vertex   4.092684e+01 3.499104e+00 -3.599971e+01
      vertex   4.094901e+01 3.421107e+00 -3.599971e+01
      vertex   4.094901e+01 3.421107e+00 -3.424416e+01
    endloop
  endfacet
  facet normal -9.043979e-01 -4.266900e-01 -1.079367e-16
    outer loop
      vertex   4.094901e+01 3.421107e+00 -3.424416e+01
      vertex   4.094901e+01 3.421107e+00 -3.599971e+01
      vertex   4.098429e+01 3.346336e+00 -2.899521e+01
    endloop
  endfacet
  facet normal -9.986234e-01 5.245260e-02 -7.598127e-05
    outer loop
      vertex   4.092176e+01 3.661984e+00 -4.299962e+01
      vertex   4.091753e+01 3.581473e+00 -4.299970e+01
      vertex   4.092163e+01 3.662001e+00 -4.126637e+01
    endloop
  endfacet
  facet normal -9.987517e-01 4.994970e-02 4.060331e-05
    outer loop
      vertex   4.092163e+01 3.662001e+00 -4.126637e+01
      vertex   4.091753e+01 3.581473e+00 -4.299970e+01
      vertex   4.091755e+01 3.580454e+00 -4.126637e+01
    endloop
  endfacet
  facet normal -9.987517e-01 4.994970e-02 0.000000e+00
    outer loop
      vertex   4.092163e+01 3.662001e+00 -4.126637e+01
      vertex   4.091755e+01 3.580454e+00 -4.126637e+01
      vertex   4.091755e+01 3.580454e+00 -3.951082e+01
    endloop
  endfacet
  facet normal -9.935385e-01 -1.134958e-01 -0.000000e+00
    outer loop
      vertex   4.091755e+01 3.580454e+00 -3.951082e+01
      vertex   4.091755e+01 3.580454e+00 -4.126637e+01
      vertex   4.092684e+01 3.499104e+00 -3.951082e+01
    endloop
  endfacet
  facet normal -9.935385e-01 -1.134958e-01 2.866181e-17
    outer loop
      vertex   4.091755e+01 3.580454e+00 -3.951082e+01
      vertex   4.092684e+01 3.499104e+00 -3.951082e+01
      vertex   4.092684e+01 3.499104e+00 -3.775527e+01
    endloop
  endfacet
  facet normal -9.619112e-01 -2.733621e-01 6.915046e-17
    outer loop
      vertex   4.092684e+01 3.499104e+00 -3.775527e+01
      vertex   4.092684e+01 3.499104e+00 -3.951082e+01
      vertex   4.094901e+01 3.421107e+00 -3.775527e+01
    endloop
  endfacet
  facet normal -9.619112e-01 -2.733621e-01 7.579957e-15
    outer loop
      vertex   4.092684e+01 3.499104e+00 -3.775527e+01
      vertex   4.094901e+01 3.421107e+00 -3.775527e+01
      vertex   4.094901e+01 3.421107e+00 -3.599971e+01
    endloop
  endfacet
  facet normal -9.043979e-01 -4.266900e-01 6.997120e-15
    outer loop
      vertex   4.094901e+01 3.421107e+00 -3.599971e+01
      vertex   4.094901e+01 3.421107e+00 -3.775527e+01
      vertex   4.098429e+01 3.346336e+00 -2.899521e+01
    endloop
  endfacet
  facet normal -9.935880e-01 -1.130614e-01 -5.526230e-05
    outer loop
      vertex   4.091753e+01 3.581473e+00 -4.299970e+01
      vertex   4.092673e+01 3.500660e+00 -4.299964e+01
      vertex   4.091755e+01 3.580454e+00 -4.126637e+01
    endloop
  endfacet
  facet normal -9.935385e-01 -1.134958e-01 -3.500085e-05
    outer loop
      vertex   4.091755e+01 3.580454e+00 -4.126637e+01
      vertex   4.092673e+01 3.500660e+00 -4.299964e+01
      vertex   4.092684e+01 3.499104e+00 -4.126637e+01
    endloop
  endfacet
  facet normal -9.935385e-01 -1.134958e-01 0.000000e+00
    outer loop
      vertex   4.091755e+01 3.580454e+00 -4.126637e+01
      vertex   4.092684e+01 3.499104e+00 -4.126637e+01
      vertex   4.092684e+01 3.499104e+00 -3.951082e+01
    endloop
  endfacet
  facet normal -9.619112e-01 -2.733621e-01 -0.000000e+00
    outer loop
      vertex   4.092684e+01 3.499104e+00 -3.951082e+01
      vertex   4.092684e+01 3.499104e+00 -4.126637e+01
      vertex   4.094901e+01 3.421107e+00 -3.951082e+01
    endloop
  endfacet
  facet normal -9.619112e-01 -2.733621e-01 -7.007195e-17
    outer loop
      vertex   4.092684e+01 3.499104e+00 -3.951082e+01
      vertex   4.094901e+01 3.421107e+00 -3.951082e+01
      vertex   4.094901e+01 3.421107e+00 -3.775527e+01
    endloop
  endfacet
  facet normal -9.211945e-01 -3.891023e-01 -9.842843e-17
    outer loop
      vertex   4.094901e+01 3.421107e+00 -3.775527e+01
      vertex   4.094901e+01 3.421107e+00 -3.951082e+01
      vertex   4.096513e+01 3.382946e+00 -4.300200e+01
    endloop
  endfacet
  facet normal -9.122408e-01 -4.096544e-01 1.769892e-04
    outer loop
      vertex   4.094901e+01 3.421107e+00 -3.775527e+01
      vertex   4.096513e+01 3.382946e+00 -4.300200e+01
      vertex   4.098429e+01 3.346336e+00 -2.899521e+01
    endloop
  endfacet
  facet normal -8.860191e-01 -4.636488e-01 1.175823e-16
    outer loop
      vertex   4.098429e+01 3.346336e+00 -2.899521e+01
      vertex   4.096513e+01 3.382946e+00 -4.300200e+01
      vertex   4.098429e+01 3.346336e+00 -4.300422e+01
    endloop
  endfacet
  facet normal -9.626334e-01 -2.708078e-01 -1.783014e-04
    outer loop
      vertex   4.092673e+01 3.500660e+00 -4.299964e+01
      vertex   4.094910e+01 3.421140e+00 -4.300065e+01
      vertex   4.092684e+01 3.499104e+00 -4.126637e+01
    endloop
  endfacet
  facet normal -9.619112e-01 -2.733621e-01 -5.420661e-05
    outer loop
      vertex   4.092684e+01 3.499104e+00 -4.126637e+01
      vertex   4.094910e+01 3.421140e+00 -4.300065e+01
      vertex   4.094901e+01 3.421107e+00 -4.126637e+01
    endloop
  endfacet
  facet normal -9.619112e-01 -2.733621e-01 -2.071693e-16
    outer loop
      vertex   4.092684e+01 3.499104e+00 -4.126637e+01
      vertex   4.094901e+01 3.421107e+00 -4.126637e+01
      vertex   4.094901e+01 3.421107e+00 -3.951082e+01
    endloop
  endfacet
  facet normal -9.211945e-01 -3.891023e-01 -2.952853e-16
    outer loop
      vertex   4.094901e+01 3.421107e+00 -3.951082e+01
      vertex   4.094901e+01 3.421107e+00 -4.126637e+01
      vertex   4.096513e+01 3.382946e+00 -4.300200e+01
    endloop
  endfacet
  facet normal -9.220781e-01 -3.870039e-01 -5.434366e-05
    outer loop
      vertex   4.094910e+01 3.421140e+00 -4.300065e+01
      vertex   4.096513e+01 3.382946e+00 -4.300200e+01
      vertex   4.094901e+01 3.421107e+00 -4.126637e+01
    endloop
  endfacet
  facet normal -9.619112e-01 -2.733621e-01 -1.383009e-16
    outer loop
      vertex   4.094901e+01 3.421107e+00 -3.248861e+01
      vertex   4.094901e+01 3.421107e+00 -3.073306e+01
      vertex   4.092684e+01 3.499104e+00 -3.248861e+01
    endloop
  endfacet
  facet normal -9.619112e-01 -2.733621e-01 6.915046e-17
    outer loop
      vertex   4.092684e+01 3.499104e+00 -3.248861e+01
      vertex   4.094901e+01 3.421107e+00 -3.073306e+01
      vertex   4.092684e+01 3.499104e+00 -3.073306e+01
    endloop
  endfacet
  facet normal -9.935385e-01 -1.134958e-01 2.871023e-17
    outer loop
      vertex   4.092684e+01 3.499104e+00 -3.248861e+01
      vertex   4.092684e+01 3.499104e+00 -3.073306e+01
      vertex   4.091755e+01 3.580454e+00 -3.248861e+01
    endloop
  endfacet
  facet normal -9.619112e-01 -2.733621e-01 0.000000e+00
    outer loop
      vertex   4.094901e+01 3.421107e+00 -3.248861e+01
      vertex   4.092684e+01 3.499104e+00 -3.248861e+01
      vertex   4.092684e+01 3.499104e+00 -3.424416e+01
    endloop
  endfacet
  facet normal -9.935385e-01 -1.134958e-01 0.000000e+00
    outer loop
      vertex   4.092684e+01 3.499104e+00 -3.424416e+01
      vertex   4.092684e+01 3.499104e+00 -3.248861e+01
      vertex   4.091755e+01 3.580454e+00 -3.424416e+01
    endloop
  endfacet
  facet normal -9.935385e-01 -1.134958e-01 5.732362e-17
    outer loop
      vertex   4.092684e+01 3.499104e+00 -3.424416e+01
      vertex   4.091755e+01 3.580454e+00 -3.424416e+01
      vertex   4.091755e+01 3.580454e+00 -3.599971e+01
    endloop
  endfacet
  facet normal -9.987517e-01 4.994970e-02 -2.527084e-17
    outer loop
      vertex   4.091755e+01 3.580454e+00 -3.599971e+01
      vertex   4.091755e+01 3.580454e+00 -3.424416e+01
      vertex   4.092163e+01 3.662001e+00 -3.599971e+01
    endloop
  endfacet
  facet normal -9.987517e-01 4.994970e-02 1.013565e-16
    outer loop
      vertex   4.091755e+01 3.580454e+00 -3.599971e+01
      vertex   4.092163e+01 3.662001e+00 -3.599971e+01
      vertex   4.092163e+01 3.662001e+00 -3.775527e+01
    endloop
  endfacet
  facet normal -9.771644e-01 2.124846e-01 4.300056e-16
    outer loop
      vertex   4.092163e+01 3.662001e+00 -3.775527e+01
      vertex   4.092163e+01 3.662001e+00 -3.599971e+01
      vertex   4.093912e+01 3.742435e+00 -3.775527e+01
    endloop
  endfacet
  facet normal -9.771644e-01 2.124846e-01 6.452455e-16
    outer loop
      vertex   4.092163e+01 3.662001e+00 -3.775527e+01
      vertex   4.093912e+01 3.742435e+00 -3.775527e+01
      vertex   4.093912e+01 3.742435e+00 -3.951082e+01
    endloop
  endfacet
  facet normal -9.292969e-01 3.693336e-01 1.121132e-15
    outer loop
      vertex   4.093912e+01 3.742435e+00 -3.951082e+01
      vertex   4.093912e+01 3.742435e+00 -3.775527e+01
      vertex   4.096929e+01 3.818337e+00 -3.951082e+01
    endloop
  endfacet
  facet normal -9.292969e-01 3.693336e-01 0.000000e+00
    outer loop
      vertex   4.093912e+01 3.742435e+00 -3.951082e+01
      vertex   4.096929e+01 3.818337e+00 -3.951082e+01
      vertex   4.096929e+01 3.818337e+00 -4.126637e+01
    endloop
  endfacet
  facet normal -8.566624e-01 5.158775e-01 0.000000e+00
    outer loop
      vertex   4.096929e+01 3.818337e+00 -4.126637e+01
      vertex   4.096929e+01 3.818337e+00 -3.951082e+01
      vertex   4.101153e+01 3.888481e+00 -4.126637e+01
    endloop
  endfacet
  facet normal -9.935385e-01 -1.134958e-01 0.000000e+00
    outer loop
      vertex   4.091755e+01 3.580454e+00 -3.424416e+01
      vertex   4.092684e+01 3.499104e+00 -3.248861e+01
      vertex   4.091755e+01 3.580454e+00 -3.248861e+01
    endloop
  endfacet
  facet normal -9.987517e-01 4.994970e-02 1.010833e-16
    outer loop
      vertex   4.092163e+01 3.662001e+00 -3.599971e+01
      vertex   4.091755e+01 3.580454e+00 -3.424416e+01
      vertex   4.092163e+01 3.662001e+00 -3.424416e+01
    endloop
  endfacet
  facet normal -9.987517e-01 4.994970e-02 0.000000e+00
    outer loop
      vertex   4.092163e+01 3.662001e+00 -3.424416e+01
      vertex   4.091755e+01 3.580454e+00 -3.424416e+01
      vertex   4.091755e+01 3.580454e+00 -3.248861e+01
    endloop
  endfacet
  facet normal -9.771644e-01 2.124846e-01 5.912578e-16
    outer loop
      vertex   4.093912e+01 3.742435e+00 -3.775527e+01
      vertex   4.092163e+01 3.662001e+00 -3.599971e+01
      vertex   4.093912e+01 3.742435e+00 -3.599971e+01
    endloop
  endfacet
  facet normal -9.771644e-01 2.124846e-01 4.291633e-16
    outer loop
      vertex   4.093912e+01 3.742435e+00 -3.599971e+01
      vertex   4.092163e+01 3.662001e+00 -3.599971e+01
      vertex   4.092163e+01 3.662001e+00 -3.424416e+01
    endloop
  endfacet
  facet normal -9.292969e-01 3.693336e-01 -9.342767e-17
    outer loop
      vertex   4.096929e+01 3.818337e+00 -3.951082e+01
      vertex   4.093912e+01 3.742435e+00 -3.775527e+01
      vertex   4.096929e+01 3.818337e+00 -3.775527e+01
    endloop
  endfacet
  facet normal -9.292969e-01 3.693336e-01 1.028335e-15
    outer loop
      vertex   4.096929e+01 3.818337e+00 -3.775527e+01
      vertex   4.093912e+01 3.742435e+00 -3.775527e+01
      vertex   4.093912e+01 3.742435e+00 -3.599971e+01
    endloop
  endfacet
  facet normal -8.566624e-01 5.158775e-01 0.000000e+00
    outer loop
      vertex   4.101153e+01 3.888481e+00 -4.126637e+01
      vertex   4.096929e+01 3.818337e+00 -3.951082e+01
      vertex   4.101153e+01 3.888481e+00 -3.951082e+01
    endloop
  endfacet
  facet normal -8.566624e-01 5.158775e-01 -1.297324e-16
    outer loop
      vertex   4.101153e+01 3.888481e+00 -3.951082e+01
      vertex   4.096929e+01 3.818337e+00 -3.951082e+01
      vertex   4.096929e+01 3.818337e+00 -3.775527e+01
    endloop
  endfacet
  facet normal -7.862827e-01 6.178669e-01 -1.572913e-16
    outer loop
      vertex   4.103748e+01 3.921514e+00 -2.898505e+01
      vertex   4.101153e+01 3.888481e+00 -3.248861e+01
      vertex   4.101153e+01 3.888481e+00 -3.073306e+01
    endloop
  endfacet
  facet normal -8.566624e-01 5.158775e-01 -1.304978e-16
    outer loop
      vertex   4.101153e+01 3.888481e+00 -3.073306e+01
      vertex   4.101153e+01 3.888481e+00 -3.248861e+01
      vertex   4.096929e+01 3.818337e+00 -3.073306e+01
    endloop
  endfacet
  facet normal -7.395672e-01 6.730828e-01 -1.947033e-15
    outer loop
      vertex   4.106465e+01 3.950790e+00 -4.302192e+01
      vertex   4.106465e+01 3.950790e+00 -2.897751e+01
      vertex   4.112532e+01 4.017461e+00 -4.304516e+01
    endloop
  endfacet
  facet normal -7.556109e-01 6.550207e-01 -1.548043e-04
    outer loop
      vertex   4.112532e+01 4.017461e+00 -4.304516e+01
      vertex   4.106465e+01 3.950790e+00 -2.897751e+01
      vertex   4.113860e+01 4.033875e+00 -3.840822e+01
    endloop
  endfacet
  facet normal -7.774448e-01 6.289512e-01 -2.318768e-16
    outer loop
      vertex   4.112532e+01 4.017461e+00 -4.304516e+01
      vertex   4.113860e+01 4.033875e+00 -3.840822e+01
      vertex   4.113860e+01 4.033875e+00 -4.081673e+01
    endloop
  endfacet
  facet normal -8.218688e-01 5.696768e-01 -2.100781e-16
    outer loop
      vertex   4.113860e+01 4.033875e+00 -4.081673e+01
      vertex   4.113860e+01 4.033875e+00 -3.840822e+01
      vertex   4.120197e+01 4.125294e+00 -4.081673e+01
    endloop
  endfacet
  facet normal -8.218686e-01 5.696767e-01 -6.643479e-04
    outer loop
      vertex   4.113860e+01 4.033875e+00 -4.081673e+01
      vertex   4.120197e+01 4.125294e+00 -4.081673e+01
      vertex   4.117920e+01 4.089817e+00 -4.307407e+01
    endloop
  endfacet
  facet normal -8.562560e-01 5.165514e-01 5.173886e-04
    outer loop
      vertex   4.117920e+01 4.089817e+00 -4.307407e+01
      vertex   4.120197e+01 4.125294e+00 -4.081673e+01
      vertex   4.122579e+01 4.167071e+00 -4.310641e+01
    endloop
  endfacet
  facet normal -8.847260e-01 4.661110e-01 -6.990981e-04
    outer loop
      vertex   4.122579e+01 4.167071e+00 -4.310641e+01
      vertex   4.120197e+01 4.125294e+00 -4.081673e+01
      vertex   4.125382e+01 4.223705e+00 -4.081673e+01
    endloop
  endfacet
  facet normal -9.026979e-01 4.302747e-01 4.072878e-04
    outer loop
      vertex   4.122579e+01 4.167071e+00 -4.310641e+01
      vertex   4.125382e+01 4.223705e+00 -4.081673e+01
      vertex   4.126453e+01 4.248381e+00 -4.313995e+01
    endloop
  endfacet
  facet normal -9.345984e-01 3.557043e-01 -5.318751e-04
    outer loop
      vertex   4.126453e+01 4.248381e+00 -4.313995e+01
      vertex   4.125382e+01 4.223705e+00 -4.081673e+01
      vertex   4.129338e+01 4.327663e+00 -4.081673e+01
    endloop
  endfacet
  facet normal -9.406547e-01 3.393650e-01 1.009300e-04
    outer loop
      vertex   4.126453e+01 4.248381e+00 -4.313995e+01
      vertex   4.129338e+01 4.327663e+00 -4.081673e+01
      vertex   4.129505e+01 4.332985e+00 -4.317208e+01
    endloop
  endfacet
  facet normal -9.693936e-01 2.455119e-01 -1.314772e-04
    outer loop
      vertex   4.129505e+01 4.332985e+00 -4.317208e+01
      vertex   4.129338e+01 4.327663e+00 -4.081673e+01
      vertex   4.131719e+01 4.420378e+00 -4.319930e+01
    endloop
  endfacet
  facet normal -9.707538e-01 2.400769e-01 -3.565640e-04
    outer loop
      vertex   4.131719e+01 4.420378e+00 -4.319930e+01
      vertex   4.129338e+01 4.327663e+00 -4.081673e+01
      vertex   4.132009e+01 4.435643e+00 -4.081673e+01
    endloop
  endfacet
  facet normal -9.888888e-01 1.486571e-01 2.512364e-04
    outer loop
      vertex   4.131719e+01 4.420378e+00 -4.319930e+01
      vertex   4.132009e+01 4.435643e+00 -4.081673e+01
      vertex   4.133067e+01 4.510096e+00 -4.321818e+01
    endloop
  endfacet
  facet normal -9.926613e-01 1.209258e-01 -6.251526e-04
    outer loop
      vertex   4.133067e+01 4.510096e+00 -4.321818e+01
      vertex   4.132009e+01 4.435643e+00 -4.081673e+01
      vertex   4.133354e+01 4.546060e+00 -4.081673e+01
    endloop
  endfacet
  facet normal -9.972127e-01 7.461107e-02 7.388668e-05
    outer loop
      vertex   4.133067e+01 4.510096e+00 -4.321818e+01
      vertex   4.133354e+01 4.546060e+00 -4.081673e+01
      vertex   4.133408e+01 4.555682e+00 -4.322340e+01
    endloop
  endfacet
  facet normal -9.996907e-01 2.486812e-02 -1.255592e-04
    outer loop
      vertex   4.133408e+01 4.555682e+00 -4.322340e+01
      vertex   4.133354e+01 4.546060e+00 -4.081673e+01
      vertex   4.133522e+01 4.601676e+00 -4.322524e+01
    endloop
  endfacet
  facet normal -9.999998e-01 0.000000e+00 -7.000226e-04
    outer loop
      vertex   4.133522e+01 4.601676e+00 -4.322524e+01
      vertex   4.133354e+01 4.546060e+00 -4.081673e+01
      vertex   4.133354e+01 4.657293e+00 -4.081673e+01
    endloop
  endfacet
  facet normal -9.996907e-01 -2.486812e-02 -1.255592e-04
    outer loop
      vertex   4.133522e+01 4.601676e+00 -4.322524e+01
      vertex   4.133354e+01 4.657293e+00 -4.081673e+01
      vertex   4.133408e+01 4.647670e+00 -4.322340e+01
    endloop
  endfacet
  facet normal -9.972127e-01 -7.461107e-02 7.388668e-05
    outer loop
      vertex   4.133408e+01 4.647670e+00 -4.322340e+01
      vertex   4.133354e+01 4.657293e+00 -4.081673e+01
      vertex   4.133067e+01 4.693257e+00 -4.321818e+01
    endloop
  endfacet
  facet normal -9.926613e-01 -1.209258e-01 -6.251526e-04
    outer loop
      vertex   4.133067e+01 4.693257e+00 -4.321818e+01
      vertex   4.133354e+01 4.657293e+00 -4.081673e+01
      vertex   4.132009e+01 4.767710e+00 -4.081673e+01
    endloop
  endfacet
  facet normal -9.888888e-01 -1.486571e-01 2.512364e-04
    outer loop
      vertex   4.133067e+01 4.693257e+00 -4.321818e+01
      vertex   4.132009e+01 4.767710e+00 -4.081673e+01
      vertex   4.131719e+01 4.782975e+00 -4.319930e+01
    endloop
  endfacet
  facet normal -9.707538e-01 -2.400769e-01 -3.565640e-04
    outer loop
      vertex   4.131719e+01 4.782975e+00 -4.319930e+01
      vertex   4.132009e+01 4.767710e+00 -4.081673e+01
      vertex   4.129338e+01 4.875690e+00 -4.081673e+01
    endloop
  endfacet
  facet normal -9.693936e-01 -2.455119e-01 -1.314772e-04
    outer loop
      vertex   4.131719e+01 4.782975e+00 -4.319930e+01
      vertex   4.129338e+01 4.875690e+00 -4.081673e+01
      vertex   4.129505e+01 4.870368e+00 -4.317208e+01
    endloop
  endfacet
  facet normal -9.406547e-01 -3.393650e-01 1.009300e-04
    outer loop
      vertex   4.129505e+01 4.870368e+00 -4.317208e+01
      vertex   4.129338e+01 4.875690e+00 -4.081673e+01
      vertex   4.126453e+01 4.954972e+00 -4.313995e+01
    endloop
  endfacet
  facet normal -9.345984e-01 -3.557043e-01 -5.318751e-04
    outer loop
      vertex   4.126453e+01 4.954972e+00 -4.313995e+01
      vertex   4.129338e+01 4.875690e+00 -4.081673e+01
      vertex   4.125382e+01 4.979648e+00 -4.081673e+01
    endloop
  endfacet
  facet normal -9.026979e-01 -4.302747e-01 4.072878e-04
    outer loop
      vertex   4.126453e+01 4.954972e+00 -4.313995e+01
      vertex   4.125382e+01 4.979648e+00 -4.081673e+01
      vertex   4.122579e+01 5.036282e+00 -4.310641e+01
    endloop
  endfacet
  facet normal -8.847260e-01 -4.661110e-01 -6.990981e-04
    outer loop
      vertex   4.122579e+01 5.036282e+00 -4.310641e+01
      vertex   4.125382e+01 4.979648e+00 -4.081673e+01
      vertex   4.120197e+01 5.078059e+00 -4.081673e+01
    endloop
  endfacet
  facet normal -8.562560e-01 -5.165514e-01 5.173886e-04
    outer loop
      vertex   4.122579e+01 5.036282e+00 -4.310641e+01
      vertex   4.120197e+01 5.078059e+00 -4.081673e+01
      vertex   4.117920e+01 5.113535e+00 -4.307407e+01
    endloop
  endfacet
  facet normal -8.218686e-01 -5.696767e-01 -6.643479e-04
    outer loop
      vertex   4.117920e+01 5.113535e+00 -4.307407e+01
      vertex   4.120197e+01 5.078059e+00 -4.081673e+01
      vertex   4.113860e+01 5.169478e+00 -4.081673e+01
    endloop
  endfacet
  facet normal -8.019837e-01 -5.973457e-01 3.790119e-04
    outer loop
      vertex   4.117920e+01 5.113535e+00 -4.307407e+01
      vertex   4.113860e+01 5.169478e+00 -4.081673e+01
      vertex   4.112532e+01 5.185891e+00 -4.304516e+01
    endloop
  endfacet
  facet normal -7.396624e-01 -6.729779e-01 -5.494151e-04
    outer loop
      vertex   4.112532e+01 5.185891e+00 -4.304516e+01
      vertex   4.113860e+01 5.169478e+00 -4.081673e+01
      vertex   4.106465e+01 5.252563e+00 -4.302192e+01
    endloop
  endfacet
  facet normal -7.469488e-01 -6.648816e-01 2.460548e-16
    outer loop
      vertex   4.106465e+01 5.252563e+00 -4.302192e+01
      vertex   4.113860e+01 5.169478e+00 -4.081673e+01
      vertex   4.113860e+01 5.169478e+00 -3.840822e+01
    endloop
  endfacet
  facet normal -7.469488e-01 -6.648816e-01 0.000000e+00
    outer loop
      vertex   4.106465e+01 5.252563e+00 -4.302192e+01
      vertex   4.113860e+01 5.169478e+00 -3.840822e+01
      vertex   4.113860e+01 5.169478e+00 -3.599971e+01
    endloop
  endfacet
  facet normal -8.218688e-01 -5.696768e-01 -0.000000e+00
    outer loop
      vertex   4.113860e+01 5.169478e+00 -3.599971e+01
      vertex   4.113860e+01 5.169478e+00 -3.840822e+01
      vertex   4.120197e+01 5.078059e+00 -3.599971e+01
    endloop
  endfacet
  facet normal -8.218688e-01 -5.696768e-01 2.104416e-16
    outer loop
      vertex   4.113860e+01 5.169478e+00 -3.599971e+01
      vertex   4.120197e+01 5.078059e+00 -3.599971e+01
      vertex   4.120197e+01 5.078059e+00 -3.359121e+01
    endloop
  endfacet
  facet normal -8.847262e-01 -4.661111e-01 1.718864e-16
    outer loop
      vertex   4.120197e+01 5.078059e+00 -3.359121e+01
      vertex   4.120197e+01 5.078059e+00 -3.599971e+01
      vertex   4.125382e+01 4.979648e+00 -3.359121e+01
    endloop
  endfacet
  facet normal -8.847262e-01 -4.661111e-01 1.715908e-16
    outer loop
      vertex   4.120197e+01 5.078059e+00 -3.359121e+01
      vertex   4.125382e+01 4.979648e+00 -3.359121e+01
      vertex   4.125382e+01 4.979648e+00 -3.118270e+01
    endloop
  endfacet
  facet normal -9.345985e-01 -3.557043e-01 1.311720e-16
    outer loop
      vertex   4.125382e+01 4.979648e+00 -3.118270e+01
      vertex   4.125382e+01 4.979648e+00 -3.359121e+01
      vertex   4.129338e+01 4.875690e+00 -3.118270e+01
    endloop
  endfacet
  facet normal -9.345984e-01 -3.557043e-01 5.318751e-04
    outer loop
      vertex   4.125382e+01 4.979648e+00 -3.118270e+01
      vertex   4.129338e+01 4.875690e+00 -3.118270e+01
      vertex   4.126453e+01 4.954972e+00 -2.885948e+01
    endloop
  endfacet
  facet normal -9.406547e-01 -3.393650e-01 -1.009300e-04
    outer loop
      vertex   4.126453e+01 4.954972e+00 -2.885948e+01
      vertex   4.129338e+01 4.875690e+00 -3.118270e+01
      vertex   4.129505e+01 4.870368e+00 -2.882735e+01
    endloop
  endfacet
  facet normal -9.693936e-01 -2.455119e-01 1.314772e-04
    outer loop
      vertex   4.129505e+01 4.870368e+00 -2.882735e+01
      vertex   4.129338e+01 4.875690e+00 -3.118270e+01
      vertex   4.131719e+01 4.782975e+00 -2.880013e+01
    endloop
  endfacet
  facet normal -9.707538e-01 -2.400769e-01 3.565640e-04
    outer loop
      vertex   4.131719e+01 4.782975e+00 -2.880013e+01
      vertex   4.129338e+01 4.875690e+00 -3.118270e+01
      vertex   4.132009e+01 4.767710e+00 -3.118270e+01
    endloop
  endfacet
  facet normal -9.888888e-01 -1.486571e-01 -2.512364e-04
    outer loop
      vertex   4.131719e+01 4.782975e+00 -2.880013e+01
      vertex   4.132009e+01 4.767710e+00 -3.118270e+01
      vertex   4.133067e+01 4.693257e+00 -2.878125e+01
    endloop
  endfacet
  facet normal -9.926613e-01 -1.209258e-01 6.251526e-04
    outer loop
      vertex   4.133067e+01 4.693257e+00 -2.878125e+01
      vertex   4.132009e+01 4.767710e+00 -3.118270e+01
      vertex   4.133354e+01 4.657293e+00 -3.118270e+01
    endloop
  endfacet
  facet normal -9.972127e-01 -7.461107e-02 -7.388668e-05
    outer loop
      vertex   4.133067e+01 4.693257e+00 -2.878125e+01
      vertex   4.133354e+01 4.657293e+00 -3.118270e+01
      vertex   4.133408e+01 4.647670e+00 -2.877603e+01
    endloop
  endfacet
  facet normal -9.996907e-01 -2.486812e-02 1.255592e-04
    outer loop
      vertex   4.133408e+01 4.647670e+00 -2.877603e+01
      vertex   4.133354e+01 4.657293e+00 -3.118270e+01
      vertex   4.133522e+01 4.601676e+00 -2.877419e+01
    endloop
  endfacet
  facet normal -9.999998e-01 0.000000e+00 7.000226e-04
    outer loop
      vertex   4.133522e+01 4.601676e+00 -2.877419e+01
      vertex   4.133354e+01 4.657293e+00 -3.118270e+01
      vertex   4.133354e+01 4.546060e+00 -3.118270e+01
    endloop
  endfacet
  facet normal -9.996907e-01 2.486812e-02 1.255592e-04
    outer loop
      vertex   4.133522e+01 4.601676e+00 -2.877419e+01
      vertex   4.133354e+01 4.546060e+00 -3.118270e+01
      vertex   4.133408e+01 4.555682e+00 -2.877603e+01
    endloop
  endfacet
  facet normal -9.972127e-01 7.461107e-02 -7.388668e-05
    outer loop
      vertex   4.133408e+01 4.555682e+00 -2.877603e+01
      vertex   4.133354e+01 4.546060e+00 -3.118270e+01
      vertex   4.133067e+01 4.510096e+00 -2.878125e+01
    endloop
  endfacet
  facet normal -9.926613e-01 1.209258e-01 6.251526e-04
    outer loop
      vertex   4.133067e+01 4.510096e+00 -2.878125e+01
      vertex   4.133354e+01 4.546060e+00 -3.118270e+01
      vertex   4.132009e+01 4.435643e+00 -3.118270e+01
    endloop
  endfacet
  facet normal -9.888888e-01 1.486571e-01 -2.512364e-04
    outer loop
      vertex   4.133067e+01 4.510096e+00 -2.878125e+01
      vertex   4.132009e+01 4.435643e+00 -3.118270e+01
      vertex   4.131719e+01 4.420378e+00 -2.880013e+01
    endloop
  endfacet
  facet normal -9.707538e-01 2.400769e-01 3.565640e-04
    outer loop
      vertex   4.131719e+01 4.420378e+00 -2.880013e+01
      vertex   4.132009e+01 4.435643e+00 -3.118270e+01
      vertex   4.129338e+01 4.327663e+00 -3.118270e+01
    endloop
  endfacet
  facet normal -9.693936e-01 2.455119e-01 1.314772e-04
    outer loop
      vertex   4.131719e+01 4.420378e+00 -2.880013e+01
      vertex   4.129338e+01 4.327663e+00 -3.118270e+01
      vertex   4.129505e+01 4.332985e+00 -2.882735e+01
    endloop
  endfacet
  facet normal -9.406547e-01 3.393650e-01 -1.009300e-04
    outer loop
      vertex   4.129505e+01 4.332985e+00 -2.882735e+01
      vertex   4.129338e+01 4.327663e+00 -3.118270e+01
      vertex   4.126453e+01 4.248381e+00 -2.885948e+01
    endloop
  endfacet
  facet normal -9.345984e-01 3.557043e-01 5.318751e-04
    outer loop
      vertex   4.126453e+01 4.248381e+00 -2.885948e+01
      vertex   4.129338e+01 4.327663e+00 -3.118270e+01
      vertex   4.125382e+01 4.223705e+00 -3.118270e+01
    endloop
  endfacet
  facet normal -9.026979e-01 4.302747e-01 -4.072878e-04
    outer loop
      vertex   4.126453e+01 4.248381e+00 -2.885948e+01
      vertex   4.125382e+01 4.223705e+00 -3.118270e+01
      vertex   4.122579e+01 4.167071e+00 -2.889302e+01
    endloop
  endfacet
  facet normal -8.847260e-01 4.661110e-01 6.990981e-04
    outer loop
      vertex   4.122579e+01 4.167071e+00 -2.889302e+01
      vertex   4.125382e+01 4.223705e+00 -3.118270e+01
      vertex   4.120197e+01 4.125294e+00 -3.118270e+01
    endloop
  endfacet
  facet normal -8.562560e-01 5.165514e-01 -5.173886e-04
    outer loop
      vertex   4.122579e+01 4.167071e+00 -2.889302e+01
      vertex   4.120197e+01 4.125294e+00 -3.118270e+01
      vertex   4.117920e+01 4.089817e+00 -2.892536e+01
    endloop
  endfacet
  facet normal -8.218686e-01 5.696767e-01 6.643479e-04
    outer loop
      vertex   4.117920e+01 4.089817e+00 -2.892536e+01
      vertex   4.120197e+01 4.125294e+00 -3.118270e+01
      vertex   4.113860e+01 4.033875e+00 -3.118270e+01
    endloop
  endfacet
  facet normal -8.019837e-01 5.973457e-01 -3.790119e-04
    outer loop
      vertex   4.117920e+01 4.089817e+00 -2.892536e+01
      vertex   4.113860e+01 4.033875e+00 -3.118270e+01
      vertex   4.112532e+01 4.017461e+00 -2.895427e+01
    endloop
  endfacet
  facet normal -7.396624e-01 6.729779e-01 5.494151e-04
    outer loop
      vertex   4.112532e+01 4.017461e+00 -2.895427e+01
      vertex   4.113860e+01 4.033875e+00 -3.118270e+01
      vertex   4.106465e+01 3.950790e+00 -2.897751e+01
    endloop
  endfacet
  facet normal -7.469488e-01 6.648816e-01 -2.460548e-16
    outer loop
      vertex   4.106465e+01 3.950790e+00 -2.897751e+01
      vertex   4.113860e+01 4.033875e+00 -3.118270e+01
      vertex   4.113860e+01 4.033875e+00 -3.359121e+01
    endloop
  endfacet
  facet normal -7.469488e-01 6.648816e-01 -2.428172e-16
    outer loop
      vertex   4.106465e+01 3.950790e+00 -2.897751e+01
      vertex   4.113860e+01 4.033875e+00 -3.359121e+01
      vertex   4.113860e+01 4.033875e+00 -3.599971e+01
    endloop
  endfacet
  facet normal -8.218688e-01 5.696768e-01 -2.100781e-16
    outer loop
      vertex   4.113860e+01 4.033875e+00 -3.599971e+01
      vertex   4.113860e+01 4.033875e+00 -3.359121e+01
      vertex   4.120197e+01 4.125294e+00 -3.599971e+01
    endloop
  endfacet
  facet normal -8.218688e-01 5.696768e-01 0.000000e+00
    outer loop
      vertex   4.113860e+01 4.033875e+00 -3.599971e+01
      vertex   4.120197e+01 4.125294e+00 -3.599971e+01
      vertex   4.120197e+01 4.125294e+00 -3.840822e+01
    endloop
  endfacet
  facet normal -8.847262e-01 4.661111e-01 0.000000e+00
    outer loop
      vertex   4.120197e+01 4.125294e+00 -3.840822e+01
      vertex   4.120197e+01 4.125294e+00 -3.599971e+01
      vertex   4.125382e+01 4.223705e+00 -3.840822e+01
    endloop
  endfacet
  facet normal -8.847262e-01 4.661111e-01 -1.715908e-16
    outer loop
      vertex   4.120197e+01 4.125294e+00 -3.840822e+01
      vertex   4.125382e+01 4.223705e+00 -3.840822e+01
      vertex   4.125382e+01 4.223705e+00 -4.081673e+01
    endloop
  endfacet
  facet normal -9.345985e-01 3.557043e-01 -1.311720e-16
    outer loop
      vertex   4.125382e+01 4.223705e+00 -4.081673e+01
      vertex   4.125382e+01 4.223705e+00 -3.840822e+01
      vertex   4.129338e+01 4.327663e+00 -4.081673e+01
    endloop
  endfacet
  facet normal -9.026979e-01 -4.302747e-01 -4.072878e-04
    outer loop
      vertex   4.126453e+01 4.954972e+00 -2.885948e+01
      vertex   4.122579e+01 5.036282e+00 -2.889302e+01
      vertex   4.125382e+01 4.979648e+00 -3.118270e+01
    endloop
  endfacet
  facet normal -8.847260e-01 -4.661110e-01 6.990981e-04
    outer loop
      vertex   4.125382e+01 4.979648e+00 -3.118270e+01
      vertex   4.122579e+01 5.036282e+00 -2.889302e+01
      vertex   4.120197e+01 5.078059e+00 -3.118270e+01
    endloop
  endfacet
  facet normal -8.847262e-01 -4.661111e-01 0.000000e+00
    outer loop
      vertex   4.125382e+01 4.979648e+00 -3.118270e+01
      vertex   4.120197e+01 5.078059e+00 -3.118270e+01
      vertex   4.120197e+01 5.078059e+00 -3.359121e+01
    endloop
  endfacet
  facet normal -8.218688e-01 -5.696768e-01 0.000000e+00
    outer loop
      vertex   4.120197e+01 5.078059e+00 -3.359121e+01
      vertex   4.120197e+01 5.078059e+00 -3.118270e+01
      vertex   4.113860e+01 5.169478e+00 -3.359121e+01
    endloop
  endfacet
  facet normal -8.218688e-01 -5.696768e-01 2.104416e-16
    outer loop
      vertex   4.120197e+01 5.078059e+00 -3.359121e+01
      vertex   4.113860e+01 5.169478e+00 -3.359121e+01
      vertex   4.113860e+01 5.169478e+00 -3.599971e+01
    endloop
  endfacet
  facet normal -7.469488e-01 -6.648816e-01 2.451864e-16
    outer loop
      vertex   4.113860e+01 5.169478e+00 -3.599971e+01
      vertex   4.113860e+01 5.169478e+00 -3.359121e+01
      vertex   4.106465e+01 5.252563e+00 -4.302192e+01
    endloop
  endfacet
  facet normal -8.562560e-01 -5.165514e-01 -5.173886e-04
    outer loop
      vertex   4.122579e+01 5.036282e+00 -2.889302e+01
      vertex   4.117920e+01 5.113535e+00 -2.892536e+01
      vertex   4.120197e+01 5.078059e+00 -3.118270e+01
    endloop
  endfacet
  facet normal -8.218686e-01 -5.696767e-01 6.643479e-04
    outer loop
      vertex   4.120197e+01 5.078059e+00 -3.118270e+01
      vertex   4.117920e+01 5.113535e+00 -2.892536e+01
      vertex   4.113860e+01 5.169478e+00 -3.118270e+01
    endloop
  endfacet
  facet normal -8.218688e-01 -5.696768e-01 0.000000e+00
    outer loop
      vertex   4.120197e+01 5.078059e+00 -3.118270e+01
      vertex   4.113860e+01 5.169478e+00 -3.118270e+01
      vertex   4.113860e+01 5.169478e+00 -3.359121e+01
    endloop
  endfacet
  facet normal -7.774448e-01 -6.289512e-01 0.000000e+00
    outer loop
      vertex   4.113860e+01 5.169478e+00 -3.359121e+01
      vertex   4.113860e+01 5.169478e+00 -3.118270e+01
      vertex   4.112532e+01 5.185891e+00 -2.895427e+01
    endloop
  endfacet
  facet normal -7.556109e-01 -6.550207e-01 1.548043e-04
    outer loop
      vertex   4.113860e+01 5.169478e+00 -3.359121e+01
      vertex   4.112532e+01 5.185891e+00 -2.895427e+01
      vertex   4.106465e+01 5.252563e+00 -4.302192e+01
    endloop
  endfacet
  facet normal -7.395672e-01 -6.730828e-01 1.861900e-15
    outer loop
      vertex   4.106465e+01 5.252563e+00 -4.302192e+01
      vertex   4.112532e+01 5.185891e+00 -2.895427e+01
      vertex   4.106465e+01 5.252563e+00 -2.897751e+01
    endloop
  endfacet
  facet normal -8.019837e-01 -5.973457e-01 -3.790119e-04
    outer loop
      vertex   4.117920e+01 5.113535e+00 -2.892536e+01
      vertex   4.112532e+01 5.185891e+00 -2.895427e+01
      vertex   4.113860e+01 5.169478e+00 -3.118270e+01
    endloop
  endfacet
  facet normal -8.019837e-01 5.973457e-01 3.790119e-04
    outer loop
      vertex   4.117920e+01 4.089817e+00 -4.307407e+01
      vertex   4.112532e+01 4.017461e+00 -4.304516e+01
      vertex   4.113860e+01 4.033875e+00 -4.081673e+01
    endloop
  endfacet
  facet normal -7.469488e-01 6.648816e-01 0.000000e+00
    outer loop
      vertex   4.113860e+01 4.033875e+00 -3.840822e+01
      vertex   4.106465e+01 3.950790e+00 -2.897751e+01
      vertex   4.113860e+01 4.033875e+00 -3.599971e+01
    endloop
  endfacet
  facet normal -8.218688e-01 5.696768e-01 -2.100781e-16
    outer loop
      vertex   4.113860e+01 4.033875e+00 -3.359121e+01
      vertex   4.113860e+01 4.033875e+00 -3.118270e+01
      vertex   4.120197e+01 4.125294e+00 -3.359121e+01
    endloop
  endfacet
  facet normal -8.218688e-01 5.696768e-01 -2.100781e-16
    outer loop
      vertex   4.120197e+01 4.125294e+00 -3.359121e+01
      vertex   4.113860e+01 4.033875e+00 -3.118270e+01
      vertex   4.120197e+01 4.125294e+00 -3.118270e+01
    endloop
  endfacet
  facet normal -8.847262e-01 4.661111e-01 -1.718864e-16
    outer loop
      vertex   4.120197e+01 4.125294e+00 -3.359121e+01
      vertex   4.120197e+01 4.125294e+00 -3.118270e+01
      vertex   4.125382e+01 4.223705e+00 -3.359121e+01
    endloop
  endfacet
  facet normal -8.847262e-01 4.661111e-01 -1.718864e-16
    outer loop
      vertex   4.125382e+01 4.223705e+00 -3.359121e+01
      vertex   4.120197e+01 4.125294e+00 -3.118270e+01
      vertex   4.125382e+01 4.223705e+00 -3.118270e+01
    endloop
  endfacet
  facet normal -9.345985e-01 3.557043e-01 -1.311720e-16
    outer loop
      vertex   4.125382e+01 4.223705e+00 -3.359121e+01
      vertex   4.125382e+01 4.223705e+00 -3.118270e+01
      vertex   4.129338e+01 4.327663e+00 -3.359121e+01
    endloop
  endfacet
  facet normal -9.345985e-01 3.557043e-01 0.000000e+00
    outer loop
      vertex   4.129338e+01 4.327663e+00 -3.359121e+01
      vertex   4.125382e+01 4.223705e+00 -3.118270e+01
      vertex   4.129338e+01 4.327663e+00 -3.118270e+01
    endloop
  endfacet
  facet normal -9.707539e-01 2.400769e-01 0.000000e+00
    outer loop
      vertex   4.129338e+01 4.327663e+00 -3.359121e+01
      vertex   4.129338e+01 4.327663e+00 -3.118270e+01
      vertex   4.132009e+01 4.435643e+00 -3.359121e+01
    endloop
  endfacet
  facet normal -9.707539e-01 2.400769e-01 0.000000e+00
    outer loop
      vertex   4.132009e+01 4.435643e+00 -3.359121e+01
      vertex   4.129338e+01 4.327663e+00 -3.118270e+01
      vertex   4.132009e+01 4.435643e+00 -3.118270e+01
    endloop
  endfacet
  facet normal -9.926615e-01 1.209258e-01 0.000000e+00
    outer loop
      vertex   4.132009e+01 4.435643e+00 -3.359121e+01
      vertex   4.132009e+01 4.435643e+00 -3.118270e+01
      vertex   4.133354e+01 4.546060e+00 -3.359121e+01
    endloop
  endfacet
  facet normal -9.926615e-01 1.209258e-01 -4.459347e-17
    outer loop
      vertex   4.133354e+01 4.546060e+00 -3.359121e+01
      vertex   4.132009e+01 4.435643e+00 -3.118270e+01
      vertex   4.133354e+01 4.546060e+00 -3.118270e+01
    endloop
  endfacet
  facet normal -1.000000e+00 0.000000e+00 0.000000e+00
    outer loop
      vertex   4.133354e+01 4.546060e+00 -3.359121e+01
      vertex   4.133354e+01 4.546060e+00 -3.118270e+01
      vertex   4.133354e+01 4.657293e+00 -3.359121e+01
    endloop
  endfacet
  facet normal -1.000000e+00 0.000000e+00 0.000000e+00
    outer loop
      vertex   4.133354e+01 4.657293e+00 -3.359121e+01
      vertex   4.133354e+01 4.546060e+00 -3.118270e+01
      vertex   4.133354e+01 4.657293e+00 -3.118270e+01
    endloop
  endfacet
  facet normal -9.926615e-01 -1.209258e-01 0.000000e+00
    outer loop
      vertex   4.133354e+01 4.657293e+00 -3.359121e+01
      vertex   4.133354e+01 4.657293e+00 -3.118270e+01
      vertex   4.132009e+01 4.767710e+00 -3.359121e+01
    endloop
  endfacet
  facet normal -9.926615e-01 -1.209258e-01 4.459347e-17
    outer loop
      vertex   4.132009e+01 4.767710e+00 -3.359121e+01
      vertex   4.133354e+01 4.657293e+00 -3.118270e+01
      vertex   4.132009e+01 4.767710e+00 -3.118270e+01
    endloop
  endfacet
  facet normal -9.707539e-01 -2.400769e-01 8.853244e-17
    outer loop
      vertex   4.132009e+01 4.767710e+00 -3.359121e+01
      vertex   4.132009e+01 4.767710e+00 -3.118270e+01
      vertex   4.129338e+01 4.875690e+00 -3.359121e+01
    endloop
  endfacet
  facet normal -9.707539e-01 -2.400769e-01 8.853244e-17
    outer loop
      vertex   4.129338e+01 4.875690e+00 -3.359121e+01
      vertex   4.132009e+01 4.767710e+00 -3.118270e+01
      vertex   4.129338e+01 4.875690e+00 -3.118270e+01
    endloop
  endfacet
  facet normal -9.345985e-01 -3.557043e-01 1.311720e-16
    outer loop
      vertex   4.129338e+01 4.875690e+00 -3.359121e+01
      vertex   4.129338e+01 4.875690e+00 -3.118270e+01
      vertex   4.125382e+01 4.979648e+00 -3.359121e+01
    endloop
  endfacet
  facet normal -8.218688e-01 5.696768e-01 -2.100781e-16
    outer loop
      vertex   4.120197e+01 4.125294e+00 -4.081673e+01
      vertex   4.113860e+01 4.033875e+00 -3.840822e+01
      vertex   4.120197e+01 4.125294e+00 -3.840822e+01
    endloop
  endfacet
  facet normal -8.218688e-01 5.696768e-01 0.000000e+00
    outer loop
      vertex   4.120197e+01 4.125294e+00 -3.840822e+01
      vertex   4.113860e+01 4.033875e+00 -3.840822e+01
      vertex   4.113860e+01 4.033875e+00 -3.599971e+01
    endloop
  endfacet
  facet normal -8.218688e-01 5.696768e-01 -2.104416e-16
    outer loop
      vertex   4.113860e+01 4.033875e+00 -3.359121e+01
      vertex   4.120197e+01 4.125294e+00 -3.359121e+01
      vertex   4.120197e+01 4.125294e+00 -3.599971e+01
    endloop
  endfacet
  facet normal -8.847262e-01 4.661111e-01 -1.718864e-16
    outer loop
      vertex   4.120197e+01 4.125294e+00 -3.599971e+01
      vertex   4.120197e+01 4.125294e+00 -3.359121e+01
      vertex   4.125382e+01 4.223705e+00 -3.599971e+01
    endloop
  endfacet
  facet normal -8.847262e-01 4.661111e-01 0.000000e+00
    outer loop
      vertex   4.120197e+01 4.125294e+00 -3.599971e+01
      vertex   4.125382e+01 4.223705e+00 -3.599971e+01
      vertex   4.125382e+01 4.223705e+00 -3.840822e+01
    endloop
  endfacet
  facet normal -9.345985e-01 3.557043e-01 0.000000e+00
    outer loop
      vertex   4.125382e+01 4.223705e+00 -3.840822e+01
      vertex   4.125382e+01 4.223705e+00 -3.599971e+01
      vertex   4.129338e+01 4.327663e+00 -3.840822e+01
    endloop
  endfacet
  facet normal -9.345985e-01 3.557043e-01 0.000000e+00
    outer loop
      vertex   4.125382e+01 4.223705e+00 -3.840822e+01
      vertex   4.129338e+01 4.327663e+00 -3.840822e+01
      vertex   4.129338e+01 4.327663e+00 -4.081673e+01
    endloop
  endfacet
  facet normal -9.707539e-01 2.400769e-01 0.000000e+00
    outer loop
      vertex   4.129338e+01 4.327663e+00 -4.081673e+01
      vertex   4.129338e+01 4.327663e+00 -3.840822e+01
      vertex   4.132009e+01 4.435643e+00 -4.081673e+01
    endloop
  endfacet
  facet normal -8.847262e-01 4.661111e-01 -1.718864e-16
    outer loop
      vertex   4.125382e+01 4.223705e+00 -3.599971e+01
      vertex   4.120197e+01 4.125294e+00 -3.359121e+01
      vertex   4.125382e+01 4.223705e+00 -3.359121e+01
    endloop
  endfacet
  facet normal -8.847262e-01 4.661111e-01 -1.715908e-16
    outer loop
      vertex   4.125382e+01 4.223705e+00 -4.081673e+01
      vertex   4.120197e+01 4.125294e+00 -4.081673e+01
      vertex   4.120197e+01 4.125294e+00 -3.840822e+01
    endloop
  endfacet
  facet normal -9.345985e-01 3.557043e-01 -1.311720e-16
    outer loop
      vertex   4.125382e+01 4.223705e+00 -3.599971e+01
      vertex   4.125382e+01 4.223705e+00 -3.359121e+01
      vertex   4.129338e+01 4.327663e+00 -3.599971e+01
    endloop
  endfacet
  facet normal -9.345985e-01 3.557043e-01 -1.311720e-16
    outer loop
      vertex   4.129338e+01 4.327663e+00 -3.599971e+01
      vertex   4.125382e+01 4.223705e+00 -3.359121e+01
      vertex   4.129338e+01 4.327663e+00 -3.359121e+01
    endloop
  endfacet
  facet normal -9.707539e-01 2.400769e-01 -8.853244e-17
    outer loop
      vertex   4.129338e+01 4.327663e+00 -3.599971e+01
      vertex   4.129338e+01 4.327663e+00 -3.359121e+01
      vertex   4.132009e+01 4.435643e+00 -3.599971e+01
    endloop
  endfacet
  facet normal -9.707539e-01 2.400769e-01 -8.853244e-17
    outer loop
      vertex   4.132009e+01 4.435643e+00 -3.599971e+01
      vertex   4.129338e+01 4.327663e+00 -3.359121e+01
      vertex   4.132009e+01 4.435643e+00 -3.359121e+01
    endloop
  endfacet
  facet normal -9.926615e-01 1.209258e-01 -4.459347e-17
    outer loop
      vertex   4.132009e+01 4.435643e+00 -3.599971e+01
      vertex   4.132009e+01 4.435643e+00 -3.359121e+01
      vertex   4.133354e+01 4.546060e+00 -3.599971e+01
    endloop
  endfacet
  facet normal -9.926615e-01 1.209258e-01 -4.459347e-17
    outer loop
      vertex   4.133354e+01 4.546060e+00 -3.599971e+01
      vertex   4.132009e+01 4.435643e+00 -3.359121e+01
      vertex   4.133354e+01 4.546060e+00 -3.359121e+01
    endloop
  endfacet
  facet normal -1.000000e+00 0.000000e+00 0.000000e+00
    outer loop
      vertex   4.133354e+01 4.546060e+00 -3.599971e+01
      vertex   4.133354e+01 4.546060e+00 -3.359121e+01
      vertex   4.133354e+01 4.657293e+00 -3.599971e+01
    endloop
  endfacet
  facet normal -1.000000e+00 0.000000e+00 0.000000e+00
    outer loop
      vertex   4.133354e+01 4.657293e+00 -3.599971e+01
      vertex   4.133354e+01 4.546060e+00 -3.359121e+01
      vertex   4.133354e+01 4.657293e+00 -3.359121e+01
    endloop
  endfacet
  facet normal -9.926615e-01 -1.209258e-01 4.459347e-17
    outer loop
      vertex   4.133354e+01 4.657293e+00 -3.599971e+01
      vertex   4.133354e+01 4.657293e+00 -3.359121e+01
      vertex   4.132009e+01 4.767710e+00 -3.599971e+01
    endloop
  endfacet
  facet normal -9.926615e-01 -1.209258e-01 0.000000e+00
    outer loop
      vertex   4.132009e+01 4.767710e+00 -3.599971e+01
      vertex   4.133354e+01 4.657293e+00 -3.359121e+01
      vertex   4.132009e+01 4.767710e+00 -3.359121e+01
    endloop
  endfacet
  facet normal -9.707539e-01 -2.400769e-01 0.000000e+00
    outer loop
      vertex   4.132009e+01 4.767710e+00 -3.599971e+01
      vertex   4.132009e+01 4.767710e+00 -3.359121e+01
      vertex   4.129338e+01 4.875690e+00 -3.599971e+01
    endloop
  endfacet
  facet normal -9.707539e-01 -2.400769e-01 0.000000e+00
    outer loop
      vertex   4.129338e+01 4.875690e+00 -3.599971e+01
      vertex   4.132009e+01 4.767710e+00 -3.359121e+01
      vertex   4.129338e+01 4.875690e+00 -3.359121e+01
    endloop
  endfacet
  facet normal -9.345985e-01 -3.557043e-01 0.000000e+00
    outer loop
      vertex   4.129338e+01 4.875690e+00 -3.599971e+01
      vertex   4.129338e+01 4.875690e+00 -3.359121e+01
      vertex   4.125382e+01 4.979648e+00 -3.599971e+01
    endloop
  endfacet
  facet normal -9.345985e-01 -3.557043e-01 0.000000e+00
    outer loop
      vertex   4.125382e+01 4.979648e+00 -3.599971e+01
      vertex   4.129338e+01 4.875690e+00 -3.359121e+01
      vertex   4.125382e+01 4.979648e+00 -3.359121e+01
    endloop
  endfacet
  facet normal -8.847262e-01 -4.661111e-01 0.000000e+00
    outer loop
      vertex   4.125382e+01 4.979648e+00 -3.599971e+01
      vertex   4.125382e+01 4.979648e+00 -3.359121e+01
      vertex   4.120197e+01 5.078059e+00 -3.599971e+01
    endloop
  endfacet
  facet normal -9.345985e-01 3.557043e-01 -1.327401e-16
    outer loop
      vertex   4.125382e+01 4.223705e+00 -3.599971e+01
      vertex   4.129338e+01 4.327663e+00 -3.599971e+01
      vertex   4.129338e+01 4.327663e+00 -3.840822e+01
    endloop
  endfacet
  facet normal -9.707539e-01 2.400769e-01 -8.853244e-17
    outer loop
      vertex   4.129338e+01 4.327663e+00 -3.840822e+01
      vertex   4.129338e+01 4.327663e+00 -3.599971e+01
      vertex   4.132009e+01 4.435643e+00 -3.840822e+01
    endloop
  endfacet
  facet normal -9.707539e-01 2.400769e-01 0.000000e+00
    outer loop
      vertex   4.129338e+01 4.327663e+00 -3.840822e+01
      vertex   4.132009e+01 4.435643e+00 -3.840822e+01
      vertex   4.132009e+01 4.435643e+00 -4.081673e+01
    endloop
  endfacet
  facet normal -9.926615e-01 1.209258e-01 0.000000e+00
    outer loop
      vertex   4.132009e+01 4.435643e+00 -4.081673e+01
      vertex   4.132009e+01 4.435643e+00 -3.840822e+01
      vertex   4.133354e+01 4.546060e+00 -4.081673e+01
    endloop
  endfacet
  facet normal -9.707539e-01 2.400769e-01 -8.853244e-17
    outer loop
      vertex   4.132009e+01 4.435643e+00 -3.840822e+01
      vertex   4.129338e+01 4.327663e+00 -3.599971e+01
      vertex   4.132009e+01 4.435643e+00 -3.599971e+01
    endloop
  endfacet
  facet normal -9.926615e-01 1.209258e-01 -4.459347e-17
    outer loop
      vertex   4.132009e+01 4.435643e+00 -3.840822e+01
      vertex   4.132009e+01 4.435643e+00 -3.599971e+01
      vertex   4.133354e+01 4.546060e+00 -3.840822e+01
    endloop
  endfacet
  facet normal -9.926615e-01 1.209258e-01 0.000000e+00
    outer loop
      vertex   4.133354e+01 4.546060e+00 -3.840822e+01
      vertex   4.132009e+01 4.435643e+00 -3.599971e+01
      vertex   4.133354e+01 4.546060e+00 -3.599971e+01
    endloop
  endfacet
  facet normal -1.000000e+00 0.000000e+00 0.000000e+00
    outer loop
      vertex   4.133354e+01 4.546060e+00 -3.840822e+01
      vertex   4.133354e+01 4.546060e+00 -3.599971e+01
      vertex   4.133354e+01 4.657293e+00 -3.840822e+01
    endloop
  endfacet
  facet normal -1.000000e+00 0.000000e+00 0.000000e+00
    outer loop
      vertex   4.133354e+01 4.657293e+00 -3.840822e+01
      vertex   4.133354e+01 4.546060e+00 -3.599971e+01
      vertex   4.133354e+01 4.657293e+00 -3.599971e+01
    endloop
  endfacet
  facet normal -9.926615e-01 -1.209258e-01 0.000000e+00
    outer loop
      vertex   4.133354e+01 4.657293e+00 -3.840822e+01
      vertex   4.133354e+01 4.657293e+00 -3.599971e+01
      vertex   4.132009e+01 4.767710e+00 -3.840822e+01
    endloop
  endfacet
  facet normal -9.926615e-01 -1.209258e-01 4.459347e-17
    outer loop
      vertex   4.132009e+01 4.767710e+00 -3.840822e+01
      vertex   4.133354e+01 4.657293e+00 -3.599971e+01
      vertex   4.132009e+01 4.767710e+00 -3.599971e+01
    endloop
  endfacet
  facet normal -9.707539e-01 -2.400769e-01 8.853244e-17
    outer loop
      vertex   4.132009e+01 4.767710e+00 -3.840822e+01
      vertex   4.132009e+01 4.767710e+00 -3.599971e+01
      vertex   4.129338e+01 4.875690e+00 -3.840822e+01
    endloop
  endfacet
  facet normal -9.707539e-01 -2.400769e-01 8.853244e-17
    outer loop
      vertex   4.129338e+01 4.875690e+00 -3.840822e+01
      vertex   4.132009e+01 4.767710e+00 -3.599971e+01
      vertex   4.129338e+01 4.875690e+00 -3.599971e+01
    endloop
  endfacet
  facet normal -9.345985e-01 -3.557043e-01 1.311720e-16
    outer loop
      vertex   4.129338e+01 4.875690e+00 -3.840822e+01
      vertex   4.129338e+01 4.875690e+00 -3.599971e+01
      vertex   4.125382e+01 4.979648e+00 -3.840822e+01
    endloop
  endfacet
  facet normal -9.345985e-01 -3.557043e-01 1.311720e-16
    outer loop
      vertex   4.125382e+01 4.979648e+00 -3.840822e+01
      vertex   4.129338e+01 4.875690e+00 -3.599971e+01
      vertex   4.125382e+01 4.979648e+00 -3.599971e+01
    endloop
  endfacet
  facet normal -8.847262e-01 -4.661111e-01 1.718864e-16
    outer loop
      vertex   4.125382e+01 4.979648e+00 -3.840822e+01
      vertex   4.125382e+01 4.979648e+00 -3.599971e+01
      vertex   4.120197e+01 5.078059e+00 -3.840822e+01
    endloop
  endfacet
  facet normal -8.847262e-01 -4.661111e-01 0.000000e+00
    outer loop
      vertex   4.120197e+01 5.078059e+00 -3.840822e+01
      vertex   4.125382e+01 4.979648e+00 -3.599971e+01
      vertex   4.120197e+01 5.078059e+00 -3.599971e+01
    endloop
  endfacet
  facet normal -8.218688e-01 -5.696768e-01 0.000000e+00
    outer loop
      vertex   4.120197e+01 5.078059e+00 -3.840822e+01
      vertex   4.120197e+01 5.078059e+00 -3.599971e+01
      vertex   4.113860e+01 5.169478e+00 -3.840822e+01
    endloop
  endfacet
  facet normal -1.000000e+00 0.000000e+00 0.000000e+00
    outer loop
      vertex   4.133354e+01 4.657293e+00 -4.081673e+01
      vertex   4.133354e+01 4.546060e+00 -4.081673e+01
      vertex   4.133354e+01 4.546060e+00 -3.840822e+01
    endloop
  endfacet
  facet normal -9.926615e-01 1.209258e-01 -4.459347e-17
    outer loop
      vertex   4.133354e+01 4.546060e+00 -3.840822e+01
      vertex   4.133354e+01 4.546060e+00 -4.081673e+01
      vertex   4.132009e+01 4.435643e+00 -3.840822e+01
    endloop
  endfacet
  facet normal -1.000000e+00 0.000000e+00 0.000000e+00
    outer loop
      vertex   4.133354e+01 4.657293e+00 -4.081673e+01
      vertex   4.133354e+01 4.546060e+00 -3.840822e+01
      vertex   4.133354e+01 4.657293e+00 -3.840822e+01
    endloop
  endfacet
  facet normal -9.926615e-01 -1.209258e-01 4.451649e-17
    outer loop
      vertex   4.132009e+01 4.767710e+00 -4.081673e+01
      vertex   4.133354e+01 4.657293e+00 -4.081673e+01
      vertex   4.133354e+01 4.657293e+00 -3.840822e+01
    endloop
  endfacet
  facet normal -9.926615e-01 -1.209258e-01 4.459347e-17
    outer loop
      vertex   4.132009e+01 4.767710e+00 -4.081673e+01
      vertex   4.133354e+01 4.657293e+00 -3.840822e+01
      vertex   4.132009e+01 4.767710e+00 -3.840822e+01
    endloop
  endfacet
  facet normal -9.707539e-01 -2.400769e-01 8.903298e-17
    outer loop
      vertex   4.129338e+01 4.875690e+00 -4.081673e+01
      vertex   4.132009e+01 4.767710e+00 -4.081673e+01
      vertex   4.132009e+01 4.767710e+00 -3.840822e+01
    endloop
  endfacet
  facet normal -9.707539e-01 -2.400769e-01 0.000000e+00
    outer loop
      vertex   4.129338e+01 4.875690e+00 -4.081673e+01
      vertex   4.132009e+01 4.767710e+00 -3.840822e+01
      vertex   4.129338e+01 4.875690e+00 -3.840822e+01
    endloop
  endfacet
  facet normal -9.345985e-01 -3.557043e-01 0.000000e+00
    outer loop
      vertex   4.125382e+01 4.979648e+00 -4.081673e+01
      vertex   4.129338e+01 4.875690e+00 -4.081673e+01
      vertex   4.129338e+01 4.875690e+00 -3.840822e+01
    endloop
  endfacet
  facet normal -9.345985e-01 -3.557043e-01 1.311720e-16
    outer loop
      vertex   4.125382e+01 4.979648e+00 -4.081673e+01
      vertex   4.129338e+01 4.875690e+00 -3.840822e+01
      vertex   4.125382e+01 4.979648e+00 -3.840822e+01
    endloop
  endfacet
  facet normal -8.847262e-01 -4.661111e-01 1.715908e-16
    outer loop
      vertex   4.120197e+01 5.078059e+00 -4.081673e+01
      vertex   4.125382e+01 4.979648e+00 -4.081673e+01
      vertex   4.125382e+01 4.979648e+00 -3.840822e+01
    endloop
  endfacet
  facet normal -8.847262e-01 -4.661111e-01 1.718864e-16
    outer loop
      vertex   4.120197e+01 5.078059e+00 -4.081673e+01
      vertex   4.125382e+01 4.979648e+00 -3.840822e+01
      vertex   4.120197e+01 5.078059e+00 -3.840822e+01
    endloop
  endfacet
  facet normal -8.218688e-01 -5.696768e-01 2.104416e-16
    outer loop
      vertex   4.113860e+01 5.169478e+00 -4.081673e+01
      vertex   4.120197e+01 5.078059e+00 -4.081673e+01
      vertex   4.120197e+01 5.078059e+00 -3.840822e+01
    endloop
  endfacet
  facet normal -8.218688e-01 -5.696768e-01 2.100781e-16
    outer loop
      vertex   4.113860e+01 5.169478e+00 -4.081673e+01
      vertex   4.120197e+01 5.078059e+00 -3.840822e+01
      vertex   4.113860e+01 5.169478e+00 -3.840822e+01
    endloop
  endfacet
  facet normal -7.359518e-01 -6.770340e-01 1.848676e-15
    outer loop
      vertex   4.106465e+01 5.252563e+00 -4.302192e+01
      vertex   4.106465e+01 5.252563e+00 -2.897751e+01
      vertex   4.103472e+01 5.285098e+00 -4.301370e+01
    endloop
  endfacet
  facet normal -7.731217e-01 -6.342577e-01 1.784140e-04
    outer loop
      vertex   4.103472e+01 5.285098e+00 -4.301370e+01
      vertex   4.106465e+01 5.252563e+00 -2.897751e+01
      vertex   4.101020e+01 5.316716e+00 -3.683305e+01
    endloop
  endfacet
  facet normal -7.903099e-01 -6.127073e-01 0.000000e+00
    outer loop
      vertex   4.103472e+01 5.285098e+00 -4.301370e+01
      vertex   4.101020e+01 5.316716e+00 -3.683305e+01
      vertex   4.101020e+01 5.316716e+00 -3.849971e+01
    endloop
  endfacet
  facet normal -8.601544e-01 -5.100337e-01 0.000000e+00
    outer loop
      vertex   4.101020e+01 5.316716e+00 -3.849971e+01
      vertex   4.101020e+01 5.316716e+00 -3.683305e+01
      vertex   4.096729e+01 5.389091e+00 -3.849971e+01
    endloop
  endfacet
  facet normal -8.601544e-01 -5.100337e-01 0.000000e+00
    outer loop
      vertex   4.101020e+01 5.316716e+00 -3.849971e+01
      vertex   4.096729e+01 5.389091e+00 -3.849971e+01
      vertex   4.096729e+01 5.389091e+00 -4.016638e+01
    endloop
  endfacet
  facet normal -9.335004e-01 -3.585763e-01 0.000000e+00
    outer loop
      vertex   4.096729e+01 5.389091e+00 -4.016638e+01
      vertex   4.096729e+01 5.389091e+00 -3.849971e+01
      vertex   4.093712e+01 5.467637e+00 -4.016638e+01
    endloop
  endfacet
  facet normal -9.335004e-01 -3.585763e-01 1.917363e-16
    outer loop
      vertex   4.096729e+01 5.389091e+00 -4.016638e+01
      vertex   4.093712e+01 5.467637e+00 -4.016638e+01
      vertex   4.093712e+01 5.467637e+00 -4.183305e+01
    endloop
  endfacet
  facet normal -9.804106e-01 -1.969644e-01 1.049637e-16
    outer loop
      vertex   4.093712e+01 5.467637e+00 -4.183305e+01
      vertex   4.093712e+01 5.467637e+00 -4.016638e+01
      vertex   4.092054e+01 5.550130e+00 -4.183305e+01
    endloop
  endfacet
  facet normal -9.804102e-01 -1.969643e-01 9.444841e-04
    outer loop
      vertex   4.093712e+01 5.467637e+00 -4.183305e+01
      vertex   4.092054e+01 5.550130e+00 -4.183305e+01
      vertex   4.092328e+01 5.530930e+00 -4.299962e+01
    endloop
  endfacet
  facet normal -9.939305e-01 -1.100082e-01 -5.183315e-04
    outer loop
      vertex   4.092328e+01 5.530930e+00 -4.299962e+01
      vertex   4.092054e+01 5.550130e+00 -4.183305e+01
      vertex   4.091833e+01 5.575671e+00 -4.299968e+01
    endloop
  endfacet
  facet normal -9.995559e-01 -2.977466e-02 1.248970e-03
    outer loop
      vertex   4.091833e+01 5.575671e+00 -4.299968e+01
      vertex   4.092054e+01 5.550130e+00 -4.183305e+01
      vertex   4.091804e+01 5.634234e+00 -4.183305e+01
    endloop
  endfacet
  facet normal -9.998167e-01 -1.913260e-02 7.146992e-04
    outer loop
      vertex   4.091833e+01 5.575671e+00 -4.299968e+01
      vertex   4.091804e+01 5.634234e+00 -4.183305e+01
      vertex   4.091748e+01 5.620042e+00 -4.299971e+01
    endloop
  endfacet
  facet normal -9.973274e-01 7.306101e-02 -4.079626e-04
    outer loop
      vertex   4.091748e+01 5.620042e+00 -4.299971e+01
      vertex   4.091804e+01 5.634234e+00 -4.183305e+01
      vertex   4.092075e+01 5.664671e+00 -4.299963e+01
    endloop
  endfacet
  facet normal -9.903954e-01 1.382581e-01 1.309194e-03
    outer loop
      vertex   4.092075e+01 5.664671e+00 -4.299963e+01
      vertex   4.091804e+01 5.634234e+00 -4.183305e+01
      vertex   4.092967e+01 5.717567e+00 -4.183305e+01
    endloop
  endfacet
  facet normal -9.867941e-01 1.619795e-01 2.060557e-04
    outer loop
      vertex   4.092075e+01 5.664671e+00 -4.299963e+01
      vertex   4.092967e+01 5.717567e+00 -4.183305e+01
      vertex   4.092809e+01 5.709401e+00 -4.299967e+01
    endloop
  endfacet
  facet normal -9.685674e-01 2.487510e-01 -4.260414e-04
    outer loop
      vertex   4.092809e+01 5.709401e+00 -4.299967e+01
      vertex   4.092967e+01 5.717567e+00 -4.183305e+01
      vertex   4.093945e+01 5.753647e+00 -4.300007e+01
    endloop
  endfacet
  facet normal -9.531879e-01 3.023755e-01 1.360748e-03
    outer loop
      vertex   4.093945e+01 5.753647e+00 -4.300007e+01
      vertex   4.092967e+01 5.717567e+00 -4.183305e+01
      vertex   4.095511e+01 5.797769e+00 -4.183305e+01
    endloop
  endfacet
  facet normal -9.423435e-01 3.346470e-01 -4.892473e-06
    outer loop
      vertex   4.093945e+01 5.753647e+00 -4.300007e+01
      vertex   4.095511e+01 5.797769e+00 -4.183305e+01
      vertex   4.095479e+01 5.796826e+00 -4.300107e+01
    endloop
  endfacet
  facet normal -9.072737e-01 4.205406e-01 -8.416818e-05
    outer loop
      vertex   4.095479e+01 5.796826e+00 -4.300107e+01
      vertex   4.095511e+01 5.797769e+00 -4.183305e+01
      vertex   4.097403e+01 5.838353e+00 -4.300294e+01
    endloop
  endfacet
  facet normal -8.889870e-01 4.579299e-01 1.508613e-03
    outer loop
      vertex   4.097403e+01 5.838353e+00 -4.300294e+01
      vertex   4.095511e+01 5.797769e+00 -4.183305e+01
      vertex   4.099365e+01 5.872570e+00 -4.183305e+01
    endloop
  endfacet
  facet normal -8.643822e-01 5.028353e-01 -2.172104e-04
    outer loop
      vertex   4.097403e+01 5.838353e+00 -4.300294e+01
      vertex   4.099365e+01 5.872570e+00 -4.183305e+01
      vertex   4.099696e+01 5.877757e+00 -4.300610e+01
    endloop
  endfacet
  facet normal -8.154850e-01 5.787781e-01 2.567048e-04
    outer loop
      vertex   4.099696e+01 5.877757e+00 -4.300610e+01
      vertex   4.099365e+01 5.872570e+00 -4.183305e+01
      vertex   4.102311e+01 5.914612e+00 -4.301104e+01
    endloop
  endfacet
  facet normal -7.996112e-01 6.005163e-01 1.429621e-03
    outer loop
      vertex   4.102311e+01 5.914612e+00 -4.301104e+01
      vertex   4.099365e+01 5.872570e+00 -4.183305e+01
      vertex   4.104417e+01 5.939850e+00 -4.183305e+01
    endloop
  endfacet
  facet normal -7.601635e-01 6.497317e-01 -3.300713e-04
    outer loop
      vertex   4.102311e+01 5.914612e+00 -4.301104e+01
      vertex   4.104417e+01 5.939850e+00 -4.183305e+01
      vertex   4.105206e+01 5.948472e+00 -4.301823e+01
    endloop
  endfacet
  facet normal -6.998350e-01 7.143043e-01 5.410257e-04
    outer loop
      vertex   4.105206e+01 5.948472e+00 -4.301823e+01
      vertex   4.104417e+01 5.939850e+00 -4.183305e+01
      vertex   4.108322e+01 5.979013e+00 -4.302806e+01
    endloop
  endfacet
  facet normal -6.875913e-01 7.260967e-01 1.327581e-03
    outer loop
      vertex   4.108322e+01 5.979013e+00 -4.302806e+01
      vertex   4.104417e+01 5.939850e+00 -4.183305e+01
      vertex   4.110527e+01 5.997705e+00 -4.183305e+01
    endloop
  endfacet
  facet normal -6.362757e-01 7.714616e-01 -3.286530e-04
    outer loop
      vertex   4.108322e+01 5.979013e+00 -4.302806e+01
      vertex   4.110527e+01 5.997705e+00 -4.183305e+01
      vertex   4.111596e+01 6.006005e+00 -4.304087e+01
    endloop
  endfacet
  facet normal -5.670951e-01 8.236521e-01 6.421659e-04
    outer loop
      vertex   4.111596e+01 6.006005e+00 -4.304087e+01
      vertex   4.110527e+01 5.997705e+00 -4.183305e+01
      vertex   4.115098e+01 6.030132e+00 -4.305772e+01
    endloop
  endfacet
  facet normal -5.560994e-01 8.311149e-01 1.250185e-03
    outer loop
      vertex   4.115098e+01 6.030132e+00 -4.305772e+01
      vertex   4.110527e+01 5.997705e+00 -4.183305e+01
      vertex   4.117520e+01 6.044496e+00 -4.183305e+01
    endloop
  endfacet
  facet normal -4.974700e-01 8.674811e-01 -3.358412e-04
    outer loop
      vertex   4.115098e+01 6.030132e+00 -4.305772e+01
      vertex   4.117520e+01 6.044496e+00 -4.183305e+01
      vertex   4.118766e+01 6.051161e+00 -4.307912e+01
    endloop
  endfacet
  facet normal -4.226098e-01 9.063115e-01 6.207042e-04
    outer loop
      vertex   4.118766e+01 6.051161e+00 -4.307912e+01
      vertex   4.117520e+01 6.044496e+00 -4.183305e+01
      vertex   4.122397e+01 6.068110e+00 -4.310486e+01
    endloop
  endfacet
  facet normal -4.088592e-01 9.125966e-01 1.264731e-03
    outer loop
      vertex   4.122397e+01 6.068110e+00 -4.310486e+01
      vertex   4.117520e+01 6.044496e+00 -4.183305e+01
      vertex   4.125199e+01 6.078898e+00 -4.183305e+01
    endloop
  endfacet
  facet normal -3.532595e-01 9.355254e-01 -1.543978e-04
    outer loop
      vertex   4.122397e+01 6.068110e+00 -4.310486e+01
      vertex   4.125199e+01 6.078898e+00 -4.183305e+01
      vertex   4.125801e+01 6.080957e+00 -4.313379e+01
    endloop
  endfacet
  facet normal -2.879537e-01 9.576443e-01 1.830072e-04
    outer loop
      vertex   4.125801e+01 6.080957e+00 -4.313379e+01
      vertex   4.125199e+01 6.078898e+00 -4.183305e+01
      vertex   4.128859e+01 6.090159e+00 -4.316489e+01
    endloop
  endfacet
  facet normal -2.500406e-01 9.682345e-01 1.314620e-03
    outer loop
      vertex   4.128859e+01 6.090159e+00 -4.316489e+01
      vertex   4.125199e+01 6.078898e+00 -4.183305e+01
      vertex   4.133346e+01 6.099936e+00 -4.183305e+01
    endloop
  endfacet
  facet normal -2.279164e-01 9.736806e-01 5.294062e-04
    outer loop
      vertex   4.128859e+01 6.090159e+00 -4.316489e+01
      vertex   4.133346e+01 6.099936e+00 -4.183305e+01
      vertex   4.131693e+01 6.096812e+00 -4.319944e+01
    endloop
  endfacet
  facet normal -1.753175e-01 9.845119e-01 -1.314534e-04
    outer loop
      vertex   4.131693e+01 6.096812e+00 -4.319944e+01
      vertex   4.133346e+01 6.099936e+00 -4.183305e+01
      vertex   4.134267e+01 6.101390e+00 -4.323718e+01
    endloop
  endfacet
  facet normal -1.271952e-01 9.918777e-01 1.920692e-04
    outer loop
      vertex   4.134267e+01 6.101390e+00 -4.323718e+01
      vertex   4.133346e+01 6.099936e+00 -4.183305e+01
      vertex   4.136522e+01 6.104290e+00 -4.327763e+01
    endloop
  endfacet
  facet normal -8.347685e-02 9.965090e-01 1.167376e-03
    outer loop
      vertex   4.136522e+01 6.104290e+00 -4.327763e+01
      vertex   4.133346e+01 6.099936e+00 -4.183305e+01
      vertex   4.138398e+01 6.105911e+00 -4.332028e+01
    endloop
  endfacet
  facet normal -4.913362e-02 9.987895e-01 2.343325e-03
    outer loop
      vertex   4.138398e+01 6.105911e+00 -4.332028e+01
      vertex   4.133346e+01 6.099936e+00 -4.183305e+01
      vertex   4.139858e+01 6.106733e+00 -4.336455e+01
    endloop
  endfacet
  facet normal -1.263231e-02 9.999126e-01 3.900437e-03
    outer loop
      vertex   4.139858e+01 6.106733e+00 -4.336455e+01
      vertex   4.133346e+01 6.099936e+00 -4.183305e+01
      vertex   4.140899e+01 6.107041e+00 -4.340971e+01
    endloop
  endfacet
  facet normal -9.364513e-02 9.956056e-01 -5.307719e-16
    outer loop
      vertex   4.140899e+01 6.107041e+00 -4.340971e+01
      vertex   4.133346e+01 6.099936e+00 -4.183305e+01
      vertex   4.133346e+01 6.099936e+00 -4.016638e+01
    endloop
  endfacet
  facet normal 1.546801e-02 9.998771e-01 2.550434e-03
    outer loop
      vertex   4.140899e+01 6.107041e+00 -4.340971e+01
      vertex   4.133346e+01 6.099936e+00 -4.016638e+01
      vertex   4.141522e+01 6.107060e+00 -4.345501e+01
    endloop
  endfacet
  facet normal -8.679067e-02 9.962266e-01 0.000000e+00
    outer loop
      vertex   4.141522e+01 6.107060e+00 -4.345501e+01
      vertex   4.133346e+01 6.099936e+00 -4.016638e+01
      vertex   4.133346e+01 6.099936e+00 -3.849971e+01
    endloop
  endfacet
  facet normal -8.679067e-02 9.962266e-01 0.000000e+00
    outer loop
      vertex   4.141522e+01 6.107060e+00 -4.345501e+01
      vertex   4.133346e+01 6.099936e+00 -3.849971e+01
      vertex   4.133346e+01 6.099936e+00 -3.683305e+01
    endloop
  endfacet
  facet normal -2.500408e-01 9.682353e-01 0.000000e+00
    outer loop
      vertex   4.133346e+01 6.099936e+00 -3.683305e+01
      vertex   4.133346e+01 6.099936e+00 -3.849971e+01
      vertex   4.125199e+01 6.078898e+00 -3.683305e+01
    endloop
  endfacet
  facet normal -2.500408e-01 9.682353e-01 -5.164511e-16
    outer loop
      vertex   4.133346e+01 6.099936e+00 -3.683305e+01
      vertex   4.125199e+01 6.078898e+00 -3.683305e+01
      vertex   4.125199e+01 6.078898e+00 -3.516638e+01
    endloop
  endfacet
  facet normal -4.088596e-01 9.125973e-01 -4.863295e-16
    outer loop
      vertex   4.125199e+01 6.078898e+00 -3.516638e+01
      vertex   4.125199e+01 6.078898e+00 -3.683305e+01
      vertex   4.117520e+01 6.044496e+00 -3.516638e+01
    endloop
  endfacet
  facet normal -4.088596e-01 9.125973e-01 0.000000e+00
    outer loop
      vertex   4.125199e+01 6.078898e+00 -3.516638e+01
      vertex   4.117520e+01 6.044496e+00 -3.516638e+01
      vertex   4.117520e+01 6.044496e+00 -3.349971e+01
    endloop
  endfacet
  facet normal -5.560998e-01 8.311155e-01 0.000000e+00
    outer loop
      vertex   4.117520e+01 6.044496e+00 -3.349971e+01
      vertex   4.117520e+01 6.044496e+00 -3.516638e+01
      vertex   4.110527e+01 5.997705e+00 -3.349971e+01
    endloop
  endfacet
  facet normal -5.560998e-01 8.311155e-01 0.000000e+00
    outer loop
      vertex   4.117520e+01 6.044496e+00 -3.349971e+01
      vertex   4.110527e+01 5.997705e+00 -3.349971e+01
      vertex   4.110527e+01 5.997705e+00 -3.183305e+01
    endloop
  endfacet
  facet normal -6.875919e-01 7.260974e-01 0.000000e+00
    outer loop
      vertex   4.110527e+01 5.997705e+00 -3.183305e+01
      vertex   4.110527e+01 5.997705e+00 -3.349971e+01
      vertex   4.104417e+01 5.939850e+00 -3.183305e+01
    endloop
  endfacet
  facet normal -6.875919e-01 7.260974e-01 -3.865652e-16
    outer loop
      vertex   4.110527e+01 5.997705e+00 -3.183305e+01
      vertex   4.104417e+01 5.939850e+00 -3.183305e+01
      vertex   4.104417e+01 5.939850e+00 -3.016638e+01
    endloop
  endfacet
  facet normal -7.996121e-01 6.005169e-01 -3.200197e-16
    outer loop
      vertex   4.104417e+01 5.939850e+00 -3.016638e+01
      vertex   4.104417e+01 5.939850e+00 -3.183305e+01
      vertex   4.099365e+01 5.872570e+00 -3.016638e+01
    endloop
  endfacet
  facet normal -7.996112e-01 6.005163e-01 -1.429621e-03
    outer loop
      vertex   4.104417e+01 5.939850e+00 -3.016638e+01
      vertex   4.099365e+01 5.872570e+00 -3.016638e+01
      vertex   4.102311e+01 5.914612e+00 -2.898839e+01
    endloop
  endfacet
  facet normal -8.154850e-01 5.787781e-01 -2.567048e-04
    outer loop
      vertex   4.102311e+01 5.914612e+00 -2.898839e+01
      vertex   4.099365e+01 5.872570e+00 -3.016638e+01
      vertex   4.099696e+01 5.877757e+00 -2.899333e+01
    endloop
  endfacet
  facet normal -8.643822e-01 5.028353e-01 2.172104e-04
    outer loop
      vertex   4.099696e+01 5.877757e+00 -2.899333e+01
      vertex   4.099365e+01 5.872570e+00 -3.016638e+01
      vertex   4.097403e+01 5.838353e+00 -2.899649e+01
    endloop
  endfacet
  facet normal -8.889870e-01 4.579299e-01 -1.508613e-03
    outer loop
      vertex   4.097403e+01 5.838353e+00 -2.899649e+01
      vertex   4.099365e+01 5.872570e+00 -3.016638e+01
      vertex   4.095511e+01 5.797769e+00 -3.016638e+01
    endloop
  endfacet
  facet normal -9.072737e-01 4.205406e-01 8.416818e-05
    outer loop
      vertex   4.097403e+01 5.838353e+00 -2.899649e+01
      vertex   4.095511e+01 5.797769e+00 -3.016638e+01
      vertex   4.095479e+01 5.796826e+00 -2.899835e+01
    endloop
  endfacet
  facet normal -9.423435e-01 3.346470e-01 4.892473e-06
    outer loop
      vertex   4.095479e+01 5.796826e+00 -2.899835e+01
      vertex   4.095511e+01 5.797769e+00 -3.016638e+01
      vertex   4.093945e+01 5.753647e+00 -2.899936e+01
    endloop
  endfacet
  facet normal -9.531879e-01 3.023755e-01 -1.360748e-03
    outer loop
      vertex   4.093945e+01 5.753647e+00 -2.899936e+01
      vertex   4.095511e+01 5.797769e+00 -3.016638e+01
      vertex   4.092967e+01 5.717567e+00 -3.016638e+01
    endloop
  endfacet
  facet normal -9.685674e-01 2.487510e-01 4.260414e-04
    outer loop
      vertex   4.093945e+01 5.753647e+00 -2.899936e+01
      vertex   4.092967e+01 5.717567e+00 -3.016638e+01
      vertex   4.092809e+01 5.709401e+00 -2.899976e+01
    endloop
  endfacet
  facet normal -9.867941e-01 1.619795e-01 -2.060557e-04
    outer loop
      vertex   4.092809e+01 5.709401e+00 -2.899976e+01
      vertex   4.092967e+01 5.717567e+00 -3.016638e+01
      vertex   4.092075e+01 5.664671e+00 -2.899980e+01
    endloop
  endfacet
  facet normal -9.903954e-01 1.382581e-01 -1.309194e-03
    outer loop
      vertex   4.092075e+01 5.664671e+00 -2.899980e+01
      vertex   4.092967e+01 5.717567e+00 -3.016638e+01
      vertex   4.091804e+01 5.634234e+00 -3.016638e+01
    endloop
  endfacet
  facet normal -9.973274e-01 7.306101e-02 4.079626e-04
    outer loop
      vertex   4.092075e+01 5.664671e+00 -2.899980e+01
      vertex   4.091804e+01 5.634234e+00 -3.016638e+01
      vertex   4.091748e+01 5.620042e+00 -2.899972e+01
    endloop
  endfacet
  facet normal -9.998167e-01 -1.913260e-02 -7.146992e-04
    outer loop
      vertex   4.091748e+01 5.620042e+00 -2.899972e+01
      vertex   4.091804e+01 5.634234e+00 -3.016638e+01
      vertex   4.091833e+01 5.575671e+00 -2.899975e+01
    endloop
  endfacet
  facet normal -9.995559e-01 -2.977466e-02 -1.248970e-03
    outer loop
      vertex   4.091833e+01 5.575671e+00 -2.899975e+01
      vertex   4.091804e+01 5.634234e+00 -3.016638e+01
      vertex   4.092054e+01 5.550130e+00 -3.016638e+01
    endloop
  endfacet
  facet normal -9.939305e-01 -1.100082e-01 5.183315e-04
    outer loop
      vertex   4.091833e+01 5.575671e+00 -2.899975e+01
      vertex   4.092054e+01 5.550130e+00 -3.016638e+01
      vertex   4.092328e+01 5.530930e+00 -2.899981e+01
    endloop
  endfacet
  facet normal -9.804102e-01 -1.969643e-01 -9.444841e-04
    outer loop
      vertex   4.092328e+01 5.530930e+00 -2.899981e+01
      vertex   4.092054e+01 5.550130e+00 -3.016638e+01
      vertex   4.093712e+01 5.467637e+00 -3.016638e+01
    endloop
  endfacet
  facet normal -9.802259e-01 -1.978796e-01 -8.926402e-04
    outer loop
      vertex   4.092328e+01 5.530930e+00 -2.899981e+01
      vertex   4.093712e+01 5.467637e+00 -3.016638e+01
      vertex   4.093228e+01 5.486328e+00 -2.899966e+01
    endloop
  endfacet
  facet normal -9.587817e-01 -2.841431e-01 5.782383e-04
    outer loop
      vertex   4.093228e+01 5.486328e+00 -2.899966e+01
      vertex   4.093712e+01 5.467637e+00 -3.016638e+01
      vertex   4.094529e+01 5.442451e+00 -2.899904e+01
    endloop
  endfacet
  facet normal -9.334997e-01 -3.585760e-01 -1.204570e-03
    outer loop
      vertex   4.094529e+01 5.442451e+00 -2.899904e+01
      vertex   4.093712e+01 5.467637e+00 -3.016638e+01
      vertex   4.096729e+01 5.389091e+00 -3.016638e+01
    endloop
  endfacet
  facet normal -9.290336e-01 -3.699950e-01 -5.984212e-04
    outer loop
      vertex   4.094529e+01 5.442451e+00 -2.899904e+01
      vertex   4.096729e+01 5.389091e+00 -3.016638e+01
      vertex   4.096224e+01 5.399882e+00 -2.899770e+01
    endloop
  endfacet
  facet normal -8.903550e-01 -4.552668e-01 3.561231e-04
    outer loop
      vertex   4.096224e+01 5.399882e+00 -2.899770e+01
      vertex   4.096729e+01 5.389091e+00 -3.016638e+01
      vertex   4.098305e+01 5.359182e+00 -2.899537e+01
    endloop
  endfacet
  facet normal -8.601535e-01 -5.100331e-01 -1.449215e-03
    outer loop
      vertex   4.098305e+01 5.359182e+00 -2.899537e+01
      vertex   4.096729e+01 5.389091e+00 -3.016638e+01
      vertex   4.101020e+01 5.316716e+00 -3.016638e+01
    endloop
  endfacet
  facet normal -8.450084e-01 -5.347530e-01 -2.016022e-04
    outer loop
      vertex   4.098305e+01 5.359182e+00 -2.899537e+01
      vertex   4.101020e+01 5.316716e+00 -3.016638e+01
      vertex   4.100736e+01 5.320772e+00 -2.899154e+01
    endloop
  endfacet
  facet normal -7.935159e-01 -6.085494e-01 1.779143e-04
    outer loop
      vertex   4.100736e+01 5.320772e+00 -2.899154e+01
      vertex   4.101020e+01 5.316716e+00 -3.016638e+01
      vertex   4.103472e+01 5.285098e+00 -2.898573e+01
    endloop
  endfacet
  facet normal -7.355874e-01 -6.774238e-01 -2.869283e-03
    outer loop
      vertex   4.103472e+01 5.285098e+00 -2.898573e+01
      vertex   4.101020e+01 5.316716e+00 -3.016638e+01
      vertex   4.106465e+01 5.252563e+00 -2.897751e+01
    endloop
  endfacet
  facet normal -7.624496e-01 -6.470476e-01 6.896324e-16
    outer loop
      vertex   4.106465e+01 5.252563e+00 -2.897751e+01
      vertex   4.101020e+01 5.316716e+00 -3.016638e+01
      vertex   4.101020e+01 5.316716e+00 -3.183305e+01
    endloop
  endfacet
  facet normal -7.624496e-01 -6.470476e-01 0.000000e+00
    outer loop
      vertex   4.106465e+01 5.252563e+00 -2.897751e+01
      vertex   4.101020e+01 5.316716e+00 -3.183305e+01
      vertex   4.101020e+01 5.316716e+00 -3.349971e+01
    endloop
  endfacet
  facet normal -8.601544e-01 -5.100337e-01 0.000000e+00
    outer loop
      vertex   4.101020e+01 5.316716e+00 -3.349971e+01
      vertex   4.101020e+01 5.316716e+00 -3.183305e+01
      vertex   4.096729e+01 5.389091e+00 -3.349971e+01
    endloop
  endfacet
  facet normal -8.601544e-01 -5.100337e-01 0.000000e+00
    outer loop
      vertex   4.101020e+01 5.316716e+00 -3.349971e+01
      vertex   4.096729e+01 5.389091e+00 -3.349971e+01
      vertex   4.096729e+01 5.389091e+00 -3.516638e+01
    endloop
  endfacet
  facet normal -9.335004e-01 -3.585763e-01 0.000000e+00
    outer loop
      vertex   4.096729e+01 5.389091e+00 -3.516638e+01
      vertex   4.096729e+01 5.389091e+00 -3.349971e+01
      vertex   4.093712e+01 5.467637e+00 -3.516638e+01
    endloop
  endfacet
  facet normal -9.335004e-01 -3.585763e-01 1.917363e-16
    outer loop
      vertex   4.096729e+01 5.389091e+00 -3.516638e+01
      vertex   4.093712e+01 5.467637e+00 -3.516638e+01
      vertex   4.093712e+01 5.467637e+00 -3.683305e+01
    endloop
  endfacet
  facet normal -9.804106e-01 -1.969644e-01 1.049637e-16
    outer loop
      vertex   4.093712e+01 5.467637e+00 -3.683305e+01
      vertex   4.093712e+01 5.467637e+00 -3.516638e+01
      vertex   4.092054e+01 5.550130e+00 -3.683305e+01
    endloop
  endfacet
  facet normal -9.804106e-01 -1.969644e-01 0.000000e+00
    outer loop
      vertex   4.093712e+01 5.467637e+00 -3.683305e+01
      vertex   4.092054e+01 5.550130e+00 -3.683305e+01
      vertex   4.092054e+01 5.550130e+00 -3.849971e+01
    endloop
  endfacet
  facet normal -9.995566e-01 -2.977468e-02 0.000000e+00
    outer loop
      vertex   4.092054e+01 5.550130e+00 -3.849971e+01
      vertex   4.092054e+01 5.550130e+00 -3.683305e+01
      vertex   4.091804e+01 5.634234e+00 -3.849971e+01
    endloop
  endfacet
  facet normal -9.995566e-01 -2.977468e-02 0.000000e+00
    outer loop
      vertex   4.092054e+01 5.550130e+00 -3.849971e+01
      vertex   4.091804e+01 5.634234e+00 -3.849971e+01
      vertex   4.091804e+01 5.634234e+00 -4.016638e+01
    endloop
  endfacet
  facet normal -9.903962e-01 1.382582e-01 0.000000e+00
    outer loop
      vertex   4.091804e+01 5.634234e+00 -4.016638e+01
      vertex   4.091804e+01 5.634234e+00 -3.849971e+01
      vertex   4.092967e+01 5.717567e+00 -4.016638e+01
    endloop
  endfacet
  facet normal -9.903962e-01 1.382582e-01 -1.476679e-16
    outer loop
      vertex   4.091804e+01 5.634234e+00 -4.016638e+01
      vertex   4.092967e+01 5.717567e+00 -4.016638e+01
      vertex   4.092967e+01 5.717567e+00 -4.183305e+01
    endloop
  endfacet
  facet normal -9.531888e-01 3.023758e-01 -3.222764e-16
    outer loop
      vertex   4.092967e+01 5.717567e+00 -4.183305e+01
      vertex   4.092967e+01 5.717567e+00 -4.016638e+01
      vertex   4.095511e+01 5.797769e+00 -4.183305e+01
    endloop
  endfacet
  facet normal -7.601635e-01 6.497317e-01 3.300713e-04
    outer loop
      vertex   4.102311e+01 5.914612e+00 -2.898839e+01
      vertex   4.105206e+01 5.948472e+00 -2.898120e+01
      vertex   4.104417e+01 5.939850e+00 -3.016638e+01
    endloop
  endfacet
  facet normal -6.998350e-01 7.143043e-01 -5.410257e-04
    outer loop
      vertex   4.104417e+01 5.939850e+00 -3.016638e+01
      vertex   4.105206e+01 5.948472e+00 -2.898120e+01
      vertex   4.108322e+01 5.979013e+00 -2.897137e+01
    endloop
  endfacet
  facet normal -6.875913e-01 7.260967e-01 -1.327581e-03
    outer loop
      vertex   4.104417e+01 5.939850e+00 -3.016638e+01
      vertex   4.108322e+01 5.979013e+00 -2.897137e+01
      vertex   4.110527e+01 5.997705e+00 -3.016638e+01
    endloop
  endfacet
  facet normal -6.362757e-01 7.714616e-01 3.286530e-04
    outer loop
      vertex   4.110527e+01 5.997705e+00 -3.016638e+01
      vertex   4.108322e+01 5.979013e+00 -2.897137e+01
      vertex   4.111596e+01 6.006005e+00 -2.895855e+01
    endloop
  endfacet
  facet normal -5.670951e-01 8.236521e-01 -6.421659e-04
    outer loop
      vertex   4.110527e+01 5.997705e+00 -3.016638e+01
      vertex   4.111596e+01 6.006005e+00 -2.895855e+01
      vertex   4.115098e+01 6.030132e+00 -2.894171e+01
    endloop
  endfacet
  facet normal -5.560994e-01 8.311149e-01 -1.250185e-03
    outer loop
      vertex   4.110527e+01 5.997705e+00 -3.016638e+01
      vertex   4.115098e+01 6.030132e+00 -2.894171e+01
      vertex   4.117520e+01 6.044496e+00 -3.016638e+01
    endloop
  endfacet
  facet normal -4.974700e-01 8.674811e-01 3.358412e-04
    outer loop
      vertex   4.117520e+01 6.044496e+00 -3.016638e+01
      vertex   4.115098e+01 6.030132e+00 -2.894171e+01
      vertex   4.118766e+01 6.051161e+00 -2.892031e+01
    endloop
  endfacet
  facet normal -4.226098e-01 9.063115e-01 -6.207042e-04
    outer loop
      vertex   4.117520e+01 6.044496e+00 -3.016638e+01
      vertex   4.118766e+01 6.051161e+00 -2.892031e+01
      vertex   4.122397e+01 6.068110e+00 -2.889456e+01
    endloop
  endfacet
  facet normal -4.088592e-01 9.125966e-01 -1.264731e-03
    outer loop
      vertex   4.117520e+01 6.044496e+00 -3.016638e+01
      vertex   4.122397e+01 6.068110e+00 -2.889456e+01
      vertex   4.125199e+01 6.078898e+00 -3.016638e+01
    endloop
  endfacet
  facet normal -3.532595e-01 9.355254e-01 1.543978e-04
    outer loop
      vertex   4.125199e+01 6.078898e+00 -3.016638e+01
      vertex   4.122397e+01 6.068110e+00 -2.889456e+01
      vertex   4.125801e+01 6.080957e+00 -2.886564e+01
    endloop
  endfacet
  facet normal -2.879537e-01 9.576443e-01 -1.830072e-04
    outer loop
      vertex   4.125199e+01 6.078898e+00 -3.016638e+01
      vertex   4.125801e+01 6.080957e+00 -2.886564e+01
      vertex   4.128859e+01 6.090159e+00 -2.883454e+01
    endloop
  endfacet
  facet normal -2.500406e-01 9.682345e-01 -1.314620e-03
    outer loop
      vertex   4.125199e+01 6.078898e+00 -3.016638e+01
      vertex   4.128859e+01 6.090159e+00 -2.883454e+01
      vertex   4.133346e+01 6.099936e+00 -3.016638e+01
    endloop
  endfacet
  facet normal -2.279164e-01 9.736806e-01 -5.294062e-04
    outer loop
      vertex   4.133346e+01 6.099936e+00 -3.016638e+01
      vertex   4.128859e+01 6.090159e+00 -2.883454e+01
      vertex   4.131693e+01 6.096812e+00 -2.879999e+01
    endloop
  endfacet
  facet normal -1.753175e-01 9.845119e-01 1.314534e-04
    outer loop
      vertex   4.133346e+01 6.099936e+00 -3.016638e+01
      vertex   4.131693e+01 6.096812e+00 -2.879999e+01
      vertex   4.134267e+01 6.101390e+00 -2.876224e+01
    endloop
  endfacet
  facet normal -1.271952e-01 9.918777e-01 -1.920692e-04
    outer loop
      vertex   4.134267e+01 6.101390e+00 -2.876224e+01
      vertex   4.136522e+01 6.104290e+00 -2.872180e+01
      vertex   4.133346e+01 6.099936e+00 -3.016638e+01
    endloop
  endfacet
  facet normal -8.347685e-02 9.965090e-01 -1.167376e-03
    outer loop
      vertex   4.133346e+01 6.099936e+00 -3.016638e+01
      vertex   4.136522e+01 6.104290e+00 -2.872180e+01
      vertex   4.138398e+01 6.105911e+00 -2.867915e+01
    endloop
  endfacet
  facet normal -4.913362e-02 9.987895e-01 -2.343325e-03
    outer loop
      vertex   4.133346e+01 6.099936e+00 -3.016638e+01
      vertex   4.138398e+01 6.105911e+00 -2.867915e+01
      vertex   4.139858e+01 6.106733e+00 -2.863488e+01
    endloop
  endfacet
  facet normal -1.263231e-02 9.999126e-01 -3.900437e-03
    outer loop
      vertex   4.139858e+01 6.106733e+00 -2.863488e+01
      vertex   4.140899e+01 6.107041e+00 -2.858972e+01
      vertex   4.133346e+01 6.099936e+00 -3.016638e+01
    endloop
  endfacet
  facet normal -9.364513e-02 9.956056e-01 -5.305653e-16
    outer loop
      vertex   4.133346e+01 6.099936e+00 -3.016638e+01
      vertex   4.140899e+01 6.107041e+00 -2.858972e+01
      vertex   4.133346e+01 6.099936e+00 -3.183305e+01
    endloop
  endfacet
  facet normal -2.500408e-01 9.682353e-01 -5.159794e-16
    outer loop
      vertex   4.133346e+01 6.099936e+00 -3.016638e+01
      vertex   4.133346e+01 6.099936e+00 -3.183305e+01
      vertex   4.125199e+01 6.078898e+00 -3.016638e+01
    endloop
  endfacet
  facet normal -2.500408e-01 9.682353e-01 -1.031959e-15
    outer loop
      vertex   4.125199e+01 6.078898e+00 -3.016638e+01
      vertex   4.133346e+01 6.099936e+00 -3.183305e+01
      vertex   4.125199e+01 6.078898e+00 -3.183305e+01
    endloop
  endfacet
  facet normal -4.088596e-01 9.125973e-01 -9.726591e-16
    outer loop
      vertex   4.125199e+01 6.078898e+00 -3.016638e+01
      vertex   4.125199e+01 6.078898e+00 -3.183305e+01
      vertex   4.117520e+01 6.044496e+00 -3.016638e+01
    endloop
  endfacet
  facet normal -4.088596e-01 9.125973e-01 -4.863295e-16
    outer loop
      vertex   4.117520e+01 6.044496e+00 -3.016638e+01
      vertex   4.125199e+01 6.078898e+00 -3.183305e+01
      vertex   4.117520e+01 6.044496e+00 -3.183305e+01
    endloop
  endfacet
  facet normal -5.560998e-01 8.311155e-01 -4.429073e-16
    outer loop
      vertex   4.117520e+01 6.044496e+00 -3.016638e+01
      vertex   4.117520e+01 6.044496e+00 -3.183305e+01
      vertex   4.110527e+01 5.997705e+00 -3.016638e+01
    endloop
  endfacet
  facet normal -5.560998e-01 8.311155e-01 -8.858146e-16
    outer loop
      vertex   4.110527e+01 5.997705e+00 -3.016638e+01
      vertex   4.117520e+01 6.044496e+00 -3.183305e+01
      vertex   4.110527e+01 5.997705e+00 -3.183305e+01
    endloop
  endfacet
  facet normal -6.875919e-01 7.260974e-01 -7.738848e-16
    outer loop
      vertex   4.110527e+01 5.997705e+00 -3.016638e+01
      vertex   4.110527e+01 5.997705e+00 -3.183305e+01
      vertex   4.104417e+01 5.939850e+00 -3.016638e+01
    endloop
  endfacet
  facet normal 1.546801e-02 9.998771e-01 -2.550434e-03
    outer loop
      vertex   4.140899e+01 6.107041e+00 -2.858972e+01
      vertex   4.141522e+01 6.107060e+00 -2.854442e+01
      vertex   4.133346e+01 6.099936e+00 -3.183305e+01
    endloop
  endfacet
  facet normal -8.679067e-02 9.962266e-01 0.000000e+00
    outer loop
      vertex   4.133346e+01 6.099936e+00 -3.183305e+01
      vertex   4.141522e+01 6.107060e+00 -2.854442e+01
      vertex   4.133346e+01 6.099936e+00 -3.349971e+01
    endloop
  endfacet
  facet normal -2.500408e-01 9.682353e-01 0.000000e+00
    outer loop
      vertex   4.133346e+01 6.099936e+00 -3.183305e+01
      vertex   4.133346e+01 6.099936e+00 -3.349971e+01
      vertex   4.125199e+01 6.078898e+00 -3.183305e+01
    endloop
  endfacet
  facet normal -2.500408e-01 9.682353e-01 0.000000e+00
    outer loop
      vertex   4.125199e+01 6.078898e+00 -3.183305e+01
      vertex   4.133346e+01 6.099936e+00 -3.349971e+01
      vertex   4.125199e+01 6.078898e+00 -3.349971e+01
    endloop
  endfacet
  facet normal -4.088596e-01 9.125973e-01 0.000000e+00
    outer loop
      vertex   4.125199e+01 6.078898e+00 -3.183305e+01
      vertex   4.125199e+01 6.078898e+00 -3.349971e+01
      vertex   4.117520e+01 6.044496e+00 -3.183305e+01
    endloop
  endfacet
  facet normal -4.088596e-01 9.125973e-01 0.000000e+00
    outer loop
      vertex   4.117520e+01 6.044496e+00 -3.183305e+01
      vertex   4.125199e+01 6.078898e+00 -3.349971e+01
      vertex   4.117520e+01 6.044496e+00 -3.349971e+01
    endloop
  endfacet
  facet normal -5.560998e-01 8.311155e-01 0.000000e+00
    outer loop
      vertex   4.117520e+01 6.044496e+00 -3.183305e+01
      vertex   4.117520e+01 6.044496e+00 -3.349971e+01
      vertex   4.110527e+01 5.997705e+00 -3.183305e+01
    endloop
  endfacet
  facet normal 2.109214e-02 9.997775e-01 -5.955399e-17
    outer loop
      vertex   4.141730e+01 6.107016e+00 -2.849971e+01
      vertex   4.141522e+01 6.107060e+00 -4.345501e+01
      vertex   4.141522e+01 6.107060e+00 -2.854442e+01
    endloop
  endfacet
  facet normal -8.679067e-02 9.962266e-01 -5.934217e-17
    outer loop
      vertex   4.141522e+01 6.107060e+00 -2.854442e+01
      vertex   4.141522e+01 6.107060e+00 -4.345501e+01
      vertex   4.133346e+01 6.099936e+00 -3.516638e+01
    endloop
  endfacet
  facet normal -8.679067e-02 9.962266e-01 0.000000e+00
    outer loop
      vertex   4.141522e+01 6.107060e+00 -2.854442e+01
      vertex   4.133346e+01 6.099936e+00 -3.516638e+01
      vertex   4.133346e+01 6.099936e+00 -3.349971e+01
    endloop
  endfacet
  facet normal -2.500408e-01 9.682353e-01 0.000000e+00
    outer loop
      vertex   4.133346e+01 6.099936e+00 -3.349971e+01
      vertex   4.133346e+01 6.099936e+00 -3.516638e+01
      vertex   4.125199e+01 6.078898e+00 -3.349971e+01
    endloop
  endfacet
  facet normal 2.109214e-02 9.997775e-01 -2.367949e-16
    outer loop
      vertex   4.141730e+01 6.107016e+00 -2.849971e+01
      vertex   4.141730e+01 6.107016e+00 -4.349971e+01
      vertex   4.141522e+01 6.107060e+00 -4.345501e+01
    endloop
  endfacet
  facet normal -9.802259e-01 -1.978796e-01 8.926402e-04
    outer loop
      vertex   4.092328e+01 5.530930e+00 -4.299962e+01
      vertex   4.093228e+01 5.486328e+00 -4.299977e+01
      vertex   4.093712e+01 5.467637e+00 -4.183305e+01
    endloop
  endfacet
  facet normal -9.587817e-01 -2.841431e-01 -5.782383e-04
    outer loop
      vertex   4.093712e+01 5.467637e+00 -4.183305e+01
      vertex   4.093228e+01 5.486328e+00 -4.299977e+01
      vertex   4.094529e+01 5.442451e+00 -4.300039e+01
    endloop
  endfacet
  facet normal -9.334997e-01 -3.585760e-01 1.204570e-03
    outer loop
      vertex   4.093712e+01 5.467637e+00 -4.183305e+01
      vertex   4.094529e+01 5.442451e+00 -4.300039e+01
      vertex   4.096729e+01 5.389091e+00 -4.183305e+01
    endloop
  endfacet
  facet normal -9.290336e-01 -3.699950e-01 5.984212e-04
    outer loop
      vertex   4.096729e+01 5.389091e+00 -4.183305e+01
      vertex   4.094529e+01 5.442451e+00 -4.300039e+01
      vertex   4.096224e+01 5.399882e+00 -4.300172e+01
    endloop
  endfacet
  facet normal -8.903550e-01 -4.552668e-01 -3.561231e-04
    outer loop
      vertex   4.096729e+01 5.389091e+00 -4.183305e+01
      vertex   4.096224e+01 5.399882e+00 -4.300172e+01
      vertex   4.098305e+01 5.359182e+00 -4.300405e+01
    endloop
  endfacet
  facet normal -8.601535e-01 -5.100331e-01 1.449215e-03
    outer loop
      vertex   4.096729e+01 5.389091e+00 -4.183305e+01
      vertex   4.098305e+01 5.359182e+00 -4.300405e+01
      vertex   4.101020e+01 5.316716e+00 -4.183305e+01
    endloop
  endfacet
  facet normal -8.450084e-01 -5.347530e-01 2.016022e-04
    outer loop
      vertex   4.101020e+01 5.316716e+00 -4.183305e+01
      vertex   4.098305e+01 5.359182e+00 -4.300405e+01
      vertex   4.100736e+01 5.320772e+00 -4.300789e+01
    endloop
  endfacet
  facet normal -7.935159e-01 -6.085494e-01 -1.779143e-04
    outer loop
      vertex   4.101020e+01 5.316716e+00 -4.183305e+01
      vertex   4.100736e+01 5.320772e+00 -4.300789e+01
      vertex   4.103472e+01 5.285098e+00 -4.301370e+01
    endloop
  endfacet
  facet normal -8.601544e-01 -5.100337e-01 5.436011e-16
    outer loop
      vertex   4.101020e+01 5.316716e+00 -3.183305e+01
      vertex   4.101020e+01 5.316716e+00 -3.016638e+01
      vertex   4.096729e+01 5.389091e+00 -3.183305e+01
    endloop
  endfacet
  facet normal -8.601544e-01 -5.100337e-01 2.718005e-16
    outer loop
      vertex   4.096729e+01 5.389091e+00 -3.183305e+01
      vertex   4.101020e+01 5.316716e+00 -3.016638e+01
      vertex   4.096729e+01 5.389091e+00 -3.016638e+01
    endloop
  endfacet
  facet normal -9.335004e-01 -3.585763e-01 1.910878e-16
    outer loop
      vertex   4.096729e+01 5.389091e+00 -3.183305e+01
      vertex   4.096729e+01 5.389091e+00 -3.016638e+01
      vertex   4.093712e+01 5.467637e+00 -3.183305e+01
    endloop
  endfacet
  facet normal -9.335004e-01 -3.585763e-01 1.910878e-16
    outer loop
      vertex   4.093712e+01 5.467637e+00 -3.183305e+01
      vertex   4.096729e+01 5.389091e+00 -3.016638e+01
      vertex   4.093712e+01 5.467637e+00 -3.016638e+01
    endloop
  endfacet
  facet normal -9.804106e-01 -1.969644e-01 1.049637e-16
    outer loop
      vertex   4.093712e+01 5.467637e+00 -3.183305e+01
      vertex   4.093712e+01 5.467637e+00 -3.016638e+01
      vertex   4.092054e+01 5.550130e+00 -3.183305e+01
    endloop
  endfacet
  facet normal -9.804106e-01 -1.969644e-01 2.099274e-16
    outer loop
      vertex   4.092054e+01 5.550130e+00 -3.183305e+01
      vertex   4.093712e+01 5.467637e+00 -3.016638e+01
      vertex   4.092054e+01 5.550130e+00 -3.016638e+01
    endloop
  endfacet
  facet normal -9.995566e-01 -2.977468e-02 3.173427e-17
    outer loop
      vertex   4.092054e+01 5.550130e+00 -3.183305e+01
      vertex   4.092054e+01 5.550130e+00 -3.016638e+01
      vertex   4.091804e+01 5.634234e+00 -3.183305e+01
    endloop
  endfacet
  facet normal -9.995566e-01 -2.977468e-02 1.586714e-17
    outer loop
      vertex   4.091804e+01 5.634234e+00 -3.183305e+01
      vertex   4.092054e+01 5.550130e+00 -3.016638e+01
      vertex   4.091804e+01 5.634234e+00 -3.016638e+01
    endloop
  endfacet
  facet normal -9.903962e-01 1.382582e-01 -7.367879e-17
    outer loop
      vertex   4.091804e+01 5.634234e+00 -3.183305e+01
      vertex   4.091804e+01 5.634234e+00 -3.016638e+01
      vertex   4.092967e+01 5.717567e+00 -3.183305e+01
    endloop
  endfacet
  facet normal -9.903962e-01 1.382582e-01 -7.367879e-17
    outer loop
      vertex   4.092967e+01 5.717567e+00 -3.183305e+01
      vertex   4.091804e+01 5.634234e+00 -3.016638e+01
      vertex   4.092967e+01 5.717567e+00 -3.016638e+01
    endloop
  endfacet
  facet normal -9.531888e-01 3.023758e-01 -1.611382e-16
    outer loop
      vertex   4.092967e+01 5.717567e+00 -3.183305e+01
      vertex   4.092967e+01 5.717567e+00 -3.016638e+01
      vertex   4.095511e+01 5.797769e+00 -3.183305e+01
    endloop
  endfacet
  facet normal -9.531888e-01 3.023758e-01 -1.611382e-16
    outer loop
      vertex   4.095511e+01 5.797769e+00 -3.183305e+01
      vertex   4.092967e+01 5.717567e+00 -3.016638e+01
      vertex   4.095511e+01 5.797769e+00 -3.016638e+01
    endloop
  endfacet
  facet normal -8.889880e-01 4.579304e-01 -2.440344e-16
    outer loop
      vertex   4.095511e+01 5.797769e+00 -3.183305e+01
      vertex   4.095511e+01 5.797769e+00 -3.016638e+01
      vertex   4.099365e+01 5.872570e+00 -3.183305e+01
    endloop
  endfacet
  facet normal -8.889880e-01 4.579304e-01 -2.440344e-16
    outer loop
      vertex   4.099365e+01 5.872570e+00 -3.183305e+01
      vertex   4.095511e+01 5.797769e+00 -3.016638e+01
      vertex   4.099365e+01 5.872570e+00 -3.016638e+01
    endloop
  endfacet
  facet normal -7.996121e-01 6.005169e-01 -3.200197e-16
    outer loop
      vertex   4.099365e+01 5.872570e+00 -3.183305e+01
      vertex   4.099365e+01 5.872570e+00 -3.016638e+01
      vertex   4.104417e+01 5.939850e+00 -3.183305e+01
    endloop
  endfacet
  facet normal -7.624496e-01 -6.470476e-01 3.448162e-16
    outer loop
      vertex   4.101020e+01 5.316716e+00 -3.683305e+01
      vertex   4.106465e+01 5.252563e+00 -2.897751e+01
      vertex   4.101020e+01 5.316716e+00 -3.516638e+01
    endloop
  endfacet
  facet normal -7.624496e-01 -6.470476e-01 0.000000e+00
    outer loop
      vertex   4.101020e+01 5.316716e+00 -3.516638e+01
      vertex   4.106465e+01 5.252563e+00 -2.897751e+01
      vertex   4.101020e+01 5.316716e+00 -3.349971e+01
    endloop
  endfacet
  facet normal -8.601544e-01 -5.100337e-01 0.000000e+00
    outer loop
      vertex   4.101020e+01 5.316716e+00 -3.516638e+01
      vertex   4.101020e+01 5.316716e+00 -3.349971e+01
      vertex   4.096729e+01 5.389091e+00 -3.516638e+01
    endloop
  endfacet
  facet normal -8.601544e-01 -5.100337e-01 2.718005e-16
    outer loop
      vertex   4.101020e+01 5.316716e+00 -3.683305e+01
      vertex   4.101020e+01 5.316716e+00 -3.516638e+01
      vertex   4.096729e+01 5.389091e+00 -3.683305e+01
    endloop
  endfacet
  facet normal -8.601544e-01 -5.100337e-01 2.718005e-16
    outer loop
      vertex   4.096729e+01 5.389091e+00 -3.683305e+01
      vertex   4.101020e+01 5.316716e+00 -3.516638e+01
      vertex   4.096729e+01 5.389091e+00 -3.516638e+01
    endloop
  endfacet
  facet normal -9.335004e-01 -3.585763e-01 1.910878e-16
    outer loop
      vertex   4.096729e+01 5.389091e+00 -3.683305e+01
      vertex   4.096729e+01 5.389091e+00 -3.516638e+01
      vertex   4.093712e+01 5.467637e+00 -3.683305e+01
    endloop
  endfacet
  facet normal -7.903099e-01 -6.127073e-01 3.265161e-16
    outer loop
      vertex   4.101020e+01 5.316716e+00 -4.183305e+01
      vertex   4.103472e+01 5.285098e+00 -4.301370e+01
      vertex   4.101020e+01 5.316716e+00 -4.016638e+01
    endloop
  endfacet
  facet normal -7.903099e-01 -6.127073e-01 0.000000e+00
    outer loop
      vertex   4.101020e+01 5.316716e+00 -4.016638e+01
      vertex   4.103472e+01 5.285098e+00 -4.301370e+01
      vertex   4.101020e+01 5.316716e+00 -3.849971e+01
    endloop
  endfacet
  facet normal -8.601544e-01 -5.100337e-01 0.000000e+00
    outer loop
      vertex   4.101020e+01 5.316716e+00 -4.016638e+01
      vertex   4.101020e+01 5.316716e+00 -3.849971e+01
      vertex   4.096729e+01 5.389091e+00 -4.016638e+01
    endloop
  endfacet
  facet normal -8.601544e-01 -5.100337e-01 2.690494e-16
    outer loop
      vertex   4.096729e+01 5.389091e+00 -4.183305e+01
      vertex   4.101020e+01 5.316716e+00 -4.183305e+01
      vertex   4.101020e+01 5.316716e+00 -4.016638e+01
    endloop
  endfacet
  facet normal -8.601544e-01 -5.100337e-01 2.718005e-16
    outer loop
      vertex   4.096729e+01 5.389091e+00 -4.183305e+01
      vertex   4.101020e+01 5.316716e+00 -4.016638e+01
      vertex   4.096729e+01 5.389091e+00 -4.016638e+01
    endloop
  endfacet
  facet normal -8.601544e-01 -5.100337e-01 0.000000e+00
    outer loop
      vertex   4.101020e+01 5.316716e+00 -3.183305e+01
      vertex   4.096729e+01 5.389091e+00 -3.183305e+01
      vertex   4.096729e+01 5.389091e+00 -3.349971e+01
    endloop
  endfacet
  facet normal -9.335004e-01 -3.585763e-01 0.000000e+00
    outer loop
      vertex   4.096729e+01 5.389091e+00 -3.349971e+01
      vertex   4.096729e+01 5.389091e+00 -3.183305e+01
      vertex   4.093712e+01 5.467637e+00 -3.349971e+01
    endloop
  endfacet
  facet normal -9.335004e-01 -3.585763e-01 0.000000e+00
    outer loop
      vertex   4.096729e+01 5.389091e+00 -3.349971e+01
      vertex   4.093712e+01 5.467637e+00 -3.349971e+01
      vertex   4.093712e+01 5.467637e+00 -3.516638e+01
    endloop
  endfacet
  facet normal -9.804106e-01 -1.969644e-01 0.000000e+00
    outer loop
      vertex   4.093712e+01 5.467637e+00 -3.516638e+01
      vertex   4.093712e+01 5.467637e+00 -3.349971e+01
      vertex   4.092054e+01 5.550130e+00 -3.516638e+01
    endloop
  endfacet
  facet normal -9.804106e-01 -1.969644e-01 1.035995e-16
    outer loop
      vertex   4.093712e+01 5.467637e+00 -3.516638e+01
      vertex   4.092054e+01 5.550130e+00 -3.516638e+01
      vertex   4.092054e+01 5.550130e+00 -3.683305e+01
    endloop
  endfacet
  facet normal -9.995566e-01 -2.977468e-02 1.586714e-17
    outer loop
      vertex   4.092054e+01 5.550130e+00 -3.683305e+01
      vertex   4.092054e+01 5.550130e+00 -3.516638e+01
      vertex   4.091804e+01 5.634234e+00 -3.683305e+01
    endloop
  endfacet
  facet normal -9.995566e-01 -2.977468e-02 0.000000e+00
    outer loop
      vertex   4.092054e+01 5.550130e+00 -3.683305e+01
      vertex   4.091804e+01 5.634234e+00 -3.683305e+01
      vertex   4.091804e+01 5.634234e+00 -3.849971e+01
    endloop
  endfacet
  facet normal -9.903962e-01 1.382582e-01 0.000000e+00
    outer loop
      vertex   4.091804e+01 5.634234e+00 -3.849971e+01
      vertex   4.091804e+01 5.634234e+00 -3.683305e+01
      vertex   4.092967e+01 5.717567e+00 -3.849971e+01
    endloop
  endfacet
  facet normal -9.903962e-01 1.382582e-01 0.000000e+00
    outer loop
      vertex   4.091804e+01 5.634234e+00 -3.849971e+01
      vertex   4.092967e+01 5.717567e+00 -3.849971e+01
      vertex   4.092967e+01 5.717567e+00 -4.016638e+01
    endloop
  endfacet
  facet normal -9.531888e-01 3.023758e-01 0.000000e+00
    outer loop
      vertex   4.092967e+01 5.717567e+00 -4.016638e+01
      vertex   4.092967e+01 5.717567e+00 -3.849971e+01
      vertex   4.095511e+01 5.797769e+00 -4.016638e+01
    endloop
  endfacet
  facet normal -9.531888e-01 3.023758e-01 -1.608111e-16
    outer loop
      vertex   4.092967e+01 5.717567e+00 -4.016638e+01
      vertex   4.095511e+01 5.797769e+00 -4.016638e+01
      vertex   4.095511e+01 5.797769e+00 -4.183305e+01
    endloop
  endfacet
  facet normal -8.889880e-01 4.579304e-01 -2.440344e-16
    outer loop
      vertex   4.095511e+01 5.797769e+00 -4.183305e+01
      vertex   4.095511e+01 5.797769e+00 -4.016638e+01
      vertex   4.099365e+01 5.872570e+00 -4.183305e+01
    endloop
  endfacet
  facet normal -9.335004e-01 -3.585763e-01 0.000000e+00
    outer loop
      vertex   4.093712e+01 5.467637e+00 -3.349971e+01
      vertex   4.096729e+01 5.389091e+00 -3.183305e+01
      vertex   4.093712e+01 5.467637e+00 -3.183305e+01
    endloop
  endfacet
  facet normal -8.601544e-01 -5.100337e-01 0.000000e+00
    outer loop
      vertex   4.101020e+01 5.316716e+00 -3.683305e+01
      vertex   4.096729e+01 5.389091e+00 -3.683305e+01
      vertex   4.096729e+01 5.389091e+00 -3.849971e+01
    endloop
  endfacet
  facet normal -9.335004e-01 -3.585763e-01 0.000000e+00
    outer loop
      vertex   4.096729e+01 5.389091e+00 -3.849971e+01
      vertex   4.096729e+01 5.389091e+00 -3.683305e+01
      vertex   4.093712e+01 5.467637e+00 -3.849971e+01
    endloop
  endfacet
  facet normal -9.335004e-01 -3.585763e-01 0.000000e+00
    outer loop
      vertex   4.096729e+01 5.389091e+00 -3.849971e+01
      vertex   4.093712e+01 5.467637e+00 -3.849971e+01
      vertex   4.093712e+01 5.467637e+00 -4.016638e+01
    endloop
  endfacet
  facet normal -9.804106e-01 -1.969644e-01 0.000000e+00
    outer loop
      vertex   4.093712e+01 5.467637e+00 -4.016638e+01
      vertex   4.093712e+01 5.467637e+00 -3.849971e+01
      vertex   4.092054e+01 5.550130e+00 -4.016638e+01
    endloop
  endfacet
  facet normal -9.804106e-01 -1.969644e-01 1.035995e-16
    outer loop
      vertex   4.093712e+01 5.467637e+00 -4.016638e+01
      vertex   4.092054e+01 5.550130e+00 -4.016638e+01
      vertex   4.092054e+01 5.550130e+00 -4.183305e+01
    endloop
  endfacet
  facet normal -9.995566e-01 -2.977468e-02 1.586714e-17
    outer loop
      vertex   4.092054e+01 5.550130e+00 -4.183305e+01
      vertex   4.092054e+01 5.550130e+00 -4.016638e+01
      vertex   4.091804e+01 5.634234e+00 -4.183305e+01
    endloop
  endfacet
  facet normal -9.335004e-01 -3.585763e-01 0.000000e+00
    outer loop
      vertex   4.093712e+01 5.467637e+00 -3.849971e+01
      vertex   4.096729e+01 5.389091e+00 -3.683305e+01
      vertex   4.093712e+01 5.467637e+00 -3.683305e+01
    endloop
  endfacet
  facet normal -9.335004e-01 -3.585763e-01 1.917363e-16
    outer loop
      vertex   4.093712e+01 5.467637e+00 -4.183305e+01
      vertex   4.096729e+01 5.389091e+00 -4.183305e+01
      vertex   4.096729e+01 5.389091e+00 -4.016638e+01
    endloop
  endfacet
  facet normal -9.804106e-01 -1.969644e-01 0.000000e+00
    outer loop
      vertex   4.093712e+01 5.467637e+00 -3.349971e+01
      vertex   4.093712e+01 5.467637e+00 -3.183305e+01
      vertex   4.092054e+01 5.550130e+00 -3.349971e+01
    endloop
  endfacet
  facet normal -9.804106e-01 -1.969644e-01 0.000000e+00
    outer loop
      vertex   4.092054e+01 5.550130e+00 -3.349971e+01
      vertex   4.093712e+01 5.467637e+00 -3.183305e+01
      vertex   4.092054e+01 5.550130e+00 -3.183305e+01
    endloop
  endfacet
  facet normal -9.995566e-01 -2.977468e-02 0.000000e+00
    outer loop
      vertex   4.092054e+01 5.550130e+00 -3.349971e+01
      vertex   4.092054e+01 5.550130e+00 -3.183305e+01
      vertex   4.091804e+01 5.634234e+00 -3.349971e+01
    endloop
  endfacet
  facet normal -9.995566e-01 -2.977468e-02 0.000000e+00
    outer loop
      vertex   4.091804e+01 5.634234e+00 -3.349971e+01
      vertex   4.092054e+01 5.550130e+00 -3.183305e+01
      vertex   4.091804e+01 5.634234e+00 -3.183305e+01
    endloop
  endfacet
  facet normal -9.903962e-01 1.382582e-01 0.000000e+00
    outer loop
      vertex   4.091804e+01 5.634234e+00 -3.349971e+01
      vertex   4.091804e+01 5.634234e+00 -3.183305e+01
      vertex   4.092967e+01 5.717567e+00 -3.349971e+01
    endloop
  endfacet
  facet normal -9.903962e-01 1.382582e-01 0.000000e+00
    outer loop
      vertex   4.092967e+01 5.717567e+00 -3.349971e+01
      vertex   4.091804e+01 5.634234e+00 -3.183305e+01
      vertex   4.092967e+01 5.717567e+00 -3.183305e+01
    endloop
  endfacet
  facet normal -9.531888e-01 3.023758e-01 0.000000e+00
    outer loop
      vertex   4.092967e+01 5.717567e+00 -3.349971e+01
      vertex   4.092967e+01 5.717567e+00 -3.183305e+01
      vertex   4.095511e+01 5.797769e+00 -3.349971e+01
    endloop
  endfacet
  facet normal -9.531888e-01 3.023758e-01 0.000000e+00
    outer loop
      vertex   4.095511e+01 5.797769e+00 -3.349971e+01
      vertex   4.092967e+01 5.717567e+00 -3.183305e+01
      vertex   4.095511e+01 5.797769e+00 -3.183305e+01
    endloop
  endfacet
  facet normal -8.889880e-01 4.579304e-01 0.000000e+00
    outer loop
      vertex   4.095511e+01 5.797769e+00 -3.349971e+01
      vertex   4.095511e+01 5.797769e+00 -3.183305e+01
      vertex   4.099365e+01 5.872570e+00 -3.349971e+01
    endloop
  endfacet
  facet normal -8.889880e-01 4.579304e-01 0.000000e+00
    outer loop
      vertex   4.099365e+01 5.872570e+00 -3.349971e+01
      vertex   4.095511e+01 5.797769e+00 -3.183305e+01
      vertex   4.099365e+01 5.872570e+00 -3.183305e+01
    endloop
  endfacet
  facet normal -7.996121e-01 6.005169e-01 0.000000e+00
    outer loop
      vertex   4.099365e+01 5.872570e+00 -3.349971e+01
      vertex   4.099365e+01 5.872570e+00 -3.183305e+01
      vertex   4.104417e+01 5.939850e+00 -3.349971e+01
    endloop
  endfacet
  facet normal -7.996121e-01 6.005169e-01 0.000000e+00
    outer loop
      vertex   4.104417e+01 5.939850e+00 -3.349971e+01
      vertex   4.099365e+01 5.872570e+00 -3.183305e+01
      vertex   4.104417e+01 5.939850e+00 -3.183305e+01
    endloop
  endfacet
  facet normal -6.875919e-01 7.260974e-01 0.000000e+00
    outer loop
      vertex   4.104417e+01 5.939850e+00 -3.349971e+01
      vertex   4.104417e+01 5.939850e+00 -3.183305e+01
      vertex   4.110527e+01 5.997705e+00 -3.349971e+01
    endloop
  endfacet
  facet normal -9.804106e-01 -1.969644e-01 0.000000e+00
    outer loop
      vertex   4.092054e+01 5.550130e+00 -4.016638e+01
      vertex   4.093712e+01 5.467637e+00 -3.849971e+01
      vertex   4.092054e+01 5.550130e+00 -3.849971e+01
    endloop
  endfacet
  facet normal -9.804106e-01 -1.969644e-01 0.000000e+00
    outer loop
      vertex   4.092054e+01 5.550130e+00 -3.849971e+01
      vertex   4.093712e+01 5.467637e+00 -3.849971e+01
      vertex   4.093712e+01 5.467637e+00 -3.683305e+01
    endloop
  endfacet
  facet normal -9.804106e-01 -1.969644e-01 0.000000e+00
    outer loop
      vertex   4.093712e+01 5.467637e+00 -3.349971e+01
      vertex   4.092054e+01 5.550130e+00 -3.349971e+01
      vertex   4.092054e+01 5.550130e+00 -3.516638e+01
    endloop
  endfacet
  facet normal -9.995566e-01 -2.977468e-02 0.000000e+00
    outer loop
      vertex   4.092054e+01 5.550130e+00 -3.516638e+01
      vertex   4.092054e+01 5.550130e+00 -3.349971e+01
      vertex   4.091804e+01 5.634234e+00 -3.516638e+01
    endloop
  endfacet
  facet normal -9.995566e-01 -2.977468e-02 1.584917e-17
    outer loop
      vertex   4.092054e+01 5.550130e+00 -3.516638e+01
      vertex   4.091804e+01 5.634234e+00 -3.516638e+01
      vertex   4.091804e+01 5.634234e+00 -3.683305e+01
    endloop
  endfacet
  facet normal -9.903962e-01 1.382582e-01 -7.367879e-17
    outer loop
      vertex   4.091804e+01 5.634234e+00 -3.683305e+01
      vertex   4.091804e+01 5.634234e+00 -3.516638e+01
      vertex   4.092967e+01 5.717567e+00 -3.683305e+01
    endloop
  endfacet
  facet normal -9.903962e-01 1.382582e-01 0.000000e+00
    outer loop
      vertex   4.091804e+01 5.634234e+00 -3.683305e+01
      vertex   4.092967e+01 5.717567e+00 -3.683305e+01
      vertex   4.092967e+01 5.717567e+00 -3.849971e+01
    endloop
  endfacet
  facet normal -9.531888e-01 3.023758e-01 0.000000e+00
    outer loop
      vertex   4.092967e+01 5.717567e+00 -3.849971e+01
      vertex   4.092967e+01 5.717567e+00 -3.683305e+01
      vertex   4.095511e+01 5.797769e+00 -3.849971e+01
    endloop
  endfacet
  facet normal -9.531888e-01 3.023758e-01 0.000000e+00
    outer loop
      vertex   4.092967e+01 5.717567e+00 -3.849971e+01
      vertex   4.095511e+01 5.797769e+00 -3.849971e+01
      vertex   4.095511e+01 5.797769e+00 -4.016638e+01
    endloop
  endfacet
  facet normal -8.889880e-01 4.579304e-01 0.000000e+00
    outer loop
      vertex   4.095511e+01 5.797769e+00 -4.016638e+01
      vertex   4.095511e+01 5.797769e+00 -3.849971e+01
      vertex   4.099365e+01 5.872570e+00 -4.016638e+01
    endloop
  endfacet
  facet normal -8.889880e-01 4.579304e-01 -4.886184e-16
    outer loop
      vertex   4.095511e+01 5.797769e+00 -4.016638e+01
      vertex   4.099365e+01 5.872570e+00 -4.016638e+01
      vertex   4.099365e+01 5.872570e+00 -4.183305e+01
    endloop
  endfacet
  facet normal -7.996121e-01 6.005169e-01 -6.400394e-16
    outer loop
      vertex   4.099365e+01 5.872570e+00 -4.183305e+01
      vertex   4.099365e+01 5.872570e+00 -4.016638e+01
      vertex   4.104417e+01 5.939850e+00 -4.183305e+01
    endloop
  endfacet
  facet normal -9.995566e-01 -2.977468e-02 0.000000e+00
    outer loop
      vertex   4.091804e+01 5.634234e+00 -3.516638e+01
      vertex   4.092054e+01 5.550130e+00 -3.349971e+01
      vertex   4.091804e+01 5.634234e+00 -3.349971e+01
    endloop
  endfacet
  facet normal -9.995566e-01 -2.977468e-02 1.586714e-17
    outer loop
      vertex   4.091804e+01 5.634234e+00 -4.183305e+01
      vertex   4.092054e+01 5.550130e+00 -4.016638e+01
      vertex   4.091804e+01 5.634234e+00 -4.016638e+01
    endloop
  endfacet
  facet normal -9.995566e-01 -2.977468e-02 0.000000e+00
    outer loop
      vertex   4.091804e+01 5.634234e+00 -4.016638e+01
      vertex   4.092054e+01 5.550130e+00 -4.016638e+01
      vertex   4.092054e+01 5.550130e+00 -3.849971e+01
    endloop
  endfacet
  facet normal -9.903962e-01 1.382582e-01 0.000000e+00
    outer loop
      vertex   4.091804e+01 5.634234e+00 -3.516638e+01
      vertex   4.091804e+01 5.634234e+00 -3.349971e+01
      vertex   4.092967e+01 5.717567e+00 -3.516638e+01
    endloop
  endfacet
  facet normal -9.903962e-01 1.382582e-01 0.000000e+00
    outer loop
      vertex   4.092967e+01 5.717567e+00 -3.516638e+01
      vertex   4.091804e+01 5.634234e+00 -3.349971e+01
      vertex   4.092967e+01 5.717567e+00 -3.349971e+01
    endloop
  endfacet
  facet normal -9.531888e-01 3.023758e-01 0.000000e+00
    outer loop
      vertex   4.092967e+01 5.717567e+00 -3.516638e+01
      vertex   4.092967e+01 5.717567e+00 -3.349971e+01
      vertex   4.095511e+01 5.797769e+00 -3.516638e+01
    endloop
  endfacet
  facet normal -9.531888e-01 3.023758e-01 0.000000e+00
    outer loop
      vertex   4.095511e+01 5.797769e+00 -3.516638e+01
      vertex   4.092967e+01 5.717567e+00 -3.349971e+01
      vertex   4.095511e+01 5.797769e+00 -3.349971e+01
    endloop
  endfacet
  facet normal -8.889880e-01 4.579304e-01 0.000000e+00
    outer loop
      vertex   4.095511e+01 5.797769e+00 -3.516638e+01
      vertex   4.095511e+01 5.797769e+00 -3.349971e+01
      vertex   4.099365e+01 5.872570e+00 -3.516638e+01
    endloop
  endfacet
  facet normal -8.889880e-01 4.579304e-01 0.000000e+00
    outer loop
      vertex   4.099365e+01 5.872570e+00 -3.516638e+01
      vertex   4.095511e+01 5.797769e+00 -3.349971e+01
      vertex   4.099365e+01 5.872570e+00 -3.349971e+01
    endloop
  endfacet
  facet normal -7.996121e-01 6.005169e-01 0.000000e+00
    outer loop
      vertex   4.099365e+01 5.872570e+00 -3.516638e+01
      vertex   4.099365e+01 5.872570e+00 -3.349971e+01
      vertex   4.104417e+01 5.939850e+00 -3.516638e+01
    endloop
  endfacet
  facet normal -7.996121e-01 6.005169e-01 0.000000e+00
    outer loop
      vertex   4.104417e+01 5.939850e+00 -3.516638e+01
      vertex   4.099365e+01 5.872570e+00 -3.349971e+01
      vertex   4.104417e+01 5.939850e+00 -3.349971e+01
    endloop
  endfacet
  facet normal -6.875919e-01 7.260974e-01 0.000000e+00
    outer loop
      vertex   4.104417e+01 5.939850e+00 -3.516638e+01
      vertex   4.104417e+01 5.939850e+00 -3.349971e+01
      vertex   4.110527e+01 5.997705e+00 -3.516638e+01
    endloop
  endfacet
  facet normal -6.875919e-01 7.260974e-01 0.000000e+00
    outer loop
      vertex   4.110527e+01 5.997705e+00 -3.516638e+01
      vertex   4.104417e+01 5.939850e+00 -3.349971e+01
      vertex   4.110527e+01 5.997705e+00 -3.349971e+01
    endloop
  endfacet
  facet normal -5.560998e-01 8.311155e-01 0.000000e+00
    outer loop
      vertex   4.110527e+01 5.997705e+00 -3.516638e+01
      vertex   4.110527e+01 5.997705e+00 -3.349971e+01
      vertex   4.117520e+01 6.044496e+00 -3.516638e+01
    endloop
  endfacet
  facet normal -9.903962e-01 1.382582e-01 -7.422052e-17
    outer loop
      vertex   4.092967e+01 5.717567e+00 -4.183305e+01
      vertex   4.091804e+01 5.634234e+00 -4.183305e+01
      vertex   4.091804e+01 5.634234e+00 -4.016638e+01
    endloop
  endfacet
  facet normal -9.903962e-01 1.382582e-01 -7.344739e-17
    outer loop
      vertex   4.091804e+01 5.634234e+00 -3.516638e+01
      vertex   4.092967e+01 5.717567e+00 -3.516638e+01
      vertex   4.092967e+01 5.717567e+00 -3.683305e+01
    endloop
  endfacet
  facet normal -9.531888e-01 3.023758e-01 -1.611382e-16
    outer loop
      vertex   4.092967e+01 5.717567e+00 -3.683305e+01
      vertex   4.092967e+01 5.717567e+00 -3.516638e+01
      vertex   4.095511e+01 5.797769e+00 -3.683305e+01
    endloop
  endfacet
  facet normal -9.531888e-01 3.023758e-01 0.000000e+00
    outer loop
      vertex   4.092967e+01 5.717567e+00 -3.683305e+01
      vertex   4.095511e+01 5.797769e+00 -3.683305e+01
      vertex   4.095511e+01 5.797769e+00 -3.849971e+01
    endloop
  endfacet
  facet normal -8.889880e-01 4.579304e-01 0.000000e+00
    outer loop
      vertex   4.095511e+01 5.797769e+00 -3.849971e+01
      vertex   4.095511e+01 5.797769e+00 -3.683305e+01
      vertex   4.099365e+01 5.872570e+00 -3.849971e+01
    endloop
  endfacet
  facet normal -8.889880e-01 4.579304e-01 0.000000e+00
    outer loop
      vertex   4.095511e+01 5.797769e+00 -3.849971e+01
      vertex   4.099365e+01 5.872570e+00 -3.849971e+01
      vertex   4.099365e+01 5.872570e+00 -4.016638e+01
    endloop
  endfacet
  facet normal -7.996121e-01 6.005169e-01 0.000000e+00
    outer loop
      vertex   4.099365e+01 5.872570e+00 -4.016638e+01
      vertex   4.099365e+01 5.872570e+00 -3.849971e+01
      vertex   4.104417e+01 5.939850e+00 -4.016638e+01
    endloop
  endfacet
  facet normal -7.996121e-01 6.005169e-01 -6.401520e-16
    outer loop
      vertex   4.099365e+01 5.872570e+00 -4.016638e+01
      vertex   4.104417e+01 5.939850e+00 -4.016638e+01
      vertex   4.104417e+01 5.939850e+00 -4.183305e+01
    endloop
  endfacet
  facet normal -6.875919e-01 7.260974e-01 -7.738848e-16
    outer loop
      vertex   4.104417e+01 5.939850e+00 -4.183305e+01
      vertex   4.104417e+01 5.939850e+00 -4.016638e+01
      vertex   4.110527e+01 5.997705e+00 -4.183305e+01
    endloop
  endfacet
  facet normal -9.531888e-01 3.023758e-01 -1.611382e-16
    outer loop
      vertex   4.095511e+01 5.797769e+00 -3.683305e+01
      vertex   4.092967e+01 5.717567e+00 -3.516638e+01
      vertex   4.095511e+01 5.797769e+00 -3.516638e+01
    endloop
  endfacet
  facet normal -8.889880e-01 4.579304e-01 -2.440344e-16
    outer loop
      vertex   4.095511e+01 5.797769e+00 -3.683305e+01
      vertex   4.095511e+01 5.797769e+00 -3.516638e+01
      vertex   4.099365e+01 5.872570e+00 -3.683305e+01
    endloop
  endfacet
  facet normal -8.889880e-01 4.579304e-01 -2.440344e-16
    outer loop
      vertex   4.099365e+01 5.872570e+00 -3.683305e+01
      vertex   4.095511e+01 5.797769e+00 -3.516638e+01
      vertex   4.099365e+01 5.872570e+00 -3.516638e+01
    endloop
  endfacet
  facet normal -7.996121e-01 6.005169e-01 -3.200197e-16
    outer loop
      vertex   4.099365e+01 5.872570e+00 -3.683305e+01
      vertex   4.099365e+01 5.872570e+00 -3.516638e+01
      vertex   4.104417e+01 5.939850e+00 -3.683305e+01
    endloop
  endfacet
  facet normal -7.996121e-01 6.005169e-01 -3.200197e-16
    outer loop
      vertex   4.104417e+01 5.939850e+00 -3.683305e+01
      vertex   4.099365e+01 5.872570e+00 -3.516638e+01
      vertex   4.104417e+01 5.939850e+00 -3.516638e+01
    endloop
  endfacet
  facet normal -6.875919e-01 7.260974e-01 -3.869424e-16
    outer loop
      vertex   4.104417e+01 5.939850e+00 -3.683305e+01
      vertex   4.104417e+01 5.939850e+00 -3.516638e+01
      vertex   4.110527e+01 5.997705e+00 -3.683305e+01
    endloop
  endfacet
  facet normal -6.875919e-01 7.260974e-01 -3.869424e-16
    outer loop
      vertex   4.110527e+01 5.997705e+00 -3.683305e+01
      vertex   4.104417e+01 5.939850e+00 -3.516638e+01
      vertex   4.110527e+01 5.997705e+00 -3.516638e+01
    endloop
  endfacet
  facet normal -5.560998e-01 8.311155e-01 -4.429073e-16
    outer loop
      vertex   4.110527e+01 5.997705e+00 -3.683305e+01
      vertex   4.110527e+01 5.997705e+00 -3.516638e+01
      vertex   4.117520e+01 6.044496e+00 -3.683305e+01
    endloop
  endfacet
  facet normal -5.560998e-01 8.311155e-01 -4.429073e-16
    outer loop
      vertex   4.117520e+01 6.044496e+00 -3.683305e+01
      vertex   4.110527e+01 5.997705e+00 -3.516638e+01
      vertex   4.117520e+01 6.044496e+00 -3.516638e+01
    endloop
  endfacet
  facet normal -4.088596e-01 9.125973e-01 -4.863295e-16
    outer loop
      vertex   4.117520e+01 6.044496e+00 -3.683305e+01
      vertex   4.117520e+01 6.044496e+00 -3.516638e+01
      vertex   4.125199e+01 6.078898e+00 -3.683305e+01
    endloop
  endfacet
  facet normal -8.889880e-01 4.579304e-01 0.000000e+00
    outer loop
      vertex   4.095511e+01 5.797769e+00 -3.683305e+01
      vertex   4.099365e+01 5.872570e+00 -3.683305e+01
      vertex   4.099365e+01 5.872570e+00 -3.849971e+01
    endloop
  endfacet
  facet normal -7.996121e-01 6.005169e-01 0.000000e+00
    outer loop
      vertex   4.099365e+01 5.872570e+00 -3.849971e+01
      vertex   4.099365e+01 5.872570e+00 -3.683305e+01
      vertex   4.104417e+01 5.939850e+00 -3.849971e+01
    endloop
  endfacet
  facet normal -7.996121e-01 6.005169e-01 0.000000e+00
    outer loop
      vertex   4.099365e+01 5.872570e+00 -3.849971e+01
      vertex   4.104417e+01 5.939850e+00 -3.849971e+01
      vertex   4.104417e+01 5.939850e+00 -4.016638e+01
    endloop
  endfacet
  facet normal -6.875919e-01 7.260974e-01 0.000000e+00
    outer loop
      vertex   4.104417e+01 5.939850e+00 -4.016638e+01
      vertex   4.104417e+01 5.939850e+00 -3.849971e+01
      vertex   4.110527e+01 5.997705e+00 -4.016638e+01
    endloop
  endfacet
  facet normal -6.875919e-01 7.260974e-01 -3.865652e-16
    outer loop
      vertex   4.104417e+01 5.939850e+00 -4.016638e+01
      vertex   4.110527e+01 5.997705e+00 -4.016638e+01
      vertex   4.110527e+01 5.997705e+00 -4.183305e+01
    endloop
  endfacet
  facet normal -5.560998e-01 8.311155e-01 -4.429073e-16
    outer loop
      vertex   4.110527e+01 5.997705e+00 -4.183305e+01
      vertex   4.110527e+01 5.997705e+00 -4.016638e+01
      vertex   4.117520e+01 6.044496e+00 -4.183305e+01
    endloop
  endfacet
  facet normal -7.996121e-01 6.005169e-01 0.000000e+00
    outer loop
      vertex   4.104417e+01 5.939850e+00 -3.849971e+01
      vertex   4.099365e+01 5.872570e+00 -3.683305e+01
      vertex   4.104417e+01 5.939850e+00 -3.683305e+01
    endloop
  endfacet
  facet normal -6.875919e-01 7.260974e-01 0.000000e+00
    outer loop
      vertex   4.104417e+01 5.939850e+00 -3.849971e+01
      vertex   4.104417e+01 5.939850e+00 -3.683305e+01
      vertex   4.110527e+01 5.997705e+00 -3.849971e+01
    endloop
  endfacet
  facet normal -6.875919e-01 7.260974e-01 0.000000e+00
    outer loop
      vertex   4.110527e+01 5.997705e+00 -3.849971e+01
      vertex   4.104417e+01 5.939850e+00 -3.683305e+01
      vertex   4.110527e+01 5.997705e+00 -3.683305e+01
    endloop
  endfacet
  facet normal -5.560998e-01 8.311155e-01 0.000000e+00
    outer loop
      vertex   4.110527e+01 5.997705e+00 -3.849971e+01
      vertex   4.110527e+01 5.997705e+00 -3.683305e+01
      vertex   4.117520e+01 6.044496e+00 -3.849971e+01
    endloop
  endfacet
  facet normal -5.560998e-01 8.311155e-01 0.000000e+00
    outer loop
      vertex   4.117520e+01 6.044496e+00 -3.849971e+01
      vertex   4.110527e+01 5.997705e+00 -3.683305e+01
      vertex   4.117520e+01 6.044496e+00 -3.683305e+01
    endloop
  endfacet
  facet normal -4.088596e-01 9.125973e-01 0.000000e+00
    outer loop
      vertex   4.117520e+01 6.044496e+00 -3.849971e+01
      vertex   4.117520e+01 6.044496e+00 -3.683305e+01
      vertex   4.125199e+01 6.078898e+00 -3.849971e+01
    endloop
  endfacet
  facet normal -4.088596e-01 9.125973e-01 0.000000e+00
    outer loop
      vertex   4.125199e+01 6.078898e+00 -3.849971e+01
      vertex   4.117520e+01 6.044496e+00 -3.683305e+01
      vertex   4.125199e+01 6.078898e+00 -3.683305e+01
    endloop
  endfacet
  facet normal -2.500408e-01 9.682353e-01 0.000000e+00
    outer loop
      vertex   4.125199e+01 6.078898e+00 -3.849971e+01
      vertex   4.125199e+01 6.078898e+00 -3.683305e+01
      vertex   4.133346e+01 6.099936e+00 -3.849971e+01
    endloop
  endfacet
  facet normal -6.875919e-01 7.260974e-01 0.000000e+00
    outer loop
      vertex   4.104417e+01 5.939850e+00 -3.849971e+01
      vertex   4.110527e+01 5.997705e+00 -3.849971e+01
      vertex   4.110527e+01 5.997705e+00 -4.016638e+01
    endloop
  endfacet
  facet normal -5.560998e-01 8.311155e-01 0.000000e+00
    outer loop
      vertex   4.110527e+01 5.997705e+00 -4.016638e+01
      vertex   4.110527e+01 5.997705e+00 -3.849971e+01
      vertex   4.117520e+01 6.044496e+00 -4.016638e+01
    endloop
  endfacet
  facet normal -5.560998e-01 8.311155e-01 -4.422306e-16
    outer loop
      vertex   4.110527e+01 5.997705e+00 -4.016638e+01
      vertex   4.117520e+01 6.044496e+00 -4.016638e+01
      vertex   4.117520e+01 6.044496e+00 -4.183305e+01
    endloop
  endfacet
  facet normal -4.088596e-01 9.125973e-01 -4.863295e-16
    outer loop
      vertex   4.117520e+01 6.044496e+00 -4.183305e+01
      vertex   4.117520e+01 6.044496e+00 -4.016638e+01
      vertex   4.125199e+01 6.078898e+00 -4.183305e+01
    endloop
  endfacet
  facet normal -5.560998e-01 8.311155e-01 0.000000e+00
    outer loop
      vertex   4.117520e+01 6.044496e+00 -4.016638e+01
      vertex   4.110527e+01 5.997705e+00 -3.849971e+01
      vertex   4.117520e+01 6.044496e+00 -3.849971e+01
    endloop
  endfacet
  facet normal -4.088596e-01 9.125973e-01 0.000000e+00
    outer loop
      vertex   4.125199e+01 6.078898e+00 -3.516638e+01
      vertex   4.117520e+01 6.044496e+00 -3.349971e+01
      vertex   4.125199e+01 6.078898e+00 -3.349971e+01
    endloop
  endfacet
  facet normal -4.088596e-01 9.125973e-01 0.000000e+00
    outer loop
      vertex   4.117520e+01 6.044496e+00 -4.016638e+01
      vertex   4.117520e+01 6.044496e+00 -3.849971e+01
      vertex   4.125199e+01 6.078898e+00 -4.016638e+01
    endloop
  endfacet
  facet normal -4.088596e-01 9.125973e-01 0.000000e+00
    outer loop
      vertex   4.125199e+01 6.078898e+00 -4.016638e+01
      vertex   4.117520e+01 6.044496e+00 -3.849971e+01
      vertex   4.125199e+01 6.078898e+00 -3.849971e+01
    endloop
  endfacet
  facet normal -2.500408e-01 9.682353e-01 0.000000e+00
    outer loop
      vertex   4.125199e+01 6.078898e+00 -4.016638e+01
      vertex   4.125199e+01 6.078898e+00 -3.849971e+01
      vertex   4.133346e+01 6.099936e+00 -4.016638e+01
    endloop
  endfacet
  facet normal -2.500408e-01 9.682353e-01 0.000000e+00
    outer loop
      vertex   4.133346e+01 6.099936e+00 -4.016638e+01
      vertex   4.125199e+01 6.078898e+00 -3.849971e+01
      vertex   4.133346e+01 6.099936e+00 -3.849971e+01
    endloop
  endfacet
  facet normal -2.500408e-01 9.682353e-01 -5.159794e-16
    outer loop
      vertex   4.133346e+01 6.099936e+00 -3.683305e+01
      vertex   4.125199e+01 6.078898e+00 -3.516638e+01
      vertex   4.133346e+01 6.099936e+00 -3.516638e+01
    endloop
  endfacet
  facet normal -2.500408e-01 9.682353e-01 0.000000e+00
    outer loop
      vertex   4.133346e+01 6.099936e+00 -3.516638e+01
      vertex   4.125199e+01 6.078898e+00 -3.516638e+01
      vertex   4.125199e+01 6.078898e+00 -3.349971e+01
    endloop
  endfacet
  facet normal -2.500408e-01 9.682353e-01 -5.164511e-16
    outer loop
      vertex   4.133346e+01 6.099936e+00 -4.183305e+01
      vertex   4.125199e+01 6.078898e+00 -4.183305e+01
      vertex   4.125199e+01 6.078898e+00 -4.016638e+01
    endloop
  endfacet
  facet normal -4.088596e-01 9.125973e-01 -4.863295e-16
    outer loop
      vertex   4.125199e+01 6.078898e+00 -4.016638e+01
      vertex   4.125199e+01 6.078898e+00 -4.183305e+01
      vertex   4.117520e+01 6.044496e+00 -4.016638e+01
    endloop
  endfacet
  facet normal -2.500408e-01 9.682353e-01 -5.159794e-16
    outer loop
      vertex   4.133346e+01 6.099936e+00 -4.183305e+01
      vertex   4.125199e+01 6.078898e+00 -4.016638e+01
      vertex   4.133346e+01 6.099936e+00 -4.016638e+01
    endloop
  endfacet
  facet normal -8.679067e-02 9.962266e-01 -5.310241e-16
    outer loop
      vertex   4.141522e+01 6.107060e+00 -4.345501e+01
      vertex   4.133346e+01 6.099936e+00 -3.683305e+01
      vertex   4.133346e+01 6.099936e+00 -3.516638e+01
    endloop
  endfacet
  facet normal -9.989229e-01 1.435456e-03 4.637779e-02
    outer loop
      vertex   4.141522e+01 6.107060e+00 -2.854442e+01
      vertex   4.141114e+01 4.351698e+00 -2.857791e+01
      vertex   4.141730e+01 6.107016e+00 -2.849971e+01
    endloop
  endfacet
  facet normal -9.957700e-01 -6.026604e-04 9.187858e-02
    outer loop
      vertex   4.141730e+01 6.107016e+00 -2.849971e+01
      vertex   4.141114e+01 4.351698e+00 -2.857791e+01
      vertex   4.141528e+01 2.599824e+00 -2.854454e+01
    endloop
  endfacet
  facet normal -9.977363e-01 -2.867099e-04 6.724787e-02
    outer loop
      vertex   4.141730e+01 6.107016e+00 -2.849971e+01
      vertex   4.141528e+01 2.599824e+00 -2.854454e+01
      vertex   4.141679e+01 2.597209e+00 -2.852215e+01
    endloop
  endfacet
  facet normal -9.906602e-01 -3.006640e-04 1.363534e-01
    outer loop
      vertex   4.141522e+01 6.107060e+00 -2.854442e+01
      vertex   4.140899e+01 6.107041e+00 -2.858972e+01
      vertex   4.141114e+01 4.351698e+00 -2.857791e+01
    endloop
  endfacet
  facet normal -9.744493e-01 3.128293e-04 2.246073e-01
    outer loop
      vertex   4.141114e+01 4.351698e+00 -2.857791e+01
      vertex   4.140899e+01 6.107041e+00 -2.858972e+01
      vertex   4.139858e+01 6.106733e+00 -2.863488e+01
    endloop
  endfacet
  facet normal -9.723823e-01 6.127906e-04 2.333931e-01
    outer loop
      vertex   4.141114e+01 4.351698e+00 -2.857791e+01
      vertex   4.139858e+01 6.106733e+00 -2.863488e+01
      vertex   4.139284e+01 4.351698e+00 -2.865419e+01
    endloop
  endfacet
  facet normal -9.497121e-01 -3.386998e-04 3.131242e-01
    outer loop
      vertex   4.139284e+01 4.351698e+00 -2.865419e+01
      vertex   4.139858e+01 6.106733e+00 -2.863488e+01
      vertex   4.138398e+01 6.105911e+00 -2.867915e+01
    endloop
  endfacet
  facet normal -9.239135e-01 7.799982e-04 3.826007e-01
    outer loop
      vertex   4.139284e+01 4.351698e+00 -2.865419e+01
      vertex   4.138398e+01 6.105911e+00 -2.867915e+01
      vertex   4.136283e+01 4.351698e+00 -2.872666e+01
    endloop
  endfacet
  facet normal -9.153554e-01 1.338077e-04 4.026468e-01
    outer loop
      vertex   4.136283e+01 4.351698e+00 -2.872666e+01
      vertex   4.138398e+01 6.105911e+00 -2.867915e+01
      vertex   4.136522e+01 6.104290e+00 -2.872180e+01
    endloop
  endfacet
  facet normal -8.734322e-01 -1.574044e-04 4.869458e-01
    outer loop
      vertex   4.136283e+01 4.351698e+00 -2.872666e+01
      vertex   4.136522e+01 6.104290e+00 -2.872180e+01
      vertex   4.134267e+01 6.101390e+00 -2.876224e+01
    endloop
  endfacet
  facet normal -8.261281e-01 -5.639091e-04 5.634820e-01
    outer loop
      vertex   4.131693e+01 6.096812e+00 -2.879999e+01
      vertex   4.133067e+01 4.693257e+00 -2.878125e+01
      vertex   4.134267e+01 6.101390e+00 -2.876224e+01
    endloop
  endfacet
  facet normal -8.381852e-01 -2.168893e-04 5.453857e-01
    outer loop
      vertex   4.134267e+01 6.101390e+00 -2.876224e+01
      vertex   4.133067e+01 4.693257e+00 -2.878125e+01
      vertex   4.133408e+01 4.647670e+00 -2.877603e+01
    endloop
  endfacet
  facet normal -8.487629e-01 3.128344e-06 5.287737e-01
    outer loop
      vertex   4.134267e+01 6.101390e+00 -2.876224e+01
      vertex   4.133408e+01 4.647670e+00 -2.877603e+01
      vertex   4.133522e+01 4.601676e+00 -2.877419e+01
    endloop
  endfacet
  facet normal -7.731434e-01 -3.577642e-04 6.342311e-01
    outer loop
      vertex   4.128859e+01 6.090159e+00 -2.883454e+01
      vertex   4.129505e+01 4.870368e+00 -2.882735e+01
      vertex   4.131693e+01 6.096812e+00 -2.879999e+01
    endloop
  endfacet
  facet normal -7.762609e-01 -2.169271e-04 6.304117e-01
    outer loop
      vertex   4.131693e+01 6.096812e+00 -2.879999e+01
      vertex   4.129505e+01 4.870368e+00 -2.882735e+01
      vertex   4.131719e+01 4.782975e+00 -2.880013e+01
    endloop
  endfacet
  facet normal -8.142129e-01 -2.191864e-04 5.805664e-01
    outer loop
      vertex   4.131693e+01 6.096812e+00 -2.879999e+01
      vertex   4.131719e+01 4.782975e+00 -2.880013e+01
      vertex   4.133067e+01 4.693257e+00 -2.878125e+01
    endloop
  endfacet
  facet normal -7.246667e-01 2.220069e-04 6.890995e-01
    outer loop
      vertex   4.129505e+01 4.870368e+00 -2.882735e+01
      vertex   4.128859e+01 6.090159e+00 -2.883454e+01
      vertex   4.126453e+01 4.954972e+00 -2.885948e+01
    endloop
  endfacet
  facet normal -7.129331e-01 -2.932346e-04 7.012319e-01
    outer loop
      vertex   4.126453e+01 4.954972e+00 -2.885948e+01
      vertex   4.128859e+01 6.090159e+00 -2.883454e+01
      vertex   4.125801e+01 6.080957e+00 -2.886564e+01
    endloop
  endfacet
  facet normal -6.541265e-01 3.490876e-04 7.563851e-01
    outer loop
      vertex   4.126453e+01 4.954972e+00 -2.885948e+01
      vertex   4.125801e+01 6.080957e+00 -2.886564e+01
      vertex   4.122579e+01 5.036282e+00 -2.889302e+01
    endloop
  endfacet
  facet normal -6.476311e-01 2.791001e-06 7.619540e-01
    outer loop
      vertex   4.122579e+01 5.036282e+00 -2.889302e+01
      vertex   4.125801e+01 6.080957e+00 -2.886564e+01
      vertex   4.122397e+01 6.068110e+00 -2.889456e+01
    endloop
  endfacet
  facet normal -5.784608e-01 2.051314e-04 8.157102e-01
    outer loop
      vertex   4.122579e+01 5.036282e+00 -2.889302e+01
      vertex   4.122397e+01 6.068110e+00 -2.889456e+01
      vertex   4.118766e+01 6.051161e+00 -2.892031e+01
    endloop
  endfacet
  facet normal -5.695510e-01 7.077900e-04 8.219557e-01
    outer loop
      vertex   4.122579e+01 5.036282e+00 -2.889302e+01
      vertex   4.118766e+01 6.051161e+00 -2.892031e+01
      vertex   4.117920e+01 5.113535e+00 -2.892536e+01
    endloop
  endfacet
  facet normal -5.039053e-01 -1.098474e-04 8.637589e-01
    outer loop
      vertex   4.117920e+01 5.113535e+00 -2.892536e+01
      vertex   4.118766e+01 6.051161e+00 -2.892031e+01
      vertex   4.115098e+01 6.030132e+00 -2.894171e+01
    endloop
  endfacet
  facet normal -4.714891e-01 1.211419e-03 8.818711e-01
    outer loop
      vertex   4.117920e+01 5.113535e+00 -2.892536e+01
      vertex   4.115098e+01 6.030132e+00 -2.894171e+01
      vertex   4.112532e+01 5.185891e+00 -2.895427e+01
    endloop
  endfacet
  facet normal -4.332308e-01 -2.398755e-04 9.012830e-01
    outer loop
      vertex   4.112532e+01 5.185891e+00 -2.895427e+01
      vertex   4.115098e+01 6.030132e+00 -2.894171e+01
      vertex   4.111596e+01 6.006005e+00 -2.895855e+01
    endloop
  endfacet
  facet normal -3.650909e-01 6.936522e-04 9.309716e-01
    outer loop
      vertex   4.112532e+01 5.185891e+00 -2.895427e+01
      vertex   4.111596e+01 6.006005e+00 -2.895855e+01
      vertex   4.108322e+01 5.979013e+00 -2.897137e+01
    endloop
  endfacet
  facet normal -3.564999e-01 1.221346e-03 9.342946e-01
    outer loop
      vertex   4.112532e+01 5.185891e+00 -2.895427e+01
      vertex   4.108322e+01 5.979013e+00 -2.897137e+01
      vertex   4.106465e+01 5.252563e+00 -2.897751e+01
    endloop
  endfacet
  facet normal -3.005406e-01 -3.741736e-04 9.537690e-01
    outer loop
      vertex   4.106465e+01 5.252563e+00 -2.897751e+01
      vertex   4.108322e+01 5.979013e+00 -2.897137e+01
      vertex   4.105206e+01 5.948472e+00 -2.898120e+01
    endloop
  endfacet
  facet normal -2.645445e-01 3.332592e-04 9.643734e-01
    outer loop
      vertex   4.106465e+01 5.252563e+00 -2.897751e+01
      vertex   4.105206e+01 5.948472e+00 -2.898120e+01
      vertex   4.103472e+01 5.285098e+00 -2.898573e+01
    endloop
  endfacet
  facet normal -2.406762e-01 -3.332474e-04 9.706054e-01
    outer loop
      vertex   4.103472e+01 5.285098e+00 -2.898573e+01
      vertex   4.105206e+01 5.948472e+00 -2.898120e+01
      vertex   4.102311e+01 5.914612e+00 -2.898839e+01
    endloop
  endfacet
  facet normal -2.073530e-01 3.133175e-04 9.782661e-01
    outer loop
      vertex   4.103472e+01 5.285098e+00 -2.898573e+01
      vertex   4.102311e+01 5.914612e+00 -2.898839e+01
      vertex   4.100736e+01 5.320772e+00 -2.899154e+01
    endloop
  endfacet
  facet normal -1.851808e-01 -2.985387e-04 9.827044e-01
    outer loop
      vertex   4.100736e+01 5.320772e+00 -2.899154e+01
      vertex   4.102311e+01 5.914612e+00 -2.898839e+01
      vertex   4.099696e+01 5.877757e+00 -2.899333e+01
    endloop
  endfacet
  facet normal -1.553090e-01 2.757318e-04 9.878659e-01
    outer loop
      vertex   4.100736e+01 5.320772e+00 -2.899154e+01
      vertex   4.099696e+01 5.877757e+00 -2.899333e+01
      vertex   4.098305e+01 5.359182e+00 -2.899537e+01
    endloop
  endfacet
  facet normal -1.358228e-01 -2.581573e-04 9.907331e-01
    outer loop
      vertex   4.098305e+01 5.359182e+00 -2.899537e+01
      vertex   4.099696e+01 5.877757e+00 -2.899333e+01
      vertex   4.097403e+01 5.838353e+00 -2.899649e+01
    endloop
  endfacet
  facet normal -1.108592e-01 2.187290e-04 9.938361e-01
    outer loop
      vertex   4.098305e+01 5.359182e+00 -2.899537e+01
      vertex   4.097403e+01 5.838353e+00 -2.899649e+01
      vertex   4.096224e+01 5.399882e+00 -2.899770e+01
    endloop
  endfacet
  facet normal -9.628473e-02 -1.776123e-04 9.953538e-01
    outer loop
      vertex   4.096224e+01 5.399882e+00 -2.899770e+01
      vertex   4.097403e+01 5.838353e+00 -2.899649e+01
      vertex   4.095479e+01 5.796826e+00 -2.899835e+01
    endloop
  endfacet
  facet normal -7.786541e-02 1.708263e-04 9.969639e-01
    outer loop
      vertex   4.096224e+01 5.399882e+00 -2.899770e+01
      vertex   4.095479e+01 5.796826e+00 -2.899835e+01
      vertex   4.094529e+01 5.442451e+00 -2.899904e+01
    endloop
  endfacet
  facet normal -6.513464e-02 -1.722224e-04 9.978765e-01
    outer loop
      vertex   4.094529e+01 5.442451e+00 -2.899904e+01
      vertex   4.095479e+01 5.796826e+00 -2.899835e+01
      vertex   4.093945e+01 5.753647e+00 -2.899936e+01
    endloop
  endfacet
  facet normal -4.702179e-02 1.683631e-04 9.988938e-01
    outer loop
      vertex   4.094529e+01 5.442451e+00 -2.899904e+01
      vertex   4.093945e+01 5.753647e+00 -2.899936e+01
      vertex   4.093228e+01 5.486328e+00 -2.899966e+01
    endloop
  endfacet
  facet normal -3.439506e-02 -1.709013e-04 9.994083e-01
    outer loop
      vertex   4.093228e+01 5.486328e+00 -2.899966e+01
      vertex   4.093945e+01 5.753647e+00 -2.899936e+01
      vertex   4.092809e+01 5.709401e+00 -2.899976e+01
    endloop
  endfacet
  facet normal -1.648663e-02 1.659381e-04 9.998641e-01
    outer loop
      vertex   4.093228e+01 5.486328e+00 -2.899966e+01
      vertex   4.092809e+01 5.709401e+00 -2.899976e+01
      vertex   4.092328e+01 5.530930e+00 -2.899981e+01
    endloop
  endfacet
  facet normal -4.015288e-03 -1.702561e-04 9.999919e-01
    outer loop
      vertex   4.092328e+01 5.530930e+00 -2.899981e+01
      vertex   4.092809e+01 5.709401e+00 -2.899976e+01
      vertex   4.092075e+01 5.664671e+00 -2.899980e+01
    endloop
  endfacet
  facet normal 1.351429e-02 1.615836e-04 9.999087e-01
    outer loop
      vertex   4.092328e+01 5.530930e+00 -2.899981e+01
      vertex   4.092075e+01 5.664671e+00 -2.899980e+01
      vertex   4.091833e+01 5.575671e+00 -2.899975e+01
    endloop
  endfacet
  facet normal 2.564158e-02 -1.683298e-04 9.996712e-01
    outer loop
      vertex   4.091833e+01 5.575671e+00 -2.899975e+01
      vertex   4.092075e+01 5.664671e+00 -2.899980e+01
      vertex   4.091748e+01 5.620042e+00 -2.899972e+01
    endloop
  endfacet
  facet normal -8.641161e-01 2.823374e-04 5.032925e-01
    outer loop
      vertex   4.134267e+01 6.101390e+00 -2.876224e+01
      vertex   4.133522e+01 4.601676e+00 -2.877419e+01
      vertex   4.136283e+01 4.351698e+00 -2.872666e+01
    endloop
  endfacet
  facet normal -8.620067e-01 1.200278e-03 5.068955e-01
    outer loop
      vertex   4.136283e+01 4.351698e+00 -2.872666e+01
      vertex   4.133522e+01 4.601676e+00 -2.877419e+01
      vertex   4.133408e+01 4.555682e+00 -2.877603e+01
    endloop
  endfacet
  facet normal -8.649457e-01 -4.312401e-04 5.018653e-01
    outer loop
      vertex   4.136283e+01 4.351698e+00 -2.872666e+01
      vertex   4.133408e+01 4.555682e+00 -2.877603e+01
      vertex   4.134650e+01 2.718967e+00 -2.875621e+01
    endloop
  endfacet
  facet normal -8.381941e-01 2.191258e-04 5.453720e-01
    outer loop
      vertex   4.134650e+01 2.718967e+00 -2.875621e+01
      vertex   4.133408e+01 4.555682e+00 -2.877603e+01
      vertex   4.133067e+01 4.510096e+00 -2.878125e+01
    endloop
  endfacet
  facet normal -8.175826e-01 8.268686e-04 5.758107e-01
    outer loop
      vertex   4.134650e+01 2.718967e+00 -2.875621e+01
      vertex   4.133067e+01 4.510096e+00 -2.878125e+01
      vertex   4.132184e+01 4.351698e+00 -2.879356e+01
    endloop
  endfacet
  facet normal -8.143928e-01 2.993066e-04 5.803140e-01
    outer loop
      vertex   4.132184e+01 4.351698e+00 -2.879356e+01
      vertex   4.133067e+01 4.510096e+00 -2.878125e+01
      vertex   4.131719e+01 4.420378e+00 -2.880013e+01
    endloop
  endfacet
  facet normal -8.158672e-01 8.941844e-07 5.782394e-01
    outer loop
      vertex   4.132184e+01 4.351698e+00 -2.879356e+01
      vertex   4.131719e+01 4.420378e+00 -2.880013e+01
      vertex   4.132177e+01 2.761791e+00 -2.879365e+01
    endloop
  endfacet
  facet normal -7.764115e-01 3.128208e-04 6.302263e-01
    outer loop
      vertex   4.132177e+01 2.761791e+00 -2.879365e+01
      vertex   4.131719e+01 4.420378e+00 -2.880013e+01
      vertex   4.129505e+01 4.332985e+00 -2.882735e+01
    endloop
  endfacet
  facet normal -7.817000e-01 8.192074e-05 6.236546e-01
    outer loop
      vertex   4.132177e+01 2.761791e+00 -2.879365e+01
      vertex   4.129505e+01 4.332985e+00 -2.882735e+01
      vertex   4.129379e+01 2.810257e+00 -2.882873e+01
    endloop
  endfacet
  facet normal -7.249271e-01 -2.408806e-05 6.888256e-01
    outer loop
      vertex   4.129379e+01 2.810257e+00 -2.882873e+01
      vertex   4.129505e+01 4.332985e+00 -2.882735e+01
      vertex   4.126453e+01 4.248381e+00 -2.885948e+01
    endloop
  endfacet
  facet normal -7.226379e-01 7.381346e-05 6.912267e-01
    outer loop
      vertex   4.129379e+01 2.810257e+00 -2.882873e+01
      vertex   4.126453e+01 4.248381e+00 -2.885948e+01
      vertex   4.126278e+01 2.863976e+00 -2.886116e+01
    endloop
  endfacet
  facet normal -6.579042e-01 -8.363616e-05 7.531016e-01
    outer loop
      vertex   4.126278e+01 2.863976e+00 -2.886116e+01
      vertex   4.126453e+01 4.248381e+00 -2.885948e+01
      vertex   4.122898e+01 2.922514e+00 -2.889068e+01
    endloop
  endfacet
  facet normal -6.542370e-01 -2.569963e-04 7.562895e-01
    outer loop
      vertex   4.122898e+01 2.922514e+00 -2.889068e+01
      vertex   4.126453e+01 4.248381e+00 -2.885948e+01
      vertex   4.122579e+01 4.167071e+00 -2.889302e+01
    endloop
  endfacet
  facet normal -5.876320e-01 1.289355e-05 8.091283e-01
    outer loop
      vertex   4.122898e+01 2.922514e+00 -2.889068e+01
      vertex   4.122579e+01 4.167071e+00 -2.889302e+01
      vertex   4.119267e+01 2.985401e+00 -2.891705e+01
    endloop
  endfacet
  facet normal -5.694958e-01 -7.570612e-04 8.219939e-01
    outer loop
      vertex   4.119267e+01 2.985401e+00 -2.891705e+01
      vertex   4.122579e+01 4.167071e+00 -2.889302e+01
      vertex   4.117920e+01 4.089817e+00 -2.892536e+01
    endloop
  endfacet
  facet normal -5.124640e-01 2.147370e-04 8.587087e-01
    outer loop
      vertex   4.119267e+01 2.985401e+00 -2.891705e+01
      vertex   4.117920e+01 4.089817e+00 -2.892536e+01
      vertex   4.115415e+01 3.052129e+00 -2.894006e+01
    endloop
  endfacet
  facet normal -4.716064e-01 -1.099024e-03 8.818085e-01
    outer loop
      vertex   4.115415e+01 3.052129e+00 -2.894006e+01
      vertex   4.117920e+01 4.089817e+00 -2.892536e+01
      vertex   4.112532e+01 4.017461e+00 -2.895427e+01
    endloop
  endfacet
  facet normal -4.332311e-01 3.334069e-04 9.012828e-01
    outer loop
      vertex   4.115415e+01 3.052129e+00 -2.894006e+01
      vertex   4.112532e+01 4.017461e+00 -2.895427e+01
      vertex   4.111371e+01 3.122161e+00 -2.895952e+01
    endloop
  endfacet
  facet normal -3.568561e-01 -8.499710e-04 9.341590e-01
    outer loop
      vertex   4.111371e+01 3.122161e+00 -2.895952e+01
      vertex   4.112532e+01 4.017461e+00 -2.895427e+01
      vertex   4.106465e+01 3.950790e+00 -2.897751e+01
    endloop
  endfacet
  facet normal -3.519574e-01 -5.195910e-04 9.360159e-01
    outer loop
      vertex   4.111371e+01 3.122161e+00 -2.895952e+01
      vertex   4.106465e+01 3.950790e+00 -2.897751e+01
      vertex   4.107170e+01 3.194933e+00 -2.897528e+01
    endloop
  endfacet
  facet normal -2.679476e-01 3.450690e-04 9.634334e-01
    outer loop
      vertex   4.107170e+01 3.194933e+00 -2.897528e+01
      vertex   4.106465e+01 3.950790e+00 -2.897751e+01
      vertex   4.103748e+01 3.921514e+00 -2.898505e+01
    endloop
  endfacet
  facet normal -2.650132e-01 4.941638e-04 9.642446e-01
    outer loop
      vertex   4.107170e+01 3.194933e+00 -2.897528e+01
      vertex   4.103748e+01 3.921514e+00 -2.898505e+01
      vertex   4.102844e+01 3.269860e+00 -2.898721e+01
    endloop
  endfacet
  facet normal -2.152702e-01 -2.368276e-04 9.765545e-01
    outer loop
      vertex   4.102844e+01 3.269860e+00 -2.898721e+01
      vertex   4.103748e+01 3.921514e+00 -2.898505e+01
      vertex   4.101238e+01 3.889646e+00 -2.899060e+01
    endloop
  endfacet
  facet normal -1.769704e-01 7.975321e-04 9.842158e-01
    outer loop
      vertex   4.102844e+01 3.269860e+00 -2.898721e+01
      vertex   4.101238e+01 3.889646e+00 -2.899060e+01
      vertex   4.098429e+01 3.346336e+00 -2.899521e+01
    endloop
  endfacet
  facet normal -1.679274e-01 3.164959e-04 9.857993e-01
    outer loop
      vertex   4.098429e+01 3.346336e+00 -2.899521e+01
      vertex   4.101238e+01 3.889646e+00 -2.899060e+01
      vertex   4.098970e+01 3.855471e+00 -2.899445e+01
    endloop
  endfacet
  facet normal -1.244716e-01 -1.554436e-04 9.922232e-01
    outer loop
      vertex   4.098429e+01 3.346336e+00 -2.899521e+01
      vertex   4.098970e+01 3.855471e+00 -2.899445e+01
      vertex   4.096977e+01 3.819323e+00 -2.899695e+01
    endloop
  endfacet
  facet normal -7.767629e-02 -5.496879e-04 9.969785e-01
    outer loop
      vertex   4.093928e+01 3.742387e+00 -2.899937e+01
      vertex   4.094910e+01 3.421140e+00 -2.899878e+01
      vertex   4.096977e+01 3.819323e+00 -2.899695e+01
    endloop
  endfacet
  facet normal -8.473658e-02 -1.804050e-04 9.964034e-01
    outer loop
      vertex   4.096977e+01 3.819323e+00 -2.899695e+01
      vertex   4.094910e+01 3.421140e+00 -2.899878e+01
      vertex   4.096513e+01 3.382946e+00 -2.899743e+01
    endloop
  endfacet
  facet normal -1.148610e-01 1.436729e-04 9.933816e-01
    outer loop
      vertex   4.096977e+01 3.819323e+00 -2.899695e+01
      vertex   4.096513e+01 3.382946e+00 -2.899743e+01
      vertex   4.098429e+01 3.346336e+00 -2.899521e+01
    endloop
  endfacet
  facet normal -4.284291e-02 5.191330e-04 9.990817e-01
    outer loop
      vertex   4.094910e+01 3.421140e+00 -2.899878e+01
      vertex   4.093928e+01 3.742387e+00 -2.899937e+01
      vertex   4.092673e+01 3.500660e+00 -2.899978e+01
    endloop
  endfacet
  facet normal -2.237914e-02 -5.443606e-04 9.997494e-01
    outer loop
      vertex   4.092673e+01 3.500660e+00 -2.899978e+01
      vertex   4.093928e+01 3.742387e+00 -2.899937e+01
      vertex   4.092176e+01 3.661984e+00 -2.899981e+01
    endloop
  endfacet
  facet normal 1.063462e-02 4.721315e-04 9.999433e-01
    outer loop
      vertex   4.092673e+01 3.500660e+00 -2.899978e+01
      vertex   4.092176e+01 3.661984e+00 -2.899981e+01
      vertex   4.091753e+01 3.581473e+00 -2.899972e+01
    endloop
  endfacet
  facet normal -8.345130e-01 3.407640e-06 5.509882e-01
    outer loop
      vertex   4.132177e+01 2.761791e+00 -2.879365e+01
      vertex   4.134650e+01 2.718967e+00 -2.875621e+01
      vertex   4.132184e+01 4.351698e+00 -2.879356e+01
    endloop
  endfacet
  facet normal -8.804650e-01 2.261727e-04 4.741111e-01
    outer loop
      vertex   4.134650e+01 2.718967e+00 -2.875621e+01
      vertex   4.136776e+01 2.682131e+00 -2.871669e+01
      vertex   4.136283e+01 4.351698e+00 -2.872666e+01
    endloop
  endfacet
  facet normal -9.195991e-01 -3.747525e-04 3.928579e-01
    outer loop
      vertex   4.136283e+01 4.351698e+00 -2.872666e+01
      vertex   4.136776e+01 2.682131e+00 -2.871669e+01
      vertex   4.138540e+01 2.651578e+00 -2.867543e+01
    endloop
  endfacet
  facet normal -9.239135e-01 -7.411288e-04 3.826007e-01
    outer loop
      vertex   4.136283e+01 4.351698e+00 -2.872666e+01
      vertex   4.138540e+01 2.651578e+00 -2.867543e+01
      vertex   4.139284e+01 4.351698e+00 -2.865419e+01
    endloop
  endfacet
  facet normal -9.509901e-01 2.941571e-04 3.092210e-01
    outer loop
      vertex   4.139284e+01 4.351698e+00 -2.865419e+01
      vertex   4.138540e+01 2.651578e+00 -2.867543e+01
      vertex   4.139927e+01 2.627557e+00 -2.863276e+01
    endloop
  endfacet
  facet normal -9.723822e-01 -7.282933e-04 2.333931e-01
    outer loop
      vertex   4.139284e+01 4.351698e+00 -2.865419e+01
      vertex   4.139927e+01 2.627557e+00 -2.863276e+01
      vertex   4.141114e+01 4.351698e+00 -2.857791e+01
    endloop
  endfacet
  facet normal -9.749498e-01 -3.617254e-04 2.224247e-01
    outer loop
      vertex   4.141114e+01 4.351698e+00 -2.857791e+01
      vertex   4.139927e+01 2.627557e+00 -2.863276e+01
      vertex   4.140926e+01 2.610259e+00 -2.858901e+01
    endloop
  endfacet
  facet normal -9.909397e-01 2.169899e-04 1.343075e-01
    outer loop
      vertex   4.141114e+01 4.351698e+00 -2.857791e+01
      vertex   4.140926e+01 2.610259e+00 -2.858901e+01
      vertex   4.141528e+01 2.599824e+00 -2.854454e+01
    endloop
  endfacet
  facet normal -9.997481e-01 2.270590e-17 2.244214e-02
    outer loop
      vertex   4.141679e+01 2.597209e+00 -2.852215e+01
      vertex   4.141730e+01 2.596336e+00 -2.849971e+01
      vertex   4.141730e+01 6.107016e+00 -2.849971e+01
    endloop
  endfacet
  facet normal -2.645445e-01 3.332592e-04 -9.643734e-01
    outer loop
      vertex   4.103472e+01 5.285098e+00 -4.301370e+01
      vertex   4.105206e+01 5.948472e+00 -4.301823e+01
      vertex   4.106465e+01 5.252563e+00 -4.302192e+01
    endloop
  endfacet
  facet normal -3.005406e-01 -3.741736e-04 -9.537690e-01
    outer loop
      vertex   4.106465e+01 5.252563e+00 -4.302192e+01
      vertex   4.105206e+01 5.948472e+00 -4.301823e+01
      vertex   4.108322e+01 5.979013e+00 -4.302806e+01
    endloop
  endfacet
  facet normal -3.564999e-01 1.221346e-03 -9.342946e-01
    outer loop
      vertex   4.106465e+01 5.252563e+00 -4.302192e+01
      vertex   4.108322e+01 5.979013e+00 -4.302806e+01
      vertex   4.112532e+01 5.185891e+00 -4.304516e+01
    endloop
  endfacet
  facet normal -3.650909e-01 6.936522e-04 -9.309716e-01
    outer loop
      vertex   4.112532e+01 5.185891e+00 -4.304516e+01
      vertex   4.108322e+01 5.979013e+00 -4.302806e+01
      vertex   4.111596e+01 6.006005e+00 -4.304087e+01
    endloop
  endfacet
  facet normal -4.332308e-01 -2.398755e-04 -9.012830e-01
    outer loop
      vertex   4.112532e+01 5.185891e+00 -4.304516e+01
      vertex   4.111596e+01 6.006005e+00 -4.304087e+01
      vertex   4.115098e+01 6.030132e+00 -4.305772e+01
    endloop
  endfacet
  facet normal -2.406762e-01 -3.332474e-04 -9.706054e-01
    outer loop
      vertex   4.105206e+01 5.948472e+00 -4.301823e+01
      vertex   4.103472e+01 5.285098e+00 -4.301370e+01
      vertex   4.102311e+01 5.914612e+00 -4.301104e+01
    endloop
  endfacet
  facet normal -2.073530e-01 3.133175e-04 -9.782661e-01
    outer loop
      vertex   4.102311e+01 5.914612e+00 -4.301104e+01
      vertex   4.103472e+01 5.285098e+00 -4.301370e+01
      vertex   4.100736e+01 5.320772e+00 -4.300789e+01
    endloop
  endfacet
  facet normal -1.851808e-01 -2.985387e-04 -9.827044e-01
    outer loop
      vertex   4.102311e+01 5.914612e+00 -4.301104e+01
      vertex   4.100736e+01 5.320772e+00 -4.300789e+01
      vertex   4.099696e+01 5.877757e+00 -4.300610e+01
    endloop
  endfacet
  facet normal -1.553090e-01 2.757318e-04 -9.878659e-01
    outer loop
      vertex   4.099696e+01 5.877757e+00 -4.300610e+01
      vertex   4.100736e+01 5.320772e+00 -4.300789e+01
      vertex   4.098305e+01 5.359182e+00 -4.300405e+01
    endloop
  endfacet
  facet normal -1.358228e-01 -2.581573e-04 -9.907331e-01
    outer loop
      vertex   4.099696e+01 5.877757e+00 -4.300610e+01
      vertex   4.098305e+01 5.359182e+00 -4.300405e+01
      vertex   4.097403e+01 5.838353e+00 -4.300294e+01
    endloop
  endfacet
  facet normal -1.108592e-01 2.187290e-04 -9.938361e-01
    outer loop
      vertex   4.097403e+01 5.838353e+00 -4.300294e+01
      vertex   4.098305e+01 5.359182e+00 -4.300405e+01
      vertex   4.096224e+01 5.399882e+00 -4.300172e+01
    endloop
  endfacet
  facet normal -9.628473e-02 -1.776123e-04 -9.953538e-01
    outer loop
      vertex   4.097403e+01 5.838353e+00 -4.300294e+01
      vertex   4.096224e+01 5.399882e+00 -4.300172e+01
      vertex   4.095479e+01 5.796826e+00 -4.300107e+01
    endloop
  endfacet
  facet normal -7.786541e-02 1.708263e-04 -9.969639e-01
    outer loop
      vertex   4.095479e+01 5.796826e+00 -4.300107e+01
      vertex   4.096224e+01 5.399882e+00 -4.300172e+01
      vertex   4.094529e+01 5.442451e+00 -4.300039e+01
    endloop
  endfacet
  facet normal -6.513464e-02 -1.722224e-04 -9.978765e-01
    outer loop
      vertex   4.095479e+01 5.796826e+00 -4.300107e+01
      vertex   4.094529e+01 5.442451e+00 -4.300039e+01
      vertex   4.093945e+01 5.753647e+00 -4.300007e+01
    endloop
  endfacet
  facet normal -4.702179e-02 1.683631e-04 -9.988938e-01
    outer loop
      vertex   4.093945e+01 5.753647e+00 -4.300007e+01
      vertex   4.094529e+01 5.442451e+00 -4.300039e+01
      vertex   4.093228e+01 5.486328e+00 -4.299977e+01
    endloop
  endfacet
  facet normal -3.439506e-02 -1.709013e-04 -9.994083e-01
    outer loop
      vertex   4.093945e+01 5.753647e+00 -4.300007e+01
      vertex   4.093228e+01 5.486328e+00 -4.299977e+01
      vertex   4.092809e+01 5.709401e+00 -4.299967e+01
    endloop
  endfacet
  facet normal -1.648663e-02 1.659381e-04 -9.998641e-01
    outer loop
      vertex   4.092809e+01 5.709401e+00 -4.299967e+01
      vertex   4.093228e+01 5.486328e+00 -4.299977e+01
      vertex   4.092328e+01 5.530930e+00 -4.299962e+01
    endloop
  endfacet
  facet normal -4.015288e-03 -1.702561e-04 -9.999919e-01
    outer loop
      vertex   4.092809e+01 5.709401e+00 -4.299967e+01
      vertex   4.092328e+01 5.530930e+00 -4.299962e+01
      vertex   4.092075e+01 5.664671e+00 -4.299963e+01
    endloop
  endfacet
  facet normal 1.351429e-02 1.615836e-04 -9.999087e-01
    outer loop
      vertex   4.092075e+01 5.664671e+00 -4.299963e+01
      vertex   4.092328e+01 5.530930e+00 -4.299962e+01
      vertex   4.091833e+01 5.575671e+00 -4.299968e+01
    endloop
  endfacet
  facet normal 2.564158e-02 -1.683298e-04 -9.996712e-01
    outer loop
      vertex   4.092075e+01 5.664671e+00 -4.299963e+01
      vertex   4.091833e+01 5.575671e+00 -4.299968e+01
      vertex   4.091748e+01 5.620042e+00 -4.299971e+01
    endloop
  endfacet
  facet normal -4.714891e-01 1.211419e-03 -8.818711e-01
    outer loop
      vertex   4.112532e+01 5.185891e+00 -4.304516e+01
      vertex   4.115098e+01 6.030132e+00 -4.305772e+01
      vertex   4.117920e+01 5.113535e+00 -4.307407e+01
    endloop
  endfacet
  facet normal -5.039053e-01 -1.098474e-04 -8.637589e-01
    outer loop
      vertex   4.117920e+01 5.113535e+00 -4.307407e+01
      vertex   4.115098e+01 6.030132e+00 -4.305772e+01
      vertex   4.118766e+01 6.051161e+00 -4.307912e+01
    endloop
  endfacet
  facet normal -5.695510e-01 7.077900e-04 -8.219557e-01
    outer loop
      vertex   4.117920e+01 5.113535e+00 -4.307407e+01
      vertex   4.118766e+01 6.051161e+00 -4.307912e+01
      vertex   4.122579e+01 5.036282e+00 -4.310641e+01
    endloop
  endfacet
  facet normal -5.784608e-01 2.051314e-04 -8.157102e-01
    outer loop
      vertex   4.122579e+01 5.036282e+00 -4.310641e+01
      vertex   4.118766e+01 6.051161e+00 -4.307912e+01
      vertex   4.122397e+01 6.068110e+00 -4.310486e+01
    endloop
  endfacet
  facet normal -6.476311e-01 2.791001e-06 -7.619540e-01
    outer loop
      vertex   4.122579e+01 5.036282e+00 -4.310641e+01
      vertex   4.122397e+01 6.068110e+00 -4.310486e+01
      vertex   4.125801e+01 6.080957e+00 -4.313379e+01
    endloop
  endfacet
  facet normal -6.541265e-01 3.490876e-04 -7.563851e-01
    outer loop
      vertex   4.122579e+01 5.036282e+00 -4.310641e+01
      vertex   4.125801e+01 6.080957e+00 -4.313379e+01
      vertex   4.126453e+01 4.954972e+00 -4.313995e+01
    endloop
  endfacet
  facet normal -7.129331e-01 -2.932346e-04 -7.012319e-01
    outer loop
      vertex   4.126453e+01 4.954972e+00 -4.313995e+01
      vertex   4.125801e+01 6.080957e+00 -4.313379e+01
      vertex   4.128859e+01 6.090159e+00 -4.316489e+01
    endloop
  endfacet
  facet normal -7.246667e-01 2.220069e-04 -6.890995e-01
    outer loop
      vertex   4.126453e+01 4.954972e+00 -4.313995e+01
      vertex   4.128859e+01 6.090159e+00 -4.316489e+01
      vertex   4.129505e+01 4.870368e+00 -4.317208e+01
    endloop
  endfacet
  facet normal -7.731434e-01 -3.577642e-04 -6.342311e-01
    outer loop
      vertex   4.129505e+01 4.870368e+00 -4.317208e+01
      vertex   4.128859e+01 6.090159e+00 -4.316489e+01
      vertex   4.131693e+01 6.096812e+00 -4.319944e+01
    endloop
  endfacet
  facet normal -7.762609e-01 -2.169271e-04 -6.304117e-01
    outer loop
      vertex   4.129505e+01 4.870368e+00 -4.317208e+01
      vertex   4.131693e+01 6.096812e+00 -4.319944e+01
      vertex   4.131719e+01 4.782975e+00 -4.319930e+01
    endloop
  endfacet
  facet normal -8.142129e-01 -2.191864e-04 -5.805664e-01
    outer loop
      vertex   4.131719e+01 4.782975e+00 -4.319930e+01
      vertex   4.131693e+01 6.096812e+00 -4.319944e+01
      vertex   4.133067e+01 4.693257e+00 -4.321818e+01
    endloop
  endfacet
  facet normal -8.261281e-01 -5.639091e-04 -5.634820e-01
    outer loop
      vertex   4.133067e+01 4.693257e+00 -4.321818e+01
      vertex   4.131693e+01 6.096812e+00 -4.319944e+01
      vertex   4.134267e+01 6.101390e+00 -4.323718e+01
    endloop
  endfacet
  facet normal -8.381852e-01 -2.168893e-04 -5.453857e-01
    outer loop
      vertex   4.133067e+01 4.693257e+00 -4.321818e+01
      vertex   4.134267e+01 6.101390e+00 -4.323718e+01
      vertex   4.133408e+01 4.647670e+00 -4.322340e+01
    endloop
  endfacet
  facet normal -8.487629e-01 3.128344e-06 -5.287737e-01
    outer loop
      vertex   4.133408e+01 4.647670e+00 -4.322340e+01
      vertex   4.134267e+01 6.101390e+00 -4.323718e+01
      vertex   4.133522e+01 4.601676e+00 -4.322524e+01
    endloop
  endfacet
  facet normal -8.641161e-01 2.823374e-04 -5.032925e-01
    outer loop
      vertex   4.133522e+01 4.601676e+00 -4.322524e+01
      vertex   4.134267e+01 6.101390e+00 -4.323718e+01
      vertex   4.136283e+01 4.351698e+00 -4.327277e+01
    endloop
  endfacet
  facet normal -8.620067e-01 1.200278e-03 -5.068955e-01
    outer loop
      vertex   4.133522e+01 4.601676e+00 -4.322524e+01
      vertex   4.136283e+01 4.351698e+00 -4.327277e+01
      vertex   4.133408e+01 4.555682e+00 -4.322340e+01
    endloop
  endfacet
  facet normal -8.649457e-01 -4.312401e-04 -5.018653e-01
    outer loop
      vertex   4.133408e+01 4.555682e+00 -4.322340e+01
      vertex   4.136283e+01 4.351698e+00 -4.327277e+01
      vertex   4.134650e+01 2.718967e+00 -4.324322e+01
    endloop
  endfacet
  facet normal -8.381941e-01 2.191258e-04 -5.453720e-01
    outer loop
      vertex   4.133408e+01 4.555682e+00 -4.322340e+01
      vertex   4.134650e+01 2.718967e+00 -4.324322e+01
      vertex   4.133067e+01 4.510096e+00 -4.321818e+01
    endloop
  endfacet
  facet normal -8.175826e-01 8.268686e-04 -5.758107e-01
    outer loop
      vertex   4.133067e+01 4.510096e+00 -4.321818e+01
      vertex   4.134650e+01 2.718967e+00 -4.324322e+01
      vertex   4.132184e+01 4.351698e+00 -4.320587e+01
    endloop
  endfacet
  facet normal -8.143928e-01 2.993066e-04 -5.803140e-01
    outer loop
      vertex   4.133067e+01 4.510096e+00 -4.321818e+01
      vertex   4.132184e+01 4.351698e+00 -4.320587e+01
      vertex   4.131719e+01 4.420378e+00 -4.319930e+01
    endloop
  endfacet
  facet normal -8.158672e-01 8.941844e-07 -5.782394e-01
    outer loop
      vertex   4.131719e+01 4.420378e+00 -4.319930e+01
      vertex   4.132184e+01 4.351698e+00 -4.320587e+01
      vertex   4.132177e+01 2.761791e+00 -4.320578e+01
    endloop
  endfacet
  facet normal -7.764115e-01 3.128208e-04 -6.302263e-01
    outer loop
      vertex   4.131719e+01 4.420378e+00 -4.319930e+01
      vertex   4.132177e+01 2.761791e+00 -4.320578e+01
      vertex   4.129505e+01 4.332985e+00 -4.317208e+01
    endloop
  endfacet
  facet normal -7.817000e-01 8.192074e-05 -6.236546e-01
    outer loop
      vertex   4.129505e+01 4.332985e+00 -4.317208e+01
      vertex   4.132177e+01 2.761791e+00 -4.320578e+01
      vertex   4.129379e+01 2.810257e+00 -4.317070e+01
    endloop
  endfacet
  facet normal -7.249271e-01 -2.408806e-05 -6.888256e-01
    outer loop
      vertex   4.129505e+01 4.332985e+00 -4.317208e+01
      vertex   4.129379e+01 2.810257e+00 -4.317070e+01
      vertex   4.126453e+01 4.248381e+00 -4.313995e+01
    endloop
  endfacet
  facet normal -7.226379e-01 7.381346e-05 -6.912267e-01
    outer loop
      vertex   4.126453e+01 4.248381e+00 -4.313995e+01
      vertex   4.129379e+01 2.810257e+00 -4.317070e+01
      vertex   4.126278e+01 2.863976e+00 -4.313827e+01
    endloop
  endfacet
  facet normal -6.579042e-01 -8.363616e-05 -7.531016e-01
    outer loop
      vertex   4.126453e+01 4.248381e+00 -4.313995e+01
      vertex   4.126278e+01 2.863976e+00 -4.313827e+01
      vertex   4.122898e+01 2.922514e+00 -4.310875e+01
    endloop
  endfacet
  facet normal -8.734322e-01 -1.574044e-04 -4.869458e-01
    outer loop
      vertex   4.134267e+01 6.101390e+00 -4.323718e+01
      vertex   4.136522e+01 6.104290e+00 -4.327763e+01
      vertex   4.136283e+01 4.351698e+00 -4.327277e+01
    endloop
  endfacet
  facet normal -9.153554e-01 1.338077e-04 -4.026468e-01
    outer loop
      vertex   4.136283e+01 4.351698e+00 -4.327277e+01
      vertex   4.136522e+01 6.104290e+00 -4.327763e+01
      vertex   4.138398e+01 6.105911e+00 -4.332028e+01
    endloop
  endfacet
  facet normal -9.239135e-01 7.799982e-04 -3.826007e-01
    outer loop
      vertex   4.136283e+01 4.351698e+00 -4.327277e+01
      vertex   4.138398e+01 6.105911e+00 -4.332028e+01
      vertex   4.139284e+01 4.351698e+00 -4.334524e+01
    endloop
  endfacet
  facet normal -9.497121e-01 -3.386998e-04 -3.131242e-01
    outer loop
      vertex   4.139284e+01 4.351698e+00 -4.334524e+01
      vertex   4.138398e+01 6.105911e+00 -4.332028e+01
      vertex   4.139858e+01 6.106733e+00 -4.336455e+01
    endloop
  endfacet
  facet normal -9.723823e-01 6.127906e-04 -2.333931e-01
    outer loop
      vertex   4.139284e+01 4.351698e+00 -4.334524e+01
      vertex   4.139858e+01 6.106733e+00 -4.336455e+01
      vertex   4.141114e+01 4.351698e+00 -4.342152e+01
    endloop
  endfacet
  facet normal -9.744493e-01 3.128293e-04 -2.246073e-01
    outer loop
      vertex   4.141114e+01 4.351698e+00 -4.342152e+01
      vertex   4.139858e+01 6.106733e+00 -4.336455e+01
      vertex   4.140899e+01 6.107041e+00 -4.340971e+01
    endloop
  endfacet
  facet normal -9.906602e-01 -3.006640e-04 -1.363534e-01
    outer loop
      vertex   4.141114e+01 4.351698e+00 -4.342152e+01
      vertex   4.140899e+01 6.107041e+00 -4.340971e+01
      vertex   4.141522e+01 6.107060e+00 -4.345501e+01
    endloop
  endfacet
  facet normal -9.989240e-01 -0.000000e+00 -4.637643e-02
    outer loop
      vertex   4.141730e+01 6.107016e+00 -4.349971e+01
      vertex   4.141730e+01 2.596336e+00 -4.349971e+01
      vertex   4.141522e+01 6.107060e+00 -4.345501e+01
    endloop
  endfacet
  facet normal -9.958313e-01 5.727400e-04 -9.121211e-02
    outer loop
      vertex   4.141522e+01 6.107060e+00 -4.345501e+01
      vertex   4.141730e+01 2.596336e+00 -4.349971e+01
      vertex   4.141114e+01 4.351698e+00 -4.342152e+01
    endloop
  endfacet
  facet normal -9.997472e-01 -2.508964e-03 -2.234457e-02
    outer loop
      vertex   4.141730e+01 2.596336e+00 -4.349971e+01
      vertex   4.141679e+01 2.597209e+00 -4.347728e+01
      vertex   4.141114e+01 4.351698e+00 -4.342152e+01
    endloop
  endfacet
  facet normal -9.977419e-01 -1.078268e-03 -6.715580e-02
    outer loop
      vertex   4.141114e+01 4.351698e+00 -4.342152e+01
      vertex   4.141679e+01 2.597209e+00 -4.347728e+01
      vertex   4.141528e+01 2.599824e+00 -4.345489e+01
    endloop
  endfacet
  facet normal -9.909397e-01 2.169899e-04 -1.343075e-01
    outer loop
      vertex   4.141114e+01 4.351698e+00 -4.342152e+01
      vertex   4.141528e+01 2.599824e+00 -4.345489e+01
      vertex   4.140926e+01 2.610259e+00 -4.341042e+01
    endloop
  endfacet
  facet normal -9.749498e-01 -3.617254e-04 -2.224247e-01
    outer loop
      vertex   4.140926e+01 2.610259e+00 -4.341042e+01
      vertex   4.139927e+01 2.627557e+00 -4.336667e+01
      vertex   4.141114e+01 4.351698e+00 -4.342152e+01
    endloop
  endfacet
  facet normal -9.723822e-01 -7.282933e-04 -2.333931e-01
    outer loop
      vertex   4.141114e+01 4.351698e+00 -4.342152e+01
      vertex   4.139927e+01 2.627557e+00 -4.336667e+01
      vertex   4.139284e+01 4.351698e+00 -4.334524e+01
    endloop
  endfacet
  facet normal -9.509901e-01 2.941571e-04 -3.092210e-01
    outer loop
      vertex   4.139927e+01 2.627557e+00 -4.336667e+01
      vertex   4.138540e+01 2.651578e+00 -4.332400e+01
      vertex   4.139284e+01 4.351698e+00 -4.334524e+01
    endloop
  endfacet
  facet normal -9.239135e-01 -7.411288e-04 -3.826007e-01
    outer loop
      vertex   4.139284e+01 4.351698e+00 -4.334524e+01
      vertex   4.138540e+01 2.651578e+00 -4.332400e+01
      vertex   4.136283e+01 4.351698e+00 -4.327277e+01
    endloop
  endfacet
  facet normal -9.195991e-01 -3.747525e-04 -3.928579e-01
    outer loop
      vertex   4.138540e+01 2.651578e+00 -4.332400e+01
      vertex   4.136776e+01 2.682131e+00 -4.328274e+01
      vertex   4.136283e+01 4.351698e+00 -4.327277e+01
    endloop
  endfacet
  facet normal -8.804650e-01 2.261727e-04 -4.741111e-01
    outer loop
      vertex   4.136283e+01 4.351698e+00 -4.327277e+01
      vertex   4.136776e+01 2.682131e+00 -4.328274e+01
      vertex   4.134650e+01 2.718967e+00 -4.324322e+01
    endloop
  endfacet
  facet normal -8.345130e-01 3.407640e-06 -5.509882e-01
    outer loop
      vertex   4.134650e+01 2.718967e+00 -4.324322e+01
      vertex   4.132177e+01 2.761791e+00 -4.320578e+01
      vertex   4.132184e+01 4.351698e+00 -4.320587e+01
    endloop
  endfacet
  facet normal -6.542370e-01 -2.569963e-04 -7.562895e-01
    outer loop
      vertex   4.126453e+01 4.248381e+00 -4.313995e+01
      vertex   4.122898e+01 2.922514e+00 -4.310875e+01
      vertex   4.122579e+01 4.167071e+00 -4.310641e+01
    endloop
  endfacet
  facet normal -5.876320e-01 1.289355e-05 -8.091283e-01
    outer loop
      vertex   4.122579e+01 4.167071e+00 -4.310641e+01
      vertex   4.122898e+01 2.922514e+00 -4.310875e+01
      vertex   4.119267e+01 2.985401e+00 -4.308238e+01
    endloop
  endfacet
  facet normal -5.694958e-01 -7.570612e-04 -8.219939e-01
    outer loop
      vertex   4.122579e+01 4.167071e+00 -4.310641e+01
      vertex   4.119267e+01 2.985401e+00 -4.308238e+01
      vertex   4.117920e+01 4.089817e+00 -4.307407e+01
    endloop
  endfacet
  facet normal -5.124640e-01 2.147370e-04 -8.587087e-01
    outer loop
      vertex   4.117920e+01 4.089817e+00 -4.307407e+01
      vertex   4.119267e+01 2.985401e+00 -4.308238e+01
      vertex   4.115415e+01 3.052129e+00 -4.305937e+01
    endloop
  endfacet
  facet normal -4.716064e-01 -1.099024e-03 -8.818085e-01
    outer loop
      vertex   4.117920e+01 4.089817e+00 -4.307407e+01
      vertex   4.115415e+01 3.052129e+00 -4.305937e+01
      vertex   4.112532e+01 4.017461e+00 -4.304516e+01
    endloop
  endfacet
  facet normal -4.332311e-01 3.334069e-04 -9.012828e-01
    outer loop
      vertex   4.112532e+01 4.017461e+00 -4.304516e+01
      vertex   4.115415e+01 3.052129e+00 -4.305937e+01
      vertex   4.111371e+01 3.122161e+00 -4.303991e+01
    endloop
  endfacet
  facet normal -3.525579e-01 -9.152801e-04 -9.357896e-01
    outer loop
      vertex   4.112532e+01 4.017461e+00 -4.304516e+01
      vertex   4.111371e+01 3.122161e+00 -4.303991e+01
      vertex   4.107170e+01 3.194933e+00 -4.302415e+01
    endloop
  endfacet
  facet normal -2.650132e-01 4.941638e-04 -9.642446e-01
    outer loop
      vertex   4.102844e+01 3.269860e+00 -4.301222e+01
      vertex   4.103748e+01 3.921514e+00 -4.301438e+01
      vertex   4.107170e+01 3.194933e+00 -4.302415e+01
    endloop
  endfacet
  facet normal -2.679476e-01 3.450690e-04 -9.634334e-01
    outer loop
      vertex   4.107170e+01 3.194933e+00 -4.302415e+01
      vertex   4.103748e+01 3.921514e+00 -4.301438e+01
      vertex   4.106465e+01 3.950790e+00 -4.302192e+01
    endloop
  endfacet
  facet normal -3.571211e-01 -5.735425e-04 -9.340579e-01
    outer loop
      vertex   4.107170e+01 3.194933e+00 -4.302415e+01
      vertex   4.106465e+01 3.950790e+00 -4.302192e+01
      vertex   4.112532e+01 4.017461e+00 -4.304516e+01
    endloop
  endfacet
  facet normal -2.152702e-01 -2.368276e-04 -9.765545e-01
    outer loop
      vertex   4.103748e+01 3.921514e+00 -4.301438e+01
      vertex   4.102844e+01 3.269860e+00 -4.301222e+01
      vertex   4.101238e+01 3.889646e+00 -4.300883e+01
    endloop
  endfacet
  facet normal -1.769704e-01 7.975321e-04 -9.842158e-01
    outer loop
      vertex   4.101238e+01 3.889646e+00 -4.300883e+01
      vertex   4.102844e+01 3.269860e+00 -4.301222e+01
      vertex   4.098429e+01 3.346336e+00 -4.300422e+01
    endloop
  endfacet
  facet normal -1.679274e-01 3.164959e-04 -9.857993e-01
    outer loop
      vertex   4.101238e+01 3.889646e+00 -4.300883e+01
      vertex   4.098429e+01 3.346336e+00 -4.300422e+01
      vertex   4.098970e+01 3.855471e+00 -4.300498e+01
    endloop
  endfacet
  facet normal -1.244716e-01 -1.554436e-04 -9.922232e-01
    outer loop
      vertex   4.098970e+01 3.855471e+00 -4.300498e+01
      vertex   4.098429e+01 3.346336e+00 -4.300422e+01
      vertex   4.096977e+01 3.819323e+00 -4.300248e+01
    endloop
  endfacet
  facet normal -1.148610e-01 1.436729e-04 -9.933816e-01
    outer loop
      vertex   4.096977e+01 3.819323e+00 -4.300248e+01
      vertex   4.098429e+01 3.346336e+00 -4.300422e+01
      vertex   4.096513e+01 3.382946e+00 -4.300200e+01
    endloop
  endfacet
  facet normal -8.473658e-02 -1.804050e-04 -9.964034e-01
    outer loop
      vertex   4.096977e+01 3.819323e+00 -4.300248e+01
      vertex   4.096513e+01 3.382946e+00 -4.300200e+01
      vertex   4.094910e+01 3.421140e+00 -4.300065e+01
    endloop
  endfacet
  facet normal -7.767629e-02 -5.496879e-04 -9.969785e-01
    outer loop
      vertex   4.096977e+01 3.819323e+00 -4.300248e+01
      vertex   4.094910e+01 3.421140e+00 -4.300065e+01
      vertex   4.093928e+01 3.742387e+00 -4.300006e+01
    endloop
  endfacet
  facet normal -4.284291e-02 5.191330e-04 -9.990817e-01
    outer loop
      vertex   4.093928e+01 3.742387e+00 -4.300006e+01
      vertex   4.094910e+01 3.421140e+00 -4.300065e+01
      vertex   4.092673e+01 3.500660e+00 -4.299964e+01
    endloop
  endfacet
  facet normal -2.237914e-02 -5.443606e-04 -9.997494e-01
    outer loop
      vertex   4.093928e+01 3.742387e+00 -4.300006e+01
      vertex   4.092673e+01 3.500660e+00 -4.299964e+01
      vertex   4.092176e+01 3.661984e+00 -4.299962e+01
    endloop
  endfacet
  facet normal 1.063462e-02 4.721315e-04 -9.999433e-01
    outer loop
      vertex   4.092176e+01 3.661984e+00 -4.299962e+01
      vertex   4.092673e+01 3.500660e+00 -4.299964e+01
      vertex   4.091753e+01 3.581473e+00 -4.299970e+01
    endloop
  endfacet
  facet normal -5.268261e-02 5.749298e-02 -9.969549e-01
    outer loop
      vertex   3.523777e+01 1.942631e+00 -4.750000e+01
      vertex   3.533746e+01 2.033984e+00 -4.750000e+01
      vertex   3.529889e+01 1.891894e+00 -4.750616e+01
    endloop
  endfacet
  facet normal -5.329893e-02 5.765846e-02 -9.969126e-01
    outer loop
      vertex   3.529889e+01 1.891894e+00 -4.750616e+01
      vertex   3.533746e+01 2.033984e+00 -4.750000e+01
      vertex   3.539277e+01 1.978677e+00 -4.750616e+01
    endloop
  endfacet
  facet normal -1.585785e-01 1.715492e-01 -9.723290e-01
    outer loop
      vertex   3.529889e+01 1.891894e+00 -4.750616e+01
      vertex   3.539277e+01 1.978677e+00 -4.750616e+01
      vertex   3.544672e+01 1.924730e+00 -4.752447e+01
    endloop
  endfacet
  facet normal -1.585785e-01 1.715492e-01 -9.723290e-01
    outer loop
      vertex   3.529889e+01 1.891894e+00 -4.750616e+01
      vertex   3.544672e+01 1.924730e+00 -4.752447e+01
      vertex   3.534844e+01 1.833882e+00 -4.752447e+01
    endloop
  endfacet
  facet normal -2.599368e-01 2.811981e-01 -9.237751e-01
    outer loop
      vertex   3.534844e+01 1.833882e+00 -4.752447e+01
      vertex   3.544672e+01 1.924730e+00 -4.752447e+01
      vertex   3.549797e+01 1.873475e+00 -4.755450e+01
    endloop
  endfacet
  facet normal -2.599368e-01 2.811981e-01 -9.237751e-01
    outer loop
      vertex   3.534844e+01 1.833882e+00 -4.752447e+01
      vertex   3.549797e+01 1.873475e+00 -4.755450e+01
      vertex   3.539551e+01 1.778762e+00 -4.755450e+01
    endloop
  endfacet
  facet normal -3.548713e-01 3.838976e-01 -8.524606e-01
    outer loop
      vertex   3.539551e+01 1.778762e+00 -4.755450e+01
      vertex   3.549797e+01 1.873475e+00 -4.755450e+01
      vertex   3.554528e+01 1.826171e+00 -4.759549e+01
    endloop
  endfacet
  facet normal -3.548713e-01 3.838976e-01 -8.524606e-01
    outer loop
      vertex   3.539551e+01 1.778762e+00 -4.755450e+01
      vertex   3.554528e+01 1.826171e+00 -4.759549e+01
      vertex   3.543896e+01 1.727893e+00 -4.759549e+01
    endloop
  endfacet
  facet normal -4.410424e-01 4.771170e-01 -7.601585e-01
    outer loop
      vertex   3.543896e+01 1.727893e+00 -4.759549e+01
      vertex   3.554528e+01 1.826171e+00 -4.759549e+01
      vertex   3.558746e+01 1.783984e+00 -4.764645e+01
    endloop
  endfacet
  facet normal -4.410424e-01 4.771170e-01 -7.601585e-01
    outer loop
      vertex   3.543896e+01 1.727893e+00 -4.759549e+01
      vertex   3.558746e+01 1.783984e+00 -4.764645e+01
      vertex   3.547771e+01 1.682527e+00 -4.764645e+01
    endloop
  endfacet
  facet normal -5.163320e-01 5.585648e-01 -6.491584e-01
    outer loop
      vertex   3.547771e+01 1.682527e+00 -4.764645e+01
      vertex   3.558746e+01 1.783984e+00 -4.764645e+01
      vertex   3.562349e+01 1.747954e+00 -4.770611e+01
    endloop
  endfacet
  facet normal -5.163320e-01 5.585648e-01 -6.491584e-01
    outer loop
      vertex   3.547771e+01 1.682527e+00 -4.764645e+01
      vertex   3.562349e+01 1.747954e+00 -4.770611e+01
      vertex   3.551080e+01 1.643780e+00 -4.770611e+01
    endloop
  endfacet
  facet normal -5.788946e-01 6.262446e-01 -5.222056e-01
    outer loop
      vertex   3.551080e+01 1.643780e+00 -4.770611e+01
      vertex   3.562349e+01 1.747954e+00 -4.770611e+01
      vertex   3.565248e+01 1.718966e+00 -4.777300e+01
    endloop
  endfacet
  facet normal -5.788946e-01 6.262446e-01 -5.222056e-01
    outer loop
      vertex   3.551080e+01 1.643780e+00 -4.770611e+01
      vertex   3.565248e+01 1.718966e+00 -4.777300e+01
      vertex   3.553742e+01 1.612607e+00 -4.777300e+01
    endloop
  endfacet
  facet normal -6.272009e-01 6.785021e-01 -3.824316e-01
    outer loop
      vertex   3.553742e+01 1.612607e+00 -4.777300e+01
      vertex   3.565248e+01 1.718966e+00 -4.777300e+01
      vertex   3.567371e+01 1.697735e+00 -4.784549e+01
    endloop
  endfacet
  facet normal -6.272009e-01 6.785021e-01 -3.824316e-01
    outer loop
      vertex   3.553742e+01 1.612607e+00 -4.777300e+01
      vertex   3.567371e+01 1.697735e+00 -4.784549e+01
      vertex   3.555692e+01 1.589776e+00 -4.784549e+01
    endloop
  endfacet
  facet normal -6.600731e-01 7.140631e-01 -2.332752e-01
    outer loop
      vertex   3.555692e+01 1.589776e+00 -4.784549e+01
      vertex   3.567371e+01 1.697735e+00 -4.784549e+01
      vertex   3.568666e+01 1.684784e+00 -4.792178e+01
    endloop
  endfacet
  facet normal -6.600731e-01 7.140631e-01 -2.332752e-01
    outer loop
      vertex   3.555692e+01 1.589776e+00 -4.784549e+01
      vertex   3.568666e+01 1.684784e+00 -4.792178e+01
      vertex   3.556882e+01 1.575849e+00 -4.792178e+01
    endloop
  endfacet
  facet normal -6.767114e-01 7.320623e-01 -7.839898e-02
    outer loop
      vertex   3.556882e+01 1.575849e+00 -4.792178e+01
      vertex   3.568666e+01 1.684784e+00 -4.792178e+01
      vertex   3.569102e+01 1.680431e+00 -4.800000e+01
    endloop
  endfacet
  facet normal -6.767114e-01 7.320623e-01 -7.839898e-02
    outer loop
      vertex   3.556882e+01 1.575849e+00 -4.792178e+01
      vertex   3.569102e+01 1.680431e+00 -4.800000e+01
      vertex   3.557282e+01 1.571168e+00 -4.800000e+01
    endloop
  endfacet
  facet normal -6.171884e-01 7.828998e-01 -7.839898e-02
    outer loop
      vertex   3.556882e+01 1.575849e+00 -4.792178e+01
      vertex   3.557282e+01 1.571168e+00 -4.800000e+01
      vertex   3.544279e+01 1.476495e+00 -4.792178e+01
    endloop
  endfacet
  facet normal -6.171884e-01 7.828998e-01 -7.839898e-02
    outer loop
      vertex   3.544279e+01 1.476495e+00 -4.792178e+01
      vertex   3.557282e+01 1.571168e+00 -4.800000e+01
      vertex   3.544641e+01 1.471515e+00 -4.800000e+01
    endloop
  endfacet
  facet normal -5.538602e-01 8.289104e-01 -7.839898e-02
    outer loop
      vertex   3.544279e+01 1.476495e+00 -4.792178e+01
      vertex   3.544641e+01 1.471515e+00 -4.800000e+01
      vertex   3.530935e+01 1.387336e+00 -4.792178e+01
    endloop
  endfacet
  facet normal -5.538602e-01 8.289104e-01 -7.839898e-02
    outer loop
      vertex   3.530935e+01 1.387336e+00 -4.792178e+01
      vertex   3.544641e+01 1.471515e+00 -4.800000e+01
      vertex   3.531257e+01 1.382088e+00 -4.800000e+01
    endloop
  endfacet
  facet normal -4.871173e-01 8.698105e-01 -7.839898e-02
    outer loop
      vertex   3.530935e+01 1.387336e+00 -4.792178e+01
      vertex   3.531257e+01 1.382088e+00 -4.800000e+01
      vertex   3.516933e+01 1.308922e+00 -4.792178e+01
    endloop
  endfacet
  facet normal -4.871173e-01 8.698105e-01 -7.839898e-02
    outer loop
      vertex   3.516933e+01 1.308922e+00 -4.792178e+01
      vertex   3.531257e+01 1.382088e+00 -4.800000e+01
      vertex   3.517213e+01 1.303437e+00 -4.800000e+01
    endloop
  endfacet
  facet normal -4.173711e-01 9.053480e-01 -7.839898e-02
    outer loop
      vertex   3.516933e+01 1.308922e+00 -4.792178e+01
      vertex   3.517213e+01 1.303437e+00 -4.800000e+01
      vertex   3.502359e+01 1.241734e+00 -4.792178e+01
    endloop
  endfacet
  facet normal -4.173711e-01 9.053480e-01 -7.839898e-02
    outer loop
      vertex   3.502359e+01 1.241734e+00 -4.792178e+01
      vertex   3.517213e+01 1.303437e+00 -4.800000e+01
      vertex   3.502595e+01 1.236047e+00 -4.800000e+01
    endloop
  endfacet
  facet normal -3.450517e-01 9.353036e-01 -7.839898e-02
    outer loop
      vertex   3.502359e+01 1.241734e+00 -4.792178e+01
      vertex   3.502595e+01 1.236047e+00 -4.800000e+01
      vertex   3.487303e+01 1.186189e+00 -4.792178e+01
    endloop
  endfacet
  facet normal -3.450517e-01 9.353036e-01 -7.839898e-02
    outer loop
      vertex   3.487303e+01 1.186189e+00 -4.792178e+01
      vertex   3.502595e+01 1.236047e+00 -4.800000e+01
      vertex   3.487493e+01 1.180334e+00 -4.800000e+01
    endloop
  endfacet
  facet normal -2.706050e-01 9.594929e-01 -7.839898e-02
    outer loop
      vertex   3.487303e+01 1.186189e+00 -4.792178e+01
      vertex   3.487493e+01 1.180334e+00 -4.800000e+01
      vertex   3.471857e+01 1.142627e+00 -4.792178e+01
    endloop
  endfacet
  facet normal -2.706050e-01 9.594929e-01 -7.839898e-02
    outer loop
      vertex   3.471857e+01 1.142627e+00 -4.792178e+01
      vertex   3.487493e+01 1.180334e+00 -4.800000e+01
      vertex   3.472001e+01 1.136642e+00 -4.800000e+01
    endloop
  endfacet
  facet normal -1.944898e-01 9.777665e-01 -7.839898e-02
    outer loop
      vertex   3.471857e+01 1.142627e+00 -4.792178e+01
      vertex   3.472001e+01 1.136642e+00 -4.800000e+01
      vertex   3.456117e+01 1.111319e+00 -4.792178e+01
    endloop
  endfacet
  facet normal -1.944898e-01 9.777665e-01 -7.839898e-02
    outer loop
      vertex   3.456117e+01 1.111319e+00 -4.792178e+01
      vertex   3.472001e+01 1.136642e+00 -4.800000e+01
      vertex   3.456214e+01 1.105239e+00 -4.800000e+01
    endloop
  endfacet
  facet normal -1.171756e-01 9.900119e-01 -7.839898e-02
    outer loop
      vertex   3.456117e+01 1.111319e+00 -4.792178e+01
      vertex   3.456214e+01 1.105239e+00 -4.800000e+01
      vertex   3.440180e+01 1.092456e+00 -4.792178e+01
    endloop
  endfacet
  facet normal -1.171756e-01 9.900119e-01 -7.839898e-02
    outer loop
      vertex   3.440180e+01 1.092456e+00 -4.792178e+01
      vertex   3.456214e+01 1.105239e+00 -4.800000e+01
      vertex   3.440229e+01 1.086319e+00 -4.800000e+01
    endloop
  endfacet
  facet normal -3.913898e-02 9.961535e-01 -7.839898e-02
    outer loop
      vertex   3.440180e+01 1.092456e+00 -4.792178e+01
      vertex   3.440229e+01 1.086319e+00 -4.800000e+01
      vertex   3.424145e+01 1.086156e+00 -4.792178e+01
    endloop
  endfacet
  facet normal -3.913898e-02 9.961535e-01 -7.839898e-02
    outer loop
      vertex   3.424145e+01 1.086156e+00 -4.792178e+01
      vertex   3.440229e+01 1.086319e+00 -4.800000e+01
      vertex   3.424145e+01 1.080000e+00 -4.800000e+01
    endloop
  endfacet
  facet normal -3.817667e-02 9.716611e-01 -2.332752e-01
    outer loop
      vertex   3.424145e+01 1.086156e+00 -4.792178e+01
      vertex   3.424145e+01 1.104472e+00 -4.784549e+01
      vertex   3.440180e+01 1.092456e+00 -4.792178e+01
    endloop
  endfacet
  facet normal -3.817667e-02 9.716611e-01 -2.332752e-01
    outer loop
      vertex   3.440180e+01 1.092456e+00 -4.792178e+01
      vertex   3.424145e+01 1.104472e+00 -4.784549e+01
      vertex   3.440037e+01 1.110716e+00 -4.784549e+01
    endloop
  endfacet
  facet normal -1.142946e-01 9.656705e-01 -2.332752e-01
    outer loop
      vertex   3.440180e+01 1.092456e+00 -4.792178e+01
      vertex   3.440037e+01 1.110716e+00 -4.784549e+01
      vertex   3.456117e+01 1.111319e+00 -4.792178e+01
    endloop
  endfacet
  facet normal -1.142946e-01 9.656705e-01 -2.332752e-01
    outer loop
      vertex   3.456117e+01 1.111319e+00 -4.792178e+01
      vertex   3.440037e+01 1.110716e+00 -4.784549e+01
      vertex   3.455831e+01 1.129409e+00 -4.784549e+01
    endloop
  endfacet
  facet normal -1.897079e-01 9.537262e-01 -2.332752e-01
    outer loop
      vertex   3.456117e+01 1.111319e+00 -4.792178e+01
      vertex   3.455831e+01 1.129409e+00 -4.784549e+01
      vertex   3.471857e+01 1.142627e+00 -4.792178e+01
    endloop
  endfacet
  facet normal -1.897079e-01 9.537262e-01 -2.332752e-01
    outer loop
      vertex   3.471857e+01 1.142627e+00 -4.792178e+01
      vertex   3.455831e+01 1.129409e+00 -4.784549e+01
      vertex   3.471430e+01 1.160437e+00 -4.784549e+01
    endloop
  endfacet
  facet normal -2.639516e-01 9.359018e-01 -2.332752e-01
    outer loop
      vertex   3.471857e+01 1.142627e+00 -4.792178e+01
      vertex   3.471430e+01 1.160437e+00 -4.784549e+01
      vertex   3.487303e+01 1.186189e+00 -4.792178e+01
    endloop
  endfacet
  facet normal -2.639516e-01 9.359018e-01 -2.332752e-01
    outer loop
      vertex   3.487303e+01 1.186189e+00 -4.792178e+01
      vertex   3.471430e+01 1.160437e+00 -4.784549e+01
      vertex   3.486737e+01 1.203608e+00 -4.784549e+01
    endloop
  endfacet
  facet normal -3.365680e-01 9.123074e-01 -2.332752e-01
    outer loop
      vertex   3.487303e+01 1.186189e+00 -4.792178e+01
      vertex   3.486737e+01 1.203608e+00 -4.784549e+01
      vertex   3.502359e+01 1.241734e+00 -4.792178e+01
    endloop
  endfacet
  facet normal -3.365680e-01 9.123074e-01 -2.332752e-01
    outer loop
      vertex   3.502359e+01 1.241734e+00 -4.792178e+01
      vertex   3.486737e+01 1.203608e+00 -4.784549e+01
      vertex   3.501658e+01 1.258656e+00 -4.784549e+01
    endloop
  endfacet
  facet normal -4.071092e-01 8.830882e-01 -2.332752e-01
    outer loop
      vertex   3.502359e+01 1.241734e+00 -4.792178e+01
      vertex   3.501658e+01 1.258656e+00 -4.784549e+01
      vertex   3.516933e+01 1.308922e+00 -4.792178e+01
    endloop
  endfacet
  facet normal -4.071092e-01 8.830882e-01 -2.332752e-01
    outer loop
      vertex   3.516933e+01 1.308922e+00 -4.792178e+01
      vertex   3.501658e+01 1.258656e+00 -4.784549e+01
      vertex   3.516102e+01 1.325241e+00 -4.784549e+01
    endloop
  endfacet
  facet normal -4.751406e-01 8.484245e-01 -2.332752e-01
    outer loop
      vertex   3.516933e+01 1.308922e+00 -4.792178e+01
      vertex   3.516102e+01 1.325241e+00 -4.784549e+01
      vertex   3.530935e+01 1.387336e+00 -4.792178e+01
    endloop
  endfacet
  facet normal -4.751406e-01 8.484245e-01 -2.332752e-01
    outer loop
      vertex   3.530935e+01 1.387336e+00 -4.792178e+01
      vertex   3.516102e+01 1.325241e+00 -4.784549e+01
      vertex   3.529978e+01 1.402953e+00 -4.784549e+01
    endloop
  endfacet
  facet normal -5.402425e-01 8.085300e-01 -2.332752e-01
    outer loop
      vertex   3.530935e+01 1.387336e+00 -4.792178e+01
      vertex   3.529978e+01 1.402953e+00 -4.784549e+01
      vertex   3.544279e+01 1.476495e+00 -4.792178e+01
    endloop
  endfacet
  facet normal -5.402425e-01 8.085300e-01 -2.332752e-01
    outer loop
      vertex   3.544279e+01 1.476495e+00 -4.792178e+01
      vertex   3.529978e+01 1.402953e+00 -4.784549e+01
      vertex   3.543202e+01 1.491313e+00 -4.784549e+01
    endloop
  endfacet
  facet normal -6.020136e-01 7.636506e-01 -2.332752e-01
    outer loop
      vertex   3.544279e+01 1.476495e+00 -4.792178e+01
      vertex   3.543202e+01 1.491313e+00 -4.784549e+01
      vertex   3.556882e+01 1.575849e+00 -4.792178e+01
    endloop
  endfacet
  facet normal -6.020136e-01 7.636506e-01 -2.332752e-01
    outer loop
      vertex   3.556882e+01 1.575849e+00 -4.792178e+01
      vertex   3.543202e+01 1.491313e+00 -4.784549e+01
      vertex   3.555692e+01 1.589776e+00 -4.784549e+01
    endloop
  endfacet
  facet normal -3.627543e-02 9.232715e-01 -3.824316e-01
    outer loop
      vertex   3.424145e+01 1.104472e+00 -4.784549e+01
      vertex   3.424145e+01 1.134497e+00 -4.777300e+01
      vertex   3.440037e+01 1.110716e+00 -4.784549e+01
    endloop
  endfacet
  facet normal -3.627543e-02 9.232715e-01 -3.824316e-01
    outer loop
      vertex   3.440037e+01 1.110716e+00 -4.784549e+01
      vertex   3.424145e+01 1.134497e+00 -4.777300e+01
      vertex   3.439801e+01 1.140648e+00 -4.777300e+01
    endloop
  endfacet
  facet normal -1.086027e-01 9.175792e-01 -3.824316e-01
    outer loop
      vertex   3.440037e+01 1.110716e+00 -4.784549e+01
      vertex   3.439801e+01 1.140648e+00 -4.777300e+01
      vertex   3.455831e+01 1.129409e+00 -4.784549e+01
    endloop
  endfacet
  facet normal -1.086027e-01 9.175792e-01 -3.824316e-01
    outer loop
      vertex   3.455831e+01 1.129409e+00 -4.784549e+01
      vertex   3.439801e+01 1.140648e+00 -4.777300e+01
      vertex   3.455361e+01 1.159065e+00 -4.777300e+01
    endloop
  endfacet
  facet normal -1.802603e-01 9.062297e-01 -3.824316e-01
    outer loop
      vertex   3.455831e+01 1.129409e+00 -4.784549e+01
      vertex   3.455361e+01 1.159065e+00 -4.777300e+01
      vertex   3.471430e+01 1.160437e+00 -4.784549e+01
    endloop
  endfacet
  facet normal -1.802603e-01 9.062297e-01 -3.824316e-01
    outer loop
      vertex   3.471430e+01 1.160437e+00 -4.784549e+01
      vertex   3.455361e+01 1.159065e+00 -4.777300e+01
      vertex   3.470729e+01 1.189633e+00 -4.777300e+01
    endloop
  endfacet
  facet normal -2.508066e-01 8.892931e-01 -3.824316e-01
    outer loop
      vertex   3.471430e+01 1.160437e+00 -4.784549e+01
      vertex   3.470729e+01 1.189633e+00 -4.777300e+01
      vertex   3.486737e+01 1.203608e+00 -4.784549e+01
    endloop
  endfacet
  facet normal -2.508066e-01 8.892931e-01 -3.824316e-01
    outer loop
      vertex   3.486737e+01 1.203608e+00 -4.784549e+01
      vertex   3.470729e+01 1.189633e+00 -4.777300e+01
      vertex   3.485809e+01 1.232164e+00 -4.777300e+01
    endloop
  endfacet
  facet normal -3.198066e-01 8.668736e-01 -3.824316e-01
    outer loop
      vertex   3.486737e+01 1.203608e+00 -4.784549e+01
      vertex   3.485809e+01 1.232164e+00 -4.777300e+01
      vertex   3.501658e+01 1.258656e+00 -4.784549e+01
    endloop
  endfacet
  facet normal -3.198066e-01 8.668736e-01 -3.824316e-01
    outer loop
      vertex   3.501658e+01 1.258656e+00 -4.784549e+01
      vertex   3.485809e+01 1.232164e+00 -4.777300e+01
      vertex   3.500509e+01 1.286395e+00 -4.777300e+01
    endloop
  endfacet
  facet normal -3.868348e-01 8.391096e-01 -3.824316e-01
    outer loop
      vertex   3.501658e+01 1.258656e+00 -4.784549e+01
      vertex   3.500509e+01 1.286395e+00 -4.777300e+01
      vertex   3.516102e+01 1.325241e+00 -4.784549e+01
    endloop
  endfacet
  facet normal -3.868348e-01 8.391096e-01 -3.824316e-01
    outer loop
      vertex   3.516102e+01 1.325241e+00 -4.784549e+01
      vertex   3.500509e+01 1.286395e+00 -4.777300e+01
      vertex   3.514739e+01 1.351994e+00 -4.777300e+01
    endloop
  endfacet
  facet normal -4.514781e-01 8.061722e-01 -3.824316e-01
    outer loop
      vertex   3.516102e+01 1.325241e+00 -4.784549e+01
      vertex   3.514739e+01 1.351994e+00 -4.777300e+01
      vertex   3.529978e+01 1.402953e+00 -4.784549e+01
    endloop
  endfacet
  facet normal -4.514781e-01 8.061722e-01 -3.824316e-01
    outer loop
      vertex   3.529978e+01 1.402953e+00 -4.784549e+01
      vertex   3.514739e+01 1.351994e+00 -4.777300e+01
      vertex   3.528409e+01 1.428554e+00 -4.777300e+01
    endloop
  endfacet
  facet normal -5.133379e-01 7.682645e-01 -3.824316e-01
    outer loop
      vertex   3.529978e+01 1.402953e+00 -4.784549e+01
      vertex   3.528409e+01 1.428554e+00 -4.777300e+01
      vertex   3.543202e+01 1.491313e+00 -4.784549e+01
    endloop
  endfacet
  facet normal -5.133379e-01 7.682645e-01 -3.824316e-01
    outer loop
      vertex   3.543202e+01 1.491313e+00 -4.784549e+01
      vertex   3.528409e+01 1.428554e+00 -4.777300e+01
      vertex   3.541437e+01 1.515604e+00 -4.777300e+01
    endloop
  endfacet
  facet normal -5.720328e-01 7.256201e-01 -3.824316e-01
    outer loop
      vertex   3.543202e+01 1.491313e+00 -4.784549e+01
      vertex   3.541437e+01 1.515604e+00 -4.777300e+01
      vertex   3.555692e+01 1.589776e+00 -4.784549e+01
    endloop
  endfacet
  facet normal -5.720328e-01 7.256201e-01 -3.824316e-01
    outer loop
      vertex   3.555692e+01 1.589776e+00 -4.784549e+01
      vertex   3.541437e+01 1.515604e+00 -4.777300e+01
      vertex   3.553742e+01 1.612607e+00 -4.777300e+01
    endloop
  endfacet
  facet normal -3.348154e-02 8.521621e-01 -5.222056e-01
    outer loop
      vertex   3.424145e+01 1.134497e+00 -4.777300e+01
      vertex   3.424145e+01 1.175492e+00 -4.770611e+01
      vertex   3.439801e+01 1.140648e+00 -4.777300e+01
    endloop
  endfacet
  facet normal -3.348154e-02 8.521621e-01 -5.222056e-01
    outer loop
      vertex   3.439801e+01 1.140648e+00 -4.777300e+01
      vertex   3.424145e+01 1.175492e+00 -4.770611e+01
      vertex   3.439480e+01 1.181517e+00 -4.770611e+01
    endloop
  endfacet
  facet normal -1.002382e-01 8.469083e-01 -5.222056e-01
    outer loop
      vertex   3.439801e+01 1.140648e+00 -4.777300e+01
      vertex   3.439480e+01 1.181517e+00 -4.770611e+01
      vertex   3.455361e+01 1.159065e+00 -4.777300e+01
    endloop
  endfacet
  facet normal -1.002382e-01 8.469083e-01 -5.222056e-01
    outer loop
      vertex   3.455361e+01 1.159065e+00 -4.777300e+01
      vertex   3.439480e+01 1.181517e+00 -4.770611e+01
      vertex   3.454720e+01 1.199555e+00 -4.770611e+01
    endloop
  endfacet
  facet normal -1.663769e-01 8.364329e-01 -5.222056e-01
    outer loop
      vertex   3.455361e+01 1.159065e+00 -4.777300e+01
      vertex   3.454720e+01 1.199555e+00 -4.770611e+01
      vertex   3.470729e+01 1.189633e+00 -4.777300e+01
    endloop
  endfacet
  facet normal -1.663769e-01 8.364329e-01 -5.222056e-01
    outer loop
      vertex   3.470729e+01 1.189633e+00 -4.777300e+01
      vertex   3.454720e+01 1.199555e+00 -4.770611e+01
      vertex   3.469772e+01 1.229495e+00 -4.770611e+01
    endloop
  endfacet
  facet normal -2.314897e-01 8.208007e-01 -5.222056e-01
    outer loop
      vertex   3.470729e+01 1.189633e+00 -4.777300e+01
      vertex   3.469772e+01 1.229495e+00 -4.770611e+01
      vertex   3.485809e+01 1.232164e+00 -4.777300e+01
    endloop
  endfacet
  facet normal -2.314897e-01 8.208007e-01 -5.222056e-01
    outer loop
      vertex   3.485809e+01 1.232164e+00 -4.777300e+01
      vertex   3.469772e+01 1.229495e+00 -4.770611e+01
      vertex   3.484542e+01 1.271152e+00 -4.770611e+01
    endloop
  endfacet
  facet normal -2.951754e-01 8.001080e-01 -5.222056e-01
    outer loop
      vertex   3.485809e+01 1.232164e+00 -4.777300e+01
      vertex   3.484542e+01 1.271152e+00 -4.770611e+01
      vertex   3.500509e+01 1.286395e+00 -4.777300e+01
    endloop
  endfacet
  facet normal -2.951754e-01 8.001080e-01 -5.222056e-01
    outer loop
      vertex   3.500509e+01 1.286395e+00 -4.777300e+01
      vertex   3.484542e+01 1.271152e+00 -4.770611e+01
      vertex   3.498940e+01 1.324270e+00 -4.770611e+01
    endloop
  endfacet
  facet normal -3.570412e-01 7.744823e-01 -5.222056e-01
    outer loop
      vertex   3.500509e+01 1.286395e+00 -4.777300e+01
      vertex   3.498940e+01 1.324270e+00 -4.770611e+01
      vertex   3.514739e+01 1.351994e+00 -4.777300e+01
    endloop
  endfacet
  facet normal -3.570412e-01 7.744823e-01 -5.222056e-01
    outer loop
      vertex   3.514739e+01 1.351994e+00 -4.777300e+01
      vertex   3.498940e+01 1.324270e+00 -4.770611e+01
      vertex   3.512878e+01 1.388520e+00 -4.770611e+01
    endloop
  endfacet
  facet normal -4.167058e-01 7.440817e-01 -5.222056e-01
    outer loop
      vertex   3.514739e+01 1.351994e+00 -4.777300e+01
      vertex   3.512878e+01 1.388520e+00 -4.770611e+01
      vertex   3.528409e+01 1.428554e+00 -4.777300e+01
    endloop
  endfacet
  facet normal -4.167058e-01 7.440817e-01 -5.222056e-01
    outer loop
      vertex   3.528409e+01 1.428554e+00 -4.777300e+01
      vertex   3.512878e+01 1.388520e+00 -4.770611e+01
      vertex   3.526267e+01 1.463508e+00 -4.770611e+01
    endloop
  endfacet
  facet normal -4.738012e-01 7.090936e-01 -5.222056e-01
    outer loop
      vertex   3.528409e+01 1.428554e+00 -4.777300e+01
      vertex   3.526267e+01 1.463508e+00 -4.770611e+01
      vertex   3.541437e+01 1.515604e+00 -4.777300e+01
    endloop
  endfacet
  facet normal -4.738012e-01 7.090936e-01 -5.222056e-01
    outer loop
      vertex   3.541437e+01 1.515604e+00 -4.777300e+01
      vertex   3.526267e+01 1.463508e+00 -4.770611e+01
      vertex   3.539028e+01 1.548769e+00 -4.770611e+01
    endloop
  endfacet
  facet normal -5.279755e-01 6.697337e-01 -5.222056e-01
    outer loop
      vertex   3.541437e+01 1.515604e+00 -4.777300e+01
      vertex   3.539028e+01 1.548769e+00 -4.770611e+01
      vertex   3.553742e+01 1.612607e+00 -4.777300e+01
    endloop
  endfacet
  facet normal -5.279755e-01 6.697337e-01 -5.222056e-01
    outer loop
      vertex   3.553742e+01 1.612607e+00 -4.777300e+01
      vertex   3.539028e+01 1.548769e+00 -4.770611e+01
      vertex   3.551080e+01 1.643780e+00 -4.770611e+01
    endloop
  endfacet
  facet normal -2.986311e-02 7.600668e-01 -6.491584e-01
    outer loop
      vertex   3.424145e+01 1.175492e+00 -4.770611e+01
      vertex   3.424145e+01 1.226447e+00 -4.764645e+01
      vertex   3.439480e+01 1.181517e+00 -4.770611e+01
    endloop
  endfacet
  facet normal -2.986311e-02 7.600668e-01 -6.491584e-01
    outer loop
      vertex   3.439480e+01 1.181517e+00 -4.770611e+01
      vertex   3.424145e+01 1.226447e+00 -4.764645e+01
      vertex   3.439080e+01 1.232315e+00 -4.764645e+01
    endloop
  endfacet
  facet normal -8.940520e-02 7.553808e-01 -6.491584e-01
    outer loop
      vertex   3.439480e+01 1.181517e+00 -4.770611e+01
      vertex   3.439080e+01 1.232315e+00 -4.764645e+01
      vertex   3.454720e+01 1.199555e+00 -4.770611e+01
    endloop
  endfacet
  facet normal -8.940520e-02 7.553808e-01 -6.491584e-01
    outer loop
      vertex   3.454720e+01 1.199555e+00 -4.770611e+01
      vertex   3.439080e+01 1.232315e+00 -4.764645e+01
      vertex   3.453923e+01 1.249883e+00 -4.764645e+01
    endloop
  endfacet
  facet normal -1.483961e-01 7.460375e-01 -6.491584e-01
    outer loop
      vertex   3.454720e+01 1.199555e+00 -4.770611e+01
      vertex   3.453923e+01 1.249883e+00 -4.764645e+01
      vertex   3.469772e+01 1.229495e+00 -4.770611e+01
    endloop
  endfacet
  facet normal -1.483961e-01 7.460375e-01 -6.491584e-01
    outer loop
      vertex   3.469772e+01 1.229495e+00 -4.770611e+01
      vertex   3.453923e+01 1.249883e+00 -4.764645e+01
      vertex   3.468582e+01 1.279042e+00 -4.764645e+01
    endloop
  endfacet
  facet normal -2.064721e-01 7.320947e-01 -6.491584e-01
    outer loop
      vertex   3.469772e+01 1.229495e+00 -4.770611e+01
      vertex   3.468582e+01 1.279042e+00 -4.764645e+01
      vertex   3.484542e+01 1.271152e+00 -4.770611e+01
    endloop
  endfacet
  facet normal -2.064721e-01 7.320947e-01 -6.491584e-01
    outer loop
      vertex   3.484542e+01 1.271152e+00 -4.770611e+01
      vertex   3.468582e+01 1.279042e+00 -4.764645e+01
      vertex   3.482968e+01 1.319613e+00 -4.764645e+01
    endloop
  endfacet
  facet normal -2.632751e-01 7.136383e-01 -6.491584e-01
    outer loop
      vertex   3.484542e+01 1.271152e+00 -4.770611e+01
      vertex   3.482968e+01 1.319613e+00 -4.764645e+01
      vertex   3.498940e+01 1.324270e+00 -4.770611e+01
    endloop
  endfacet
  facet normal -2.632751e-01 7.136383e-01 -6.491584e-01
    outer loop
      vertex   3.498940e+01 1.324270e+00 -4.770611e+01
      vertex   3.482968e+01 1.319613e+00 -4.764645e+01
      vertex   3.496991e+01 1.371346e+00 -4.764645e+01
    endloop
  endfacet
  facet normal -3.184549e-01 6.907821e-01 -6.491584e-01
    outer loop
      vertex   3.498940e+01 1.324270e+00 -4.770611e+01
      vertex   3.496991e+01 1.371346e+00 -4.764645e+01
      vertex   3.512878e+01 1.388520e+00 -4.770611e+01
    endloop
  endfacet
  facet normal -3.184549e-01 6.907821e-01 -6.491584e-01
    outer loop
      vertex   3.512878e+01 1.388520e+00 -4.770611e+01
      vertex   3.496991e+01 1.371346e+00 -4.764645e+01
      vertex   3.510564e+01 1.433922e+00 -4.764645e+01
    endloop
  endfacet
  facet normal -3.716713e-01 6.636669e-01 -6.491584e-01
    outer loop
      vertex   3.512878e+01 1.388520e+00 -4.770611e+01
      vertex   3.510564e+01 1.433922e+00 -4.764645e+01
      vertex   3.526267e+01 1.463508e+00 -4.770611e+01
    endloop
  endfacet
  facet normal -3.716713e-01 6.636669e-01 -6.491584e-01
    outer loop
      vertex   3.526267e+01 1.463508e+00 -4.770611e+01
      vertex   3.510564e+01 1.433922e+00 -4.764645e+01
      vertex   3.523605e+01 1.506954e+00 -4.764645e+01
    endloop
  endfacet
  facet normal -4.225963e-01 6.324601e-01 -6.491584e-01
    outer loop
      vertex   3.526267e+01 1.463508e+00 -4.770611e+01
      vertex   3.523605e+01 1.506954e+00 -4.764645e+01
      vertex   3.539028e+01 1.548769e+00 -4.770611e+01
    endloop
  endfacet
  facet normal -4.225963e-01 6.324601e-01 -6.491584e-01
    outer loop
      vertex   3.539028e+01 1.548769e+00 -4.770611e+01
      vertex   3.523605e+01 1.506954e+00 -4.764645e+01
      vertex   3.536033e+01 1.589993e+00 -4.764645e+01
    endloop
  endfacet
  facet normal -4.709158e-01 5.973539e-01 -6.491584e-01
    outer loop
      vertex   3.539028e+01 1.548769e+00 -4.770611e+01
      vertex   3.536033e+01 1.589993e+00 -4.764645e+01
      vertex   3.551080e+01 1.643780e+00 -4.770611e+01
    endloop
  endfacet
  facet normal -4.709158e-01 5.973539e-01 -6.491584e-01
    outer loop
      vertex   3.551080e+01 1.643780e+00 -4.770611e+01
      vertex   3.536033e+01 1.589993e+00 -4.764645e+01
      vertex   3.547771e+01 1.682527e+00 -4.764645e+01
    endloop
  endfacet
  facet normal -2.550858e-02 6.492367e-01 -7.601585e-01
    outer loop
      vertex   3.424145e+01 1.226447e+00 -4.764645e+01
      vertex   3.424145e+01 1.286107e+00 -4.759549e+01
      vertex   3.439080e+01 1.232315e+00 -4.764645e+01
    endloop
  endfacet
  facet normal -2.550858e-02 6.492367e-01 -7.601585e-01
    outer loop
      vertex   3.439080e+01 1.232315e+00 -4.764645e+01
      vertex   3.424145e+01 1.286107e+00 -4.759549e+01
      vertex   3.438612e+01 1.291791e+00 -4.759549e+01
    endloop
  endfacet
  facet normal -7.636847e-02 6.452340e-01 -7.601585e-01
    outer loop
      vertex   3.439080e+01 1.232315e+00 -4.764645e+01
      vertex   3.438612e+01 1.291791e+00 -4.759549e+01
      vertex   3.453923e+01 1.249883e+00 -4.764645e+01
    endloop
  endfacet
  facet normal -7.636847e-02 6.452340e-01 -7.601585e-01
    outer loop
      vertex   3.453923e+01 1.249883e+00 -4.764645e+01
      vertex   3.438612e+01 1.291791e+00 -4.759549e+01
      vertex   3.452990e+01 1.308809e+00 -4.759549e+01
    endloop
  endfacet
  facet normal -1.267575e-01 6.372531e-01 -7.601585e-01
    outer loop
      vertex   3.453923e+01 1.249883e+00 -4.764645e+01
      vertex   3.452990e+01 1.308809e+00 -4.759549e+01
      vertex   3.468582e+01 1.279042e+00 -4.764645e+01
    endloop
  endfacet
  facet normal -1.267575e-01 6.372531e-01 -7.601585e-01
    outer loop
      vertex   3.468582e+01 1.279042e+00 -4.764645e+01
      vertex   3.452990e+01 1.308809e+00 -4.759549e+01
      vertex   3.467189e+01 1.337054e+00 -4.759549e+01
    endloop
  endfacet
  facet normal -1.763651e-01 6.253434e-01 -7.601585e-01
    outer loop
      vertex   3.468582e+01 1.279042e+00 -4.764645e+01
      vertex   3.467189e+01 1.337054e+00 -4.759549e+01
      vertex   3.482968e+01 1.319613e+00 -4.764645e+01
    endloop
  endfacet
  facet normal -1.763651e-01 6.253434e-01 -7.601585e-01
    outer loop
      vertex   3.482968e+01 1.319613e+00 -4.764645e+01
      vertex   3.467189e+01 1.337054e+00 -4.759549e+01
      vertex   3.481124e+01 1.376354e+00 -4.759549e+01
    endloop
  endfacet
  facet normal -2.248853e-01 6.095782e-01 -7.601585e-01
    outer loop
      vertex   3.482968e+01 1.319613e+00 -4.764645e+01
      vertex   3.481124e+01 1.376354e+00 -4.759549e+01
      vertex   3.496991e+01 1.371346e+00 -4.764645e+01
    endloop
  endfacet
  facet normal -2.248853e-01 6.095782e-01 -7.601585e-01
    outer loop
      vertex   3.496991e+01 1.371346e+00 -4.764645e+01
      vertex   3.481124e+01 1.376354e+00 -4.759549e+01
      vertex   3.494707e+01 1.426465e+00 -4.759549e+01
    endloop
  endfacet
  facet normal -2.720190e-01 5.900548e-01 -7.601585e-01
    outer loop
      vertex   3.496991e+01 1.371346e+00 -4.764645e+01
      vertex   3.494707e+01 1.426465e+00 -4.759549e+01
      vertex   3.510564e+01 1.433922e+00 -4.764645e+01
    endloop
  endfacet
  facet normal -2.720190e-01 5.900548e-01 -7.601585e-01
    outer loop
      vertex   3.510564e+01 1.433922e+00 -4.764645e+01
      vertex   3.494707e+01 1.426465e+00 -4.759549e+01
      vertex   3.507856e+01 1.487080e+00 -4.759549e+01
    endloop
  endfacet
  facet normal -3.174756e-01 5.668935e-01 -7.601585e-01
    outer loop
      vertex   3.510564e+01 1.433922e+00 -4.764645e+01
      vertex   3.507856e+01 1.487080e+00 -4.759549e+01
      vertex   3.523605e+01 1.506954e+00 -4.764645e+01
    endloop
  endfacet
  facet normal -3.174756e-01 5.668935e-01 -7.601585e-01
    outer loop
      vertex   3.523605e+01 1.506954e+00 -4.764645e+01
      vertex   3.507856e+01 1.487080e+00 -4.759549e+01
      vertex   3.520488e+01 1.557823e+00 -4.759549e+01
    endloop
  endfacet
  facet normal -3.609749e-01 5.402371e-01 -7.601585e-01
    outer loop
      vertex   3.523605e+01 1.506954e+00 -4.764645e+01
      vertex   3.520488e+01 1.557823e+00 -4.759549e+01
      vertex   3.536033e+01 1.589993e+00 -4.764645e+01
    endloop
  endfacet
  facet normal -3.609749e-01 5.402371e-01 -7.601585e-01
    outer loop
      vertex   3.536033e+01 1.589993e+00 -4.764645e+01
      vertex   3.520488e+01 1.557823e+00 -4.759549e+01
      vertex   3.532526e+01 1.638260e+00 -4.759549e+01
    endloop
  endfacet
  facet normal -4.022486e-01 5.102500e-01 -7.601585e-01
    outer loop
      vertex   3.536033e+01 1.589993e+00 -4.764645e+01
      vertex   3.532526e+01 1.638260e+00 -4.759549e+01
      vertex   3.547771e+01 1.682527e+00 -4.764645e+01
    endloop
  endfacet
  facet normal -4.022486e-01 5.102500e-01 -7.601585e-01
    outer loop
      vertex   3.547771e+01 1.682527e+00 -4.764645e+01
      vertex   3.532526e+01 1.638260e+00 -4.759549e+01
      vertex   3.543896e+01 1.727893e+00 -4.759549e+01
    endloop
  endfacet
  facet normal -2.052470e-02 5.223885e-01 -8.524606e-01
    outer loop
      vertex   3.424145e+01 1.286107e+00 -4.759549e+01
      vertex   3.424145e+01 1.353005e+00 -4.755450e+01
      vertex   3.438612e+01 1.291791e+00 -4.759549e+01
    endloop
  endfacet
  facet normal -2.052470e-02 5.223885e-01 -8.524606e-01
    outer loop
      vertex   3.438612e+01 1.291791e+00 -4.759549e+01
      vertex   3.424145e+01 1.353005e+00 -4.755450e+01
      vertex   3.438087e+01 1.358483e+00 -4.755450e+01
    endloop
  endfacet
  facet normal -6.144756e-02 5.191678e-01 -8.524606e-01
    outer loop
      vertex   3.438612e+01 1.291791e+00 -4.759549e+01
      vertex   3.438087e+01 1.358483e+00 -4.755450e+01
      vertex   3.452990e+01 1.308809e+00 -4.759549e+01
    endloop
  endfacet
  facet normal -6.144756e-02 5.191678e-01 -8.524606e-01
    outer loop
      vertex   3.452990e+01 1.308809e+00 -4.759549e+01
      vertex   3.438087e+01 1.358483e+00 -4.755450e+01
      vertex   3.451943e+01 1.374883e+00 -4.755450e+01
    endloop
  endfacet
  facet normal -1.019916e-01 5.127463e-01 -8.524606e-01
    outer loop
      vertex   3.452990e+01 1.308809e+00 -4.759549e+01
      vertex   3.451943e+01 1.374883e+00 -4.755450e+01
      vertex   3.467189e+01 1.337054e+00 -4.759549e+01
    endloop
  endfacet
  facet normal -1.019916e-01 5.127463e-01 -8.524606e-01
    outer loop
      vertex   3.467189e+01 1.337054e+00 -4.759549e+01
      vertex   3.451943e+01 1.374883e+00 -4.755450e+01
      vertex   3.465628e+01 1.402103e+00 -4.755450e+01
    endloop
  endfacet
  facet normal -1.419068e-01 5.031635e-01 -8.524606e-01
    outer loop
      vertex   3.467189e+01 1.337054e+00 -4.759549e+01
      vertex   3.465628e+01 1.402103e+00 -4.755450e+01
      vertex   3.481124e+01 1.376354e+00 -4.759549e+01
    endloop
  endfacet
  facet normal -1.419068e-01 5.031635e-01 -8.524606e-01
    outer loop
      vertex   3.481124e+01 1.376354e+00 -4.759549e+01
      vertex   3.465628e+01 1.402103e+00 -4.755450e+01
      vertex   3.479057e+01 1.439977e+00 -4.755450e+01
    endloop
  endfacet
  facet normal -1.809471e-01 4.904785e-01 -8.524606e-01
    outer loop
      vertex   3.481124e+01 1.376354e+00 -4.759549e+01
      vertex   3.479057e+01 1.439977e+00 -4.755450e+01
      vertex   3.494707e+01 1.426465e+00 -4.759549e+01
    endloop
  endfacet
  facet normal -1.809471e-01 4.904785e-01 -8.524606e-01
    outer loop
      vertex   3.494707e+01 1.426465e+00 -4.759549e+01
      vertex   3.479057e+01 1.439977e+00 -4.755450e+01
      vertex   3.492147e+01 1.488270e+00 -4.755450e+01
    endloop
  endfacet
  facet normal -2.188718e-01 4.747696e-01 -8.524606e-01
    outer loop
      vertex   3.494707e+01 1.426465e+00 -4.759549e+01
      vertex   3.492147e+01 1.488270e+00 -4.755450e+01
      vertex   3.507856e+01 1.487080e+00 -4.759549e+01
    endloop
  endfacet
  facet normal -2.188718e-01 4.747696e-01 -8.524606e-01
    outer loop
      vertex   3.507856e+01 1.487080e+00 -4.759549e+01
      vertex   3.492147e+01 1.488270e+00 -4.755450e+01
      vertex   3.504819e+01 1.546686e+00 -4.755450e+01
    endloop
  endfacet
  facet normal -2.554471e-01 4.561335e-01 -8.524606e-01
    outer loop
      vertex   3.507856e+01 1.487080e+00 -4.759549e+01
      vertex   3.504819e+01 1.546686e+00 -4.755450e+01
      vertex   3.520488e+01 1.557823e+00 -4.759549e+01
    endloop
  endfacet
  facet normal -2.554471e-01 4.561335e-01 -8.524606e-01
    outer loop
      vertex   3.520488e+01 1.557823e+00 -4.759549e+01
      vertex   3.504819e+01 1.546686e+00 -4.755450e+01
      vertex   3.516992e+01 1.614862e+00 -4.755450e+01
    endloop
  endfacet
  facet normal -2.904474e-01 4.346853e-01 -8.524606e-01
    outer loop
      vertex   3.520488e+01 1.557823e+00 -4.759549e+01
      vertex   3.516992e+01 1.614862e+00 -4.755450e+01
      vertex   3.532526e+01 1.638260e+00 -4.759549e+01
    endloop
  endfacet
  facet normal -2.904474e-01 4.346853e-01 -8.524606e-01
    outer loop
      vertex   3.532526e+01 1.638260e+00 -4.759549e+01
      vertex   3.516992e+01 1.614862e+00 -4.755450e+01
      vertex   3.528594e+01 1.692381e+00 -4.755450e+01
    endloop
  endfacet
  facet normal -3.236571e-01 4.105571e-01 -8.524606e-01
    outer loop
      vertex   3.532526e+01 1.638260e+00 -4.759549e+01
      vertex   3.528594e+01 1.692381e+00 -4.755450e+01
      vertex   3.543896e+01 1.727893e+00 -4.759549e+01
    endloop
  endfacet
  facet normal -3.236571e-01 4.105571e-01 -8.524606e-01
    outer loop
      vertex   3.543896e+01 1.727893e+00 -4.759549e+01
      vertex   3.528594e+01 1.692381e+00 -4.755450e+01
      vertex   3.539551e+01 1.778762e+00 -4.755450e+01
    endloop
  endfacet
  facet normal -1.503397e-02 3.826402e-01 -9.237751e-01
    outer loop
      vertex   3.424145e+01 1.353005e+00 -4.755450e+01
      vertex   3.424145e+01 1.425492e+00 -4.752447e+01
      vertex   3.438087e+01 1.358483e+00 -4.755450e+01
    endloop
  endfacet
  facet normal -1.503397e-02 3.826402e-01 -9.237751e-01
    outer loop
      vertex   3.438087e+01 1.358483e+00 -4.755450e+01
      vertex   3.424145e+01 1.425492e+00 -4.752447e+01
      vertex   3.437518e+01 1.430746e+00 -4.752447e+01
    endloop
  endfacet
  facet normal -4.500923e-02 3.802811e-01 -9.237751e-01
    outer loop
      vertex   3.438087e+01 1.358483e+00 -4.755450e+01
      vertex   3.437518e+01 1.430746e+00 -4.752447e+01
      vertex   3.451943e+01 1.374883e+00 -4.755450e+01
    endloop
  endfacet
  facet normal -4.500923e-02 3.802811e-01 -9.237751e-01
    outer loop
      vertex   3.451943e+01 1.374883e+00 -4.755450e+01
      vertex   3.437518e+01 1.430746e+00 -4.752447e+01
      vertex   3.450809e+01 1.446477e+00 -4.752447e+01
    endloop
  endfacet
  facet normal -7.470699e-02 3.755774e-01 -9.237751e-01
    outer loop
      vertex   3.451943e+01 1.374883e+00 -4.755450e+01
      vertex   3.450809e+01 1.446477e+00 -4.752447e+01
      vertex   3.465628e+01 1.402103e+00 -4.755450e+01
    endloop
  endfacet
  facet normal -7.470699e-02 3.755774e-01 -9.237751e-01
    outer loop
      vertex   3.465628e+01 1.402103e+00 -4.755450e+01
      vertex   3.450809e+01 1.446477e+00 -4.752447e+01
      vertex   3.463936e+01 1.472587e+00 -4.752447e+01
    endloop
  endfacet
  facet normal -1.039442e-01 3.685582e-01 -9.237751e-01
    outer loop
      vertex   3.465628e+01 1.402103e+00 -4.755450e+01
      vertex   3.463936e+01 1.472587e+00 -4.752447e+01
      vertex   3.479057e+01 1.439977e+00 -4.755450e+01
    endloop
  endfacet
  facet normal -1.039442e-01 3.685582e-01 -9.237751e-01
    outer loop
      vertex   3.479057e+01 1.439977e+00 -4.755450e+01
      vertex   3.463936e+01 1.472587e+00 -4.752447e+01
      vertex   3.476817e+01 1.508916e+00 -4.752447e+01
    endloop
  endfacet
  facet normal -1.325405e-01 3.592667e-01 -9.237751e-01
    outer loop
      vertex   3.479057e+01 1.439977e+00 -4.755450e+01
      vertex   3.476817e+01 1.508916e+00 -4.752447e+01
      vertex   3.492147e+01 1.488270e+00 -4.755450e+01
    endloop
  endfacet
  facet normal -1.325405e-01 3.592667e-01 -9.237751e-01
    outer loop
      vertex   3.492147e+01 1.488270e+00 -4.755450e+01
      vertex   3.476817e+01 1.508916e+00 -4.752447e+01
      vertex   3.489373e+01 1.555239e+00 -4.752447e+01
    endloop
  endfacet
  facet normal -1.603196e-01 3.477602e-01 -9.237751e-01
    outer loop
      vertex   3.492147e+01 1.488270e+00 -4.755450e+01
      vertex   3.489373e+01 1.555239e+00 -4.752447e+01
      vertex   3.504819e+01 1.546686e+00 -4.755450e+01
    endloop
  endfacet
  facet normal -1.603196e-01 3.477602e-01 -9.237751e-01
    outer loop
      vertex   3.504819e+01 1.546686e+00 -4.755450e+01
      vertex   3.489373e+01 1.555239e+00 -4.752447e+01
      vertex   3.501528e+01 1.611272e+00 -4.752447e+01
    endloop
  endfacet
  facet normal -1.871104e-01 3.341096e-01 -9.237751e-01
    outer loop
      vertex   3.504819e+01 1.546686e+00 -4.755450e+01
      vertex   3.501528e+01 1.611272e+00 -4.752447e+01
      vertex   3.516992e+01 1.614862e+00 -4.755450e+01
    endloop
  endfacet
  facet normal -1.871104e-01 3.341096e-01 -9.237751e-01
    outer loop
      vertex   3.516992e+01 1.614862e+00 -4.755450e+01
      vertex   3.501528e+01 1.611272e+00 -4.752447e+01
      vertex   3.513205e+01 1.676668e+00 -4.752447e+01
    endloop
  endfacet
  facet normal -2.127475e-01 3.183992e-01 -9.237751e-01
    outer loop
      vertex   3.516992e+01 1.614862e+00 -4.755450e+01
      vertex   3.513205e+01 1.676668e+00 -4.752447e+01
      vertex   3.528594e+01 1.692381e+00 -4.755450e+01
    endloop
  endfacet
  facet normal -2.127475e-01 3.183992e-01 -9.237751e-01
    outer loop
      vertex   3.528594e+01 1.692381e+00 -4.755450e+01
      vertex   3.513205e+01 1.676668e+00 -4.752447e+01
      vertex   3.524333e+01 1.751024e+00 -4.752447e+01
    endloop
  endfacet
  facet normal -2.370730e-01 3.007257e-01 -9.237751e-01
    outer loop
      vertex   3.528594e+01 1.692381e+00 -4.755450e+01
      vertex   3.524333e+01 1.751024e+00 -4.752447e+01
      vertex   3.539551e+01 1.778762e+00 -4.755450e+01
    endloop
  endfacet
  facet normal -2.370730e-01 3.007257e-01 -9.237751e-01
    outer loop
      vertex   3.539551e+01 1.778762e+00 -4.755450e+01
      vertex   3.524333e+01 1.751024e+00 -4.752447e+01
      vertex   3.534844e+01 1.833882e+00 -4.752447e+01
    endloop
  endfacet
  facet normal -9.171708e-03 2.334355e-01 -9.723290e-01
    outer loop
      vertex   3.424145e+01 1.425492e+00 -4.752447e+01
      vertex   3.424145e+01 1.501783e+00 -4.750616e+01
      vertex   3.437518e+01 1.430746e+00 -4.752447e+01
    endloop
  endfacet
  facet normal -9.171708e-03 2.334355e-01 -9.723290e-01
    outer loop
      vertex   3.437518e+01 1.430746e+00 -4.752447e+01
      vertex   3.424145e+01 1.501783e+00 -4.750616e+01
      vertex   3.436920e+01 1.506802e+00 -4.750616e+01
    endloop
  endfacet
  facet normal -2.745858e-02 2.319963e-01 -9.723290e-01
    outer loop
      vertex   3.437518e+01 1.430746e+00 -4.752447e+01
      vertex   3.436920e+01 1.506802e+00 -4.750616e+01
      vertex   3.450809e+01 1.446477e+00 -4.752447e+01
    endloop
  endfacet
  facet normal -2.745858e-02 2.319963e-01 -9.723290e-01
    outer loop
      vertex   3.450809e+01 1.446477e+00 -4.752447e+01
      vertex   3.436920e+01 1.506802e+00 -4.750616e+01
      vertex   3.449616e+01 1.521829e+00 -4.750616e+01
    endloop
  endfacet
  facet normal -4.557615e-02 2.291268e-01 -9.723290e-01
    outer loop
      vertex   3.450809e+01 1.446477e+00 -4.752447e+01
      vertex   3.449616e+01 1.521829e+00 -4.750616e+01
      vertex   3.463936e+01 1.472587e+00 -4.752447e+01
    endloop
  endfacet
  facet normal -4.557615e-02 2.291268e-01 -9.723290e-01
    outer loop
      vertex   3.463936e+01 1.472587e+00 -4.752447e+01
      vertex   3.449616e+01 1.521829e+00 -4.750616e+01
      vertex   3.462155e+01 1.546771e+00 -4.750616e+01
    endloop
  endfacet
  facet normal -6.341274e-02 2.248446e-01 -9.723290e-01
    outer loop
      vertex   3.463936e+01 1.472587e+00 -4.752447e+01
      vertex   3.462155e+01 1.546771e+00 -4.750616e+01
      vertex   3.476817e+01 1.508916e+00 -4.752447e+01
    endloop
  endfacet
  facet normal -6.341274e-02 2.248446e-01 -9.723290e-01
    outer loop
      vertex   3.476817e+01 1.508916e+00 -4.752447e+01
      vertex   3.462155e+01 1.546771e+00 -4.750616e+01
      vertex   3.474459e+01 1.581473e+00 -4.750616e+01
    endloop
  endfacet
  facet normal -8.085836e-02 2.191762e-01 -9.723290e-01
    outer loop
      vertex   3.476817e+01 1.508916e+00 -4.752447e+01
      vertex   3.474459e+01 1.581473e+00 -4.750616e+01
      vertex   3.489373e+01 1.555239e+00 -4.752447e+01
    endloop
  endfacet
  facet normal -8.085836e-02 2.191762e-01 -9.723290e-01
    outer loop
      vertex   3.489373e+01 1.555239e+00 -4.752447e+01
      vertex   3.474459e+01 1.581473e+00 -4.750616e+01
      vertex   3.486454e+01 1.625723e+00 -4.750616e+01
    endloop
  endfacet
  facet normal -9.780547e-02 2.121565e-01 -9.723290e-01
    outer loop
      vertex   3.489373e+01 1.555239e+00 -4.752447e+01
      vertex   3.486454e+01 1.625723e+00 -4.750616e+01
      vertex   3.501528e+01 1.611272e+00 -4.752447e+01
    endloop
  endfacet
  facet normal -9.780547e-02 2.121565e-01 -9.723290e-01
    outer loop
      vertex   3.501528e+01 1.611272e+00 -4.752447e+01
      vertex   3.486454e+01 1.625723e+00 -4.750616e+01
      vertex   3.498064e+01 1.679248e+00 -4.750616e+01
    endloop
  endfacet
  facet normal -1.141496e-01 2.038287e-01 -9.723290e-01
    outer loop
      vertex   3.501528e+01 1.611272e+00 -4.752447e+01
      vertex   3.498064e+01 1.679248e+00 -4.750616e+01
      vertex   3.513205e+01 1.676668e+00 -4.752447e+01
    endloop
  endfacet
  facet normal -1.141496e-01 2.038287e-01 -9.723290e-01
    outer loop
      vertex   3.513205e+01 1.676668e+00 -4.752447e+01
      vertex   3.498064e+01 1.679248e+00 -4.750616e+01
      vertex   3.509219e+01 1.741717e+00 -4.750616e+01
    endloop
  endfacet
  facet normal -1.297899e-01 1.942443e-01 -9.723290e-01
    outer loop
      vertex   3.513205e+01 1.676668e+00 -4.752447e+01
      vertex   3.509219e+01 1.741717e+00 -4.750616e+01
      vertex   3.524333e+01 1.751024e+00 -4.752447e+01
    endloop
  endfacet
  facet normal -1.297899e-01 1.942443e-01 -9.723290e-01
    outer loop
      vertex   3.524333e+01 1.751024e+00 -4.752447e+01
      vertex   3.509219e+01 1.741717e+00 -4.750616e+01
      vertex   3.519849e+01 1.812745e+00 -4.750616e+01
    endloop
  endfacet
  facet normal -1.446300e-01 1.834623e-01 -9.723290e-01
    outer loop
      vertex   3.524333e+01 1.751024e+00 -4.752447e+01
      vertex   3.519849e+01 1.812745e+00 -4.750616e+01
      vertex   3.534844e+01 1.833882e+00 -4.752447e+01
    endloop
  endfacet
  facet normal -1.446300e-01 1.834623e-01 -9.723290e-01
    outer loop
      vertex   3.534844e+01 1.833882e+00 -4.752447e+01
      vertex   3.519849e+01 1.812745e+00 -4.750616e+01
      vertex   3.529889e+01 1.891894e+00 -4.750616e+01
    endloop
  endfacet
  facet normal -3.082652e-03 7.845872e-02 -9.969126e-01
    outer loop
      vertex   3.424145e+01 1.501783e+00 -4.750616e+01
      vertex   3.424145e+01 1.580000e+00 -4.750000e+01
      vertex   3.436920e+01 1.506802e+00 -4.750616e+01
    endloop
  endfacet
  facet normal -3.401445e-03 7.790591e-02 -9.969549e-01
    outer loop
      vertex   3.436920e+01 1.506802e+00 -4.750616e+01
      vertex   3.424145e+01 1.580000e+00 -4.750000e+01
      vertex   3.437654e+01 1.585898e+00 -4.750000e+01
    endloop
  endfacet
  facet normal -9.284681e-03 7.844587e-02 -9.968751e-01
    outer loop
      vertex   3.436920e+01 1.506802e+00 -4.750616e+01
      vertex   3.437654e+01 1.585898e+00 -4.750000e+01
      vertex   3.449616e+01 1.521829e+00 -4.750616e+01
    endloop
  endfacet
  facet normal -1.012297e-02 7.689163e-02 -9.969881e-01
    outer loop
      vertex   3.449616e+01 1.521829e+00 -4.750616e+01
      vertex   3.437654e+01 1.585898e+00 -4.750000e+01
      vertex   3.451060e+01 1.603548e+00 -4.750000e+01
    endloop
  endfacet
  facet normal -1.548097e-02 7.782809e-02 -9.968466e-01
    outer loop
      vertex   3.449616e+01 1.521829e+00 -4.750616e+01
      vertex   3.451060e+01 1.603548e+00 -4.750000e+01
      vertex   3.462155e+01 1.546771e+00 -4.750616e+01
    endloop
  endfacet
  facet normal -1.672090e-02 7.542310e-02 -9.970114e-01
    outer loop
      vertex   3.462155e+01 1.546771e+00 -4.750616e+01
      vertex   3.451060e+01 1.603548e+00 -4.750000e+01
      vertex   3.464262e+01 1.632815e+00 -4.750000e+01
    endloop
  endfacet
  facet normal -2.160511e-02 7.660593e-02 -9.968273e-01
    outer loop
      vertex   3.462155e+01 1.546771e+00 -4.750616e+01
      vertex   3.464262e+01 1.632815e+00 -4.750000e+01
      vertex   3.474459e+01 1.581473e+00 -4.750616e+01
    endloop
  endfacet
  facet normal -2.317689e-02 7.350771e-02 -9.970253e-01
    outer loop
      vertex   3.474459e+01 1.581473e+00 -4.750616e+01
      vertex   3.464262e+01 1.632815e+00 -4.750000e+01
      vertex   3.477158e+01 1.673476e+00 -4.750000e+01
    endloop
  endfacet
  facet normal -2.759091e-02 7.478844e-02 -9.968177e-01
    outer loop
      vertex   3.474459e+01 1.581473e+00 -4.750616e+01
      vertex   3.477158e+01 1.673476e+00 -4.750000e+01
      vertex   3.486454e+01 1.625723e+00 -4.750616e+01
    endloop
  endfacet
  facet normal -2.947251e-02 7.115292e-02 -9.970299e-01
    outer loop
      vertex   3.486454e+01 1.625723e+00 -4.750616e+01
      vertex   3.477158e+01 1.673476e+00 -4.750000e+01
      vertex   3.489651e+01 1.725223e+00 -4.750000e+01
    endloop
  endfacet
  facet normal -3.337369e-02 7.239314e-02 -9.968177e-01
    outer loop
      vertex   3.486454e+01 1.625723e+00 -4.750616e+01
      vertex   3.489651e+01 1.725223e+00 -4.750000e+01
      vertex   3.498064e+01 1.679248e+00 -4.750616e+01
    endloop
  endfacet
  facet normal -3.558926e-02 6.836634e-02 -9.970253e-01
    outer loop
      vertex   3.498064e+01 1.679248e+00 -4.750616e+01
      vertex   3.489651e+01 1.725223e+00 -4.750000e+01
      vertex   3.501645e+01 1.787661e+00 -4.750000e+01
    endloop
  endfacet
  facet normal -3.889146e-02 6.944569e-02 -9.968273e-01
    outer loop
      vertex   3.498064e+01 1.679248e+00 -4.750616e+01
      vertex   3.501645e+01 1.787661e+00 -4.750000e+01
      vertex   3.509219e+01 1.741717e+00 -4.750616e+01
    endloop
  endfacet
  facet normal -4.150873e-02 6.515565e-02 -9.970114e-01
    outer loop
      vertex   3.509219e+01 1.741717e+00 -4.750616e+01
      vertex   3.501645e+01 1.787661e+00 -4.750000e+01
      vertex   3.513049e+01 1.860314e+00 -4.750000e+01
    endloop
  endfacet
  facet normal -4.408607e-02 6.597947e-02 -9.968466e-01
    outer loop
      vertex   3.509219e+01 1.741717e+00 -4.750616e+01
      vertex   3.513049e+01 1.860314e+00 -4.750000e+01
      vertex   3.519849e+01 1.812745e+00 -4.750616e+01
    endloop
  endfacet
  facet normal -4.721257e-02 6.152861e-02 -9.969881e-01
    outer loop
      vertex   3.519849e+01 1.812745e+00 -4.750616e+01
      vertex   3.513049e+01 1.860314e+00 -4.750000e+01
      vertex   3.523777e+01 1.942631e+00 -4.750000e+01
    endloop
  endfacet
  facet normal -4.890435e-02 6.203487e-02 -9.968751e-01
    outer loop
      vertex   3.519849e+01 1.812745e+00 -4.750616e+01
      vertex   3.523777e+01 1.942631e+00 -4.750000e+01
      vertex   3.529889e+01 1.891894e+00 -4.750616e+01
    endloop
  endfacet
  facet normal -5.547896e-02 5.547896e-02 -9.969173e-01
    outer loop
      vertex   3.533746e+01 2.033984e+00 -4.750000e+01
      vertex   3.594102e+01 2.637538e+00 -4.750000e+01
      vertex   3.539277e+01 1.978677e+00 -4.750616e+01
    endloop
  endfacet
  facet normal -5.547896e-02 5.547896e-02 -9.969173e-01
    outer loop
      vertex   3.539277e+01 1.978677e+00 -4.750616e+01
      vertex   3.594102e+01 2.637538e+00 -4.750000e+01
      vertex   3.599632e+01 2.582230e+00 -4.750616e+01
    endloop
  endfacet
  facet normal -1.650708e-01 1.650708e-01 -9.723699e-01
    outer loop
      vertex   3.539277e+01 1.978677e+00 -4.750616e+01
      vertex   3.599632e+01 2.582230e+00 -4.750616e+01
      vertex   3.544672e+01 1.924730e+00 -4.752447e+01
    endloop
  endfacet
  facet normal -1.650708e-01 1.650708e-01 -9.723699e-01
    outer loop
      vertex   3.544672e+01 1.924730e+00 -4.752447e+01
      vertex   3.599632e+01 2.582230e+00 -4.750616e+01
      vertex   3.605027e+01 2.528284e+00 -4.752447e+01
    endloop
  endfacet
  facet normal -2.705981e-01 2.705981e-01 -9.238795e-01
    outer loop
      vertex   3.544672e+01 1.924730e+00 -4.752447e+01
      vertex   3.605027e+01 2.528284e+00 -4.752447e+01
      vertex   3.549797e+01 1.873475e+00 -4.755450e+01
    endloop
  endfacet
  facet normal -2.705981e-01 2.705981e-01 -9.238795e-01
    outer loop
      vertex   3.549797e+01 1.873475e+00 -4.755450e+01
      vertex   3.605027e+01 2.528284e+00 -4.752447e+01
      vertex   3.610153e+01 2.477028e+00 -4.755450e+01
    endloop
  endfacet
  facet normal -3.694623e-01 3.694623e-01 -8.526402e-01
    outer loop
      vertex   3.549797e+01 1.873475e+00 -4.755450e+01
      vertex   3.610153e+01 2.477028e+00 -4.755450e+01
      vertex   3.554528e+01 1.826171e+00 -4.759549e+01
    endloop
  endfacet
  facet normal -3.694623e-01 3.694623e-01 -8.526402e-01
    outer loop
      vertex   3.554528e+01 1.826171e+00 -4.759549e+01
      vertex   3.610153e+01 2.477028e+00 -4.755450e+01
      vertex   3.614883e+01 2.429724e+00 -4.759549e+01
    endloop
  endfacet
  facet normal -4.592291e-01 4.592291e-01 -7.604060e-01
    outer loop
      vertex   3.554528e+01 1.826171e+00 -4.759549e+01
      vertex   3.614883e+01 2.429724e+00 -4.759549e+01
      vertex   3.558746e+01 1.783984e+00 -4.764645e+01
    endloop
  endfacet
  facet normal -4.592291e-01 4.592291e-01 -7.604060e-01
    outer loop
      vertex   3.558746e+01 1.783984e+00 -4.764645e+01
      vertex   3.614883e+01 2.429724e+00 -4.759549e+01
      vertex   3.619102e+01 2.387538e+00 -4.764645e+01
    endloop
  endfacet
  facet normal -5.376882e-01 5.376882e-01 -6.494480e-01
    outer loop
      vertex   3.558746e+01 1.783984e+00 -4.764645e+01
      vertex   3.619102e+01 2.387538e+00 -4.764645e+01
      vertex   3.562349e+01 1.747954e+00 -4.770611e+01
    endloop
  endfacet
  facet normal -5.376882e-01 5.376882e-01 -6.494480e-01
    outer loop
      vertex   3.562349e+01 1.747954e+00 -4.770611e+01
      vertex   3.619102e+01 2.387538e+00 -4.764645e+01
      vertex   3.622705e+01 2.351507e+00 -4.770611e+01
    endloop
  endfacet
  facet normal -6.029076e-01 6.029076e-01 -5.224986e-01
    outer loop
      vertex   3.562349e+01 1.747954e+00 -4.770611e+01
      vertex   3.622705e+01 2.351507e+00 -4.770611e+01
      vertex   3.565248e+01 1.718966e+00 -4.777300e+01
    endloop
  endfacet
  facet normal -6.029076e-01 6.029076e-01 -5.224986e-01
    outer loop
      vertex   3.565248e+01 1.718966e+00 -4.777300e+01
      vertex   3.622705e+01 2.351507e+00 -4.770611e+01
      vertex   3.625603e+01 2.322520e+00 -4.777300e+01
    endloop
  endfacet
  facet normal -6.532815e-01 6.532815e-01 -3.826834e-01
    outer loop
      vertex   3.565248e+01 1.718966e+00 -4.777300e+01
      vertex   3.625603e+01 2.322520e+00 -4.777300e+01
      vertex   3.567371e+01 1.697735e+00 -4.784549e+01
    endloop
  endfacet
  facet normal -6.532815e-01 6.532815e-01 -3.826834e-01
    outer loop
      vertex   3.567371e+01 1.697735e+00 -4.784549e+01
      vertex   3.625603e+01 2.322520e+00 -4.777300e+01
      vertex   3.627726e+01 2.301289e+00 -4.784549e+01
    endloop
  endfacet
  facet normal -6.875694e-01 6.875694e-01 -2.334454e-01
    outer loop
      vertex   3.567371e+01 1.697735e+00 -4.784549e+01
      vertex   3.627726e+01 2.301289e+00 -4.784549e+01
      vertex   3.568666e+01 1.684784e+00 -4.792178e+01
    endloop
  endfacet
  facet normal -6.875694e-01 6.875694e-01 -2.334454e-01
    outer loop
      vertex   3.568666e+01 1.684784e+00 -4.792178e+01
      vertex   3.627726e+01 2.301289e+00 -4.784549e+01
      vertex   3.629022e+01 2.288337e+00 -4.792178e+01
    endloop
  endfacet
  facet normal -7.049270e-01 7.049270e-01 -7.845910e-02
    outer loop
      vertex   3.568666e+01 1.684784e+00 -4.792178e+01
      vertex   3.629022e+01 2.288337e+00 -4.792178e+01
      vertex   3.569102e+01 1.680431e+00 -4.800000e+01
    endloop
  endfacet
  facet normal -7.049270e-01 7.049270e-01 -7.845910e-02
    outer loop
      vertex   3.569102e+01 1.680431e+00 -4.800000e+01
      vertex   3.629022e+01 2.288337e+00 -4.792178e+01
      vertex   3.629457e+01 2.283984e+00 -4.800000e+01
    endloop
  endfacet
  facet normal -7.790591e-02 3.401445e-03 -9.969549e-01
    outer loop
      vertex   3.638910e+01 3.598462e+00 -4.750000e+01
      vertex   3.639500e+01 3.733553e+00 -4.750000e+01
      vertex   3.646820e+01 3.605805e+00 -4.750616e+01
    endloop
  endfacet
  facet normal -7.845872e-02 3.082652e-03 -9.969126e-01
    outer loop
      vertex   3.646820e+01 3.605805e+00 -4.750616e+01
      vertex   3.639500e+01 3.733553e+00 -4.750000e+01
      vertex   3.647322e+01 3.733553e+00 -4.750616e+01
    endloop
  endfacet
  facet normal -2.334355e-01 9.171708e-03 -9.723290e-01
    outer loop
      vertex   3.646820e+01 3.605805e+00 -4.750616e+01
      vertex   3.647322e+01 3.733553e+00 -4.750616e+01
      vertex   3.654951e+01 3.733553e+00 -4.752447e+01
    endloop
  endfacet
  facet normal -2.334355e-01 9.171708e-03 -9.723290e-01
    outer loop
      vertex   3.646820e+01 3.605805e+00 -4.750616e+01
      vertex   3.654951e+01 3.733553e+00 -4.752447e+01
      vertex   3.654425e+01 3.599819e+00 -4.752447e+01
    endloop
  endfacet
  facet normal -3.826402e-01 1.503397e-02 -9.237751e-01
    outer loop
      vertex   3.654425e+01 3.599819e+00 -4.752447e+01
      vertex   3.654951e+01 3.733553e+00 -4.752447e+01
      vertex   3.662200e+01 3.733553e+00 -4.755450e+01
    endloop
  endfacet
  facet normal -3.826402e-01 1.503397e-02 -9.237751e-01
    outer loop
      vertex   3.654425e+01 3.599819e+00 -4.752447e+01
      vertex   3.662200e+01 3.733553e+00 -4.755450e+01
      vertex   3.661652e+01 3.594132e+00 -4.755450e+01
    endloop
  endfacet
  facet normal -5.223885e-01 2.052470e-02 -8.524606e-01
    outer loop
      vertex   3.661652e+01 3.594132e+00 -4.755450e+01
      vertex   3.662200e+01 3.733553e+00 -4.755450e+01
      vertex   3.668889e+01 3.733553e+00 -4.759549e+01
    endloop
  endfacet
  facet normal -5.223885e-01 2.052470e-02 -8.524606e-01
    outer loop
      vertex   3.661652e+01 3.594132e+00 -4.755450e+01
      vertex   3.668889e+01 3.733553e+00 -4.759549e+01
      vertex   3.668321e+01 3.588883e+00 -4.759549e+01
    endloop
  endfacet
  facet normal -6.492367e-01 2.550858e-02 -7.601585e-01
    outer loop
      vertex   3.668321e+01 3.588883e+00 -4.759549e+01
      vertex   3.668889e+01 3.733553e+00 -4.759549e+01
      vertex   3.674855e+01 3.733553e+00 -4.764645e+01
    endloop
  endfacet
  facet normal -6.492367e-01 2.550858e-02 -7.601585e-01
    outer loop
      vertex   3.668321e+01 3.588883e+00 -4.759549e+01
      vertex   3.674855e+01 3.733553e+00 -4.764645e+01
      vertex   3.674269e+01 3.584202e+00 -4.764645e+01
    endloop
  endfacet
  facet normal -7.600668e-01 2.986311e-02 -6.491584e-01
    outer loop
      vertex   3.674269e+01 3.584202e+00 -4.764645e+01
      vertex   3.674855e+01 3.733553e+00 -4.764645e+01
      vertex   3.679951e+01 3.733553e+00 -4.770611e+01
    endloop
  endfacet
  facet normal -7.600668e-01 2.986311e-02 -6.491584e-01
    outer loop
      vertex   3.674269e+01 3.584202e+00 -4.764645e+01
      vertex   3.679951e+01 3.733553e+00 -4.770611e+01
      vertex   3.679348e+01 3.580204e+00 -4.770611e+01
    endloop
  endfacet
  facet normal -8.521621e-01 3.348154e-02 -5.222056e-01
    outer loop
      vertex   3.679348e+01 3.580204e+00 -4.770611e+01
      vertex   3.679951e+01 3.733553e+00 -4.770611e+01
      vertex   3.684050e+01 3.733553e+00 -4.777300e+01
    endloop
  endfacet
  facet normal -8.521621e-01 3.348154e-02 -5.222056e-01
    outer loop
      vertex   3.679348e+01 3.580204e+00 -4.770611e+01
      vertex   3.684050e+01 3.733553e+00 -4.777300e+01
      vertex   3.683435e+01 3.576988e+00 -4.777300e+01
    endloop
  endfacet
  facet normal -9.232715e-01 3.627543e-02 -3.824316e-01
    outer loop
      vertex   3.683435e+01 3.576988e+00 -4.777300e+01
      vertex   3.684050e+01 3.733553e+00 -4.777300e+01
      vertex   3.687053e+01 3.733553e+00 -4.784549e+01
    endloop
  endfacet
  facet normal -9.232715e-01 3.627543e-02 -3.824316e-01
    outer loop
      vertex   3.683435e+01 3.576988e+00 -4.777300e+01
      vertex   3.687053e+01 3.733553e+00 -4.784549e+01
      vertex   3.686428e+01 3.574632e+00 -4.784549e+01
    endloop
  endfacet
  facet normal -9.716611e-01 3.817667e-02 -2.332752e-01
    outer loop
      vertex   3.686428e+01 3.574632e+00 -4.784549e+01
      vertex   3.687053e+01 3.733553e+00 -4.784549e+01
      vertex   3.688884e+01 3.733553e+00 -4.792178e+01
    endloop
  endfacet
  facet normal -9.716611e-01 3.817667e-02 -2.332752e-01
    outer loop
      vertex   3.686428e+01 3.574632e+00 -4.784549e+01
      vertex   3.688884e+01 3.733553e+00 -4.792178e+01
      vertex   3.688254e+01 3.573195e+00 -4.792178e+01
    endloop
  endfacet
  facet normal -9.961535e-01 3.913898e-02 -7.839898e-02
    outer loop
      vertex   3.688254e+01 3.573195e+00 -4.792178e+01
      vertex   3.688884e+01 3.733553e+00 -4.792178e+01
      vertex   3.689500e+01 3.733553e+00 -4.800000e+01
    endloop
  endfacet
  facet normal -9.961535e-01 3.913898e-02 -7.839898e-02
    outer loop
      vertex   3.688254e+01 3.573195e+00 -4.792178e+01
      vertex   3.689500e+01 3.733553e+00 -4.800000e+01
      vertex   3.688868e+01 3.572712e+00 -4.800000e+01
    endloop
  endfacet
  facet normal -9.900119e-01 1.171756e-01 -7.839898e-02
    outer loop
      vertex   3.688254e+01 3.573195e+00 -4.792178e+01
      vertex   3.688868e+01 3.572712e+00 -4.800000e+01
      vertex   3.686368e+01 3.413826e+00 -4.792178e+01
    endloop
  endfacet
  facet normal -9.900119e-01 1.171756e-01 -7.839898e-02
    outer loop
      vertex   3.686368e+01 3.413826e+00 -4.792178e+01
      vertex   3.688868e+01 3.572712e+00 -4.800000e+01
      vertex   3.686976e+01 3.412863e+00 -4.800000e+01
    endloop
  endfacet
  facet normal -9.777665e-01 1.944898e-01 -7.839898e-02
    outer loop
      vertex   3.686368e+01 3.413826e+00 -4.792178e+01
      vertex   3.686976e+01 3.412863e+00 -4.800000e+01
      vertex   3.683237e+01 3.256427e+00 -4.792178e+01
    endloop
  endfacet
  facet normal -9.777665e-01 1.944898e-01 -7.839898e-02
    outer loop
      vertex   3.683237e+01 3.256427e+00 -4.792178e+01
      vertex   3.686976e+01 3.412863e+00 -4.800000e+01
      vertex   3.683836e+01 3.254990e+00 -4.800000e+01
    endloop
  endfacet
  facet normal -9.594929e-01 2.706050e-01 -7.839898e-02
    outer loop
      vertex   3.683237e+01 3.256427e+00 -4.792178e+01
      vertex   3.683836e+01 3.254990e+00 -4.800000e+01
      vertex   3.678881e+01 3.101971e+00 -4.792178e+01
    endloop
  endfacet
  facet normal -9.594929e-01 2.706050e-01 -7.839898e-02
    outer loop
      vertex   3.678881e+01 3.101971e+00 -4.792178e+01
      vertex   3.683836e+01 3.254990e+00 -4.800000e+01
      vertex   3.679467e+01 3.100069e+00 -4.800000e+01
    endloop
  endfacet
  facet normal -9.353036e-01 3.450517e-01 -7.839898e-02
    outer loop
      vertex   3.678881e+01 3.101971e+00 -4.792178e+01
      vertex   3.679467e+01 3.100069e+00 -4.800000e+01
      vertex   3.673327e+01 2.951408e+00 -4.792178e+01
    endloop
  endfacet
  facet normal -9.353036e-01 3.450517e-01 -7.839898e-02
    outer loop
      vertex   3.673327e+01 2.951408e+00 -4.792178e+01
      vertex   3.679467e+01 3.100069e+00 -4.800000e+01
      vertex   3.673895e+01 2.949052e+00 -4.800000e+01
    endloop
  endfacet
  facet normal -9.053480e-01 4.173711e-01 -7.839898e-02
    outer loop
      vertex   3.673327e+01 2.951408e+00 -4.792178e+01
      vertex   3.673895e+01 2.949052e+00 -4.800000e+01
      vertex   3.666608e+01 2.805668e+00 -4.792178e+01
    endloop
  endfacet
  facet normal -9.053480e-01 4.173711e-01 -7.839898e-02
    outer loop
      vertex   3.666608e+01 2.805668e+00 -4.792178e+01
      vertex   3.673895e+01 2.949052e+00 -4.800000e+01
      vertex   3.667156e+01 2.802873e+00 -4.800000e+01
    endloop
  endfacet
  facet normal -8.698105e-01 4.871173e-01 -7.839898e-02
    outer loop
      vertex   3.666608e+01 2.805668e+00 -4.792178e+01
      vertex   3.667156e+01 2.802873e+00 -4.800000e+01
      vertex   3.658766e+01 2.665648e+00 -4.792178e+01
    endloop
  endfacet
  facet normal -8.698105e-01 4.871173e-01 -7.839898e-02
    outer loop
      vertex   3.658766e+01 2.665648e+00 -4.792178e+01
      vertex   3.667156e+01 2.802873e+00 -4.800000e+01
      vertex   3.659291e+01 2.662431e+00 -4.800000e+01
    endloop
  endfacet
  facet normal -8.289104e-01 5.538602e-01 -7.839898e-02
    outer loop
      vertex   3.658766e+01 2.665648e+00 -4.792178e+01
      vertex   3.659291e+01 2.662431e+00 -4.800000e+01
      vertex   3.649850e+01 2.532212e+00 -4.792178e+01
    endloop
  endfacet
  facet normal -8.289104e-01 5.538602e-01 -7.839898e-02
    outer loop
      vertex   3.649850e+01 2.532212e+00 -4.792178e+01
      vertex   3.659291e+01 2.662431e+00 -4.800000e+01
      vertex   3.650349e+01 2.528594e+00 -4.800000e+01
    endloop
  endfacet
  facet normal -7.828998e-01 6.171884e-01 -7.839898e-02
    outer loop
      vertex   3.649850e+01 2.532212e+00 -4.792178e+01
      vertex   3.650349e+01 2.528594e+00 -4.800000e+01
      vertex   3.639915e+01 2.406183e+00 -4.792178e+01
    endloop
  endfacet
  facet normal -7.828998e-01 6.171884e-01 -7.839898e-02
    outer loop
      vertex   3.639915e+01 2.406183e+00 -4.792178e+01
      vertex   3.650349e+01 2.528594e+00 -4.800000e+01
      vertex   3.640383e+01 2.402185e+00 -4.800000e+01
    endloop
  endfacet
  facet normal -7.320623e-01 6.767114e-01 -7.839898e-02
    outer loop
      vertex   3.639915e+01 2.406183e+00 -4.792178e+01
      vertex   3.640383e+01 2.402185e+00 -4.800000e+01
      vertex   3.629022e+01 2.288337e+00 -4.792178e+01
    endloop
  endfacet
  facet normal -7.320623e-01 6.767114e-01 -7.839898e-02
    outer loop
      vertex   3.629022e+01 2.288337e+00 -4.792178e+01
      vertex   3.640383e+01 2.402185e+00 -4.800000e+01
      vertex   3.629457e+01 2.283984e+00 -4.800000e+01
    endloop
  endfacet
  facet normal -7.140631e-01 6.600731e-01 -2.332752e-01
    outer loop
      vertex   3.629022e+01 2.288337e+00 -4.792178e+01
      vertex   3.627726e+01 2.301289e+00 -4.784549e+01
      vertex   3.639915e+01 2.406183e+00 -4.792178e+01
    endloop
  endfacet
  facet normal -7.140631e-01 6.600731e-01 -2.332752e-01
    outer loop
      vertex   3.639915e+01 2.406183e+00 -4.792178e+01
      vertex   3.627726e+01 2.301289e+00 -4.784549e+01
      vertex   3.638522e+01 2.418078e+00 -4.784549e+01
    endloop
  endfacet
  facet normal -7.636506e-01 6.020136e-01 -2.332752e-01
    outer loop
      vertex   3.639915e+01 2.406183e+00 -4.792178e+01
      vertex   3.638522e+01 2.418078e+00 -4.784549e+01
      vertex   3.649850e+01 2.532212e+00 -4.792178e+01
    endloop
  endfacet
  facet normal -7.636506e-01 6.020136e-01 -2.332752e-01
    outer loop
      vertex   3.649850e+01 2.532212e+00 -4.792178e+01
      vertex   3.638522e+01 2.418078e+00 -4.784549e+01
      vertex   3.648369e+01 2.542978e+00 -4.784549e+01
    endloop
  endfacet
  facet normal -8.085300e-01 5.402425e-01 -2.332752e-01
    outer loop
      vertex   3.649850e+01 2.532212e+00 -4.792178e+01
      vertex   3.648369e+01 2.542978e+00 -4.784549e+01
      vertex   3.658766e+01 2.665648e+00 -4.792178e+01
    endloop
  endfacet
  facet normal -8.085300e-01 5.402425e-01 -2.332752e-01
    outer loop
      vertex   3.658766e+01 2.665648e+00 -4.792178e+01
      vertex   3.648369e+01 2.542978e+00 -4.784549e+01
      vertex   3.657205e+01 2.675218e+00 -4.784549e+01
    endloop
  endfacet
  facet normal -8.484245e-01 4.751406e-01 -2.332752e-01
    outer loop
      vertex   3.658766e+01 2.665648e+00 -4.792178e+01
      vertex   3.657205e+01 2.675218e+00 -4.784549e+01
      vertex   3.666608e+01 2.805668e+00 -4.792178e+01
    endloop
  endfacet
  facet normal -8.484245e-01 4.751406e-01 -2.332752e-01
    outer loop
      vertex   3.666608e+01 2.805668e+00 -4.792178e+01
      vertex   3.657205e+01 2.675218e+00 -4.784549e+01
      vertex   3.664976e+01 2.813983e+00 -4.784549e+01
    endloop
  endfacet
  facet normal -8.830882e-01 4.071092e-01 -2.332752e-01
    outer loop
      vertex   3.666608e+01 2.805668e+00 -4.792178e+01
      vertex   3.664976e+01 2.813983e+00 -4.784549e+01
      vertex   3.673327e+01 2.951408e+00 -4.792178e+01
    endloop
  endfacet
  facet normal -8.830882e-01 4.071092e-01 -2.332752e-01
    outer loop
      vertex   3.673327e+01 2.951408e+00 -4.792178e+01
      vertex   3.664976e+01 2.813983e+00 -4.784549e+01
      vertex   3.671634e+01 2.958417e+00 -4.784549e+01
    endloop
  endfacet
  facet normal -9.123074e-01 3.365680e-01 -2.332752e-01
    outer loop
      vertex   3.673327e+01 2.951408e+00 -4.792178e+01
      vertex   3.671634e+01 2.958417e+00 -4.784549e+01
      vertex   3.678881e+01 3.101971e+00 -4.792178e+01
    endloop
  endfacet
  facet normal -9.123074e-01 3.365680e-01 -2.332752e-01
    outer loop
      vertex   3.678881e+01 3.101971e+00 -4.792178e+01
      vertex   3.671634e+01 2.958417e+00 -4.784549e+01
      vertex   3.677139e+01 3.107631e+00 -4.784549e+01
    endloop
  endfacet
  facet normal -9.359018e-01 2.639516e-01 -2.332752e-01
    outer loop
      vertex   3.678881e+01 3.101971e+00 -4.792178e+01
      vertex   3.677139e+01 3.107631e+00 -4.784549e+01
      vertex   3.683237e+01 3.256427e+00 -4.792178e+01
    endloop
  endfacet
  facet normal -9.359018e-01 2.639516e-01 -2.332752e-01
    outer loop
      vertex   3.683237e+01 3.256427e+00 -4.792178e+01
      vertex   3.677139e+01 3.107631e+00 -4.784549e+01
      vertex   3.681456e+01 3.260703e+00 -4.784549e+01
    endloop
  endfacet
  facet normal -9.537262e-01 1.897079e-01 -2.332752e-01
    outer loop
      vertex   3.683237e+01 3.256427e+00 -4.792178e+01
      vertex   3.681456e+01 3.260703e+00 -4.784549e+01
      vertex   3.686368e+01 3.413826e+00 -4.792178e+01
    endloop
  endfacet
  facet normal -9.537262e-01 1.897079e-01 -2.332752e-01
    outer loop
      vertex   3.686368e+01 3.413826e+00 -4.792178e+01
      vertex   3.681456e+01 3.260703e+00 -4.784549e+01
      vertex   3.684559e+01 3.416691e+00 -4.784549e+01
    endloop
  endfacet
  facet normal -9.656705e-01 1.142946e-01 -2.332752e-01
    outer loop
      vertex   3.686368e+01 3.413826e+00 -4.792178e+01
      vertex   3.684559e+01 3.416691e+00 -4.784549e+01
      vertex   3.688254e+01 3.573195e+00 -4.792178e+01
    endloop
  endfacet
  facet normal -9.656705e-01 1.142946e-01 -2.332752e-01
    outer loop
      vertex   3.688254e+01 3.573195e+00 -4.792178e+01
      vertex   3.684559e+01 3.416691e+00 -4.784549e+01
      vertex   3.686428e+01 3.574632e+00 -4.784549e+01
    endloop
  endfacet
  facet normal -6.785021e-01 6.272009e-01 -3.824316e-01
    outer loop
      vertex   3.627726e+01 2.301289e+00 -4.784549e+01
      vertex   3.625603e+01 2.322520e+00 -4.777300e+01
      vertex   3.638522e+01 2.418078e+00 -4.784549e+01
    endloop
  endfacet
  facet normal -6.785021e-01 6.272009e-01 -3.824316e-01
    outer loop
      vertex   3.638522e+01 2.418078e+00 -4.784549e+01
      vertex   3.625603e+01 2.322520e+00 -4.777300e+01
      vertex   3.636239e+01 2.437578e+00 -4.777300e+01
    endloop
  endfacet
  facet normal -7.256201e-01 5.720328e-01 -3.824316e-01
    outer loop
      vertex   3.638522e+01 2.418078e+00 -4.784549e+01
      vertex   3.636239e+01 2.437578e+00 -4.777300e+01
      vertex   3.648369e+01 2.542978e+00 -4.784549e+01
    endloop
  endfacet
  facet normal -7.256201e-01 5.720328e-01 -3.824316e-01
    outer loop
      vertex   3.648369e+01 2.542978e+00 -4.784549e+01
      vertex   3.636239e+01 2.437578e+00 -4.777300e+01
      vertex   3.645940e+01 2.560626e+00 -4.777300e+01
    endloop
  endfacet
  facet normal -7.682645e-01 5.133379e-01 -3.824316e-01
    outer loop
      vertex   3.648369e+01 2.542978e+00 -4.784549e+01
      vertex   3.645940e+01 2.560626e+00 -4.777300e+01
      vertex   3.657205e+01 2.675218e+00 -4.784549e+01
    endloop
  endfacet
  facet normal -7.682645e-01 5.133379e-01 -3.824316e-01
    outer loop
      vertex   3.657205e+01 2.675218e+00 -4.784549e+01
      vertex   3.645940e+01 2.560626e+00 -4.777300e+01
      vertex   3.654645e+01 2.690906e+00 -4.777300e+01
    endloop
  endfacet
  facet normal -8.061722e-01 4.514781e-01 -3.824316e-01
    outer loop
      vertex   3.657205e+01 2.675218e+00 -4.784549e+01
      vertex   3.654645e+01 2.690906e+00 -4.777300e+01
      vertex   3.664976e+01 2.813983e+00 -4.784549e+01
    endloop
  endfacet
  facet normal -8.061722e-01 4.514781e-01 -3.824316e-01
    outer loop
      vertex   3.664976e+01 2.813983e+00 -4.784549e+01
      vertex   3.654645e+01 2.690906e+00 -4.777300e+01
      vertex   3.662301e+01 2.827614e+00 -4.777300e+01
    endloop
  endfacet
  facet normal -8.391096e-01 3.868348e-01 -3.824316e-01
    outer loop
      vertex   3.664976e+01 2.813983e+00 -4.784549e+01
      vertex   3.662301e+01 2.827614e+00 -4.777300e+01
      vertex   3.671634e+01 2.958417e+00 -4.784549e+01
    endloop
  endfacet
  facet normal -8.391096e-01 3.868348e-01 -3.824316e-01
    outer loop
      vertex   3.671634e+01 2.958417e+00 -4.784549e+01
      vertex   3.662301e+01 2.827614e+00 -4.777300e+01
      vertex   3.668860e+01 2.969907e+00 -4.777300e+01
    endloop
  endfacet
  facet normal -8.668736e-01 3.198066e-01 -3.824316e-01
    outer loop
      vertex   3.671634e+01 2.958417e+00 -4.784549e+01
      vertex   3.668860e+01 2.969907e+00 -4.777300e+01
      vertex   3.677139e+01 3.107631e+00 -4.784549e+01
    endloop
  endfacet
  facet normal -8.668736e-01 3.198066e-01 -3.824316e-01
    outer loop
      vertex   3.677139e+01 3.107631e+00 -4.784549e+01
      vertex   3.668860e+01 2.969907e+00 -4.777300e+01
      vertex   3.674284e+01 3.116909e+00 -4.777300e+01
    endloop
  endfacet
  facet normal -8.892931e-01 2.508066e-01 -3.824316e-01
    outer loop
      vertex   3.677139e+01 3.107631e+00 -4.784549e+01
      vertex   3.674284e+01 3.116909e+00 -4.777300e+01
      vertex   3.681456e+01 3.260703e+00 -4.784549e+01
    endloop
  endfacet
  facet normal -8.892931e-01 2.508066e-01 -3.824316e-01
    outer loop
      vertex   3.681456e+01 3.260703e+00 -4.784549e+01
      vertex   3.674284e+01 3.116909e+00 -4.777300e+01
      vertex   3.678537e+01 3.267712e+00 -4.777300e+01
    endloop
  endfacet
  facet normal -9.062297e-01 1.802603e-01 -3.824316e-01
    outer loop
      vertex   3.681456e+01 3.260703e+00 -4.784549e+01
      vertex   3.678537e+01 3.267712e+00 -4.777300e+01
      vertex   3.684559e+01 3.416691e+00 -4.784549e+01
    endloop
  endfacet
  facet normal -9.062297e-01 1.802603e-01 -3.824316e-01
    outer loop
      vertex   3.684559e+01 3.416691e+00 -4.784549e+01
      vertex   3.678537e+01 3.267712e+00 -4.777300e+01
      vertex   3.681594e+01 3.421388e+00 -4.777300e+01
    endloop
  endfacet
  facet normal -9.175792e-01 1.086027e-01 -3.824316e-01
    outer loop
      vertex   3.684559e+01 3.416691e+00 -4.784549e+01
      vertex   3.681594e+01 3.421388e+00 -4.777300e+01
      vertex   3.686428e+01 3.574632e+00 -4.784549e+01
    endloop
  endfacet
  facet normal -9.175792e-01 1.086027e-01 -3.824316e-01
    outer loop
      vertex   3.686428e+01 3.574632e+00 -4.784549e+01
      vertex   3.681594e+01 3.421388e+00 -4.777300e+01
      vertex   3.683435e+01 3.576988e+00 -4.777300e+01
    endloop
  endfacet
  facet normal -6.262446e-01 5.788946e-01 -5.222056e-01
    outer loop
      vertex   3.625603e+01 2.322520e+00 -4.777300e+01
      vertex   3.622705e+01 2.351507e+00 -4.770611e+01
      vertex   3.636239e+01 2.437578e+00 -4.777300e+01
    endloop
  endfacet
  facet normal -6.262446e-01 5.788946e-01 -5.222056e-01
    outer loop
      vertex   3.636239e+01 2.437578e+00 -4.777300e+01
      vertex   3.622705e+01 2.351507e+00 -4.770611e+01
      vertex   3.633122e+01 2.464202e+00 -4.770611e+01
    endloop
  endfacet
  facet normal -6.697337e-01 5.279755e-01 -5.222056e-01
    outer loop
      vertex   3.636239e+01 2.437578e+00 -4.777300e+01
      vertex   3.633122e+01 2.464202e+00 -4.770611e+01
      vertex   3.645940e+01 2.560626e+00 -4.777300e+01
    endloop
  endfacet
  facet normal -6.697337e-01 5.279755e-01 -5.222056e-01
    outer loop
      vertex   3.645940e+01 2.560626e+00 -4.777300e+01
      vertex   3.633122e+01 2.464202e+00 -4.770611e+01
      vertex   3.642623e+01 2.584722e+00 -4.770611e+01
    endloop
  endfacet
  facet normal -7.090936e-01 4.738012e-01 -5.222056e-01
    outer loop
      vertex   3.645940e+01 2.560626e+00 -4.777300e+01
      vertex   3.642623e+01 2.584722e+00 -4.770611e+01
      vertex   3.654645e+01 2.690906e+00 -4.777300e+01
    endloop
  endfacet
  facet normal -7.090936e-01 4.738012e-01 -5.222056e-01
    outer loop
      vertex   3.654645e+01 2.690906e+00 -4.777300e+01
      vertex   3.642623e+01 2.584722e+00 -4.770611e+01
      vertex   3.651149e+01 2.712326e+00 -4.770611e+01
    endloop
  endfacet
  facet normal -7.440817e-01 4.167058e-01 -5.222056e-01
    outer loop
      vertex   3.654645e+01 2.690906e+00 -4.777300e+01
      vertex   3.651149e+01 2.712326e+00 -4.770611e+01
      vertex   3.662301e+01 2.827614e+00 -4.777300e+01
    endloop
  endfacet
  facet normal -7.440817e-01 4.167058e-01 -5.222056e-01
    outer loop
      vertex   3.662301e+01 2.827614e+00 -4.777300e+01
      vertex   3.651149e+01 2.712326e+00 -4.770611e+01
      vertex   3.658648e+01 2.846225e+00 -4.770611e+01
    endloop
  endfacet
  facet normal -7.744823e-01 3.570412e-01 -5.222056e-01
    outer loop
      vertex   3.662301e+01 2.827614e+00 -4.777300e+01
      vertex   3.658648e+01 2.846225e+00 -4.770611e+01
      vertex   3.668860e+01 2.969907e+00 -4.777300e+01
    endloop
  endfacet
  facet normal -7.744823e-01 3.570412e-01 -5.222056e-01
    outer loop
      vertex   3.668860e+01 2.969907e+00 -4.777300e+01
      vertex   3.658648e+01 2.846225e+00 -4.770611e+01
      vertex   3.665073e+01 2.985595e+00 -4.770611e+01
    endloop
  endfacet
  facet normal -8.001080e-01 2.951754e-01 -5.222056e-01
    outer loop
      vertex   3.668860e+01 2.969907e+00 -4.777300e+01
      vertex   3.665073e+01 2.985595e+00 -4.770611e+01
      vertex   3.674284e+01 3.116909e+00 -4.777300e+01
    endloop
  endfacet
  facet normal -8.001080e-01 2.951754e-01 -5.222056e-01
    outer loop
      vertex   3.674284e+01 3.116909e+00 -4.777300e+01
      vertex   3.665073e+01 2.985595e+00 -4.770611e+01
      vertex   3.670385e+01 3.129577e+00 -4.770611e+01
    endloop
  endfacet
  facet normal -8.208007e-01 2.314897e-01 -5.222056e-01
    outer loop
      vertex   3.674284e+01 3.116909e+00 -4.777300e+01
      vertex   3.670385e+01 3.129577e+00 -4.770611e+01
      vertex   3.678537e+01 3.267712e+00 -4.777300e+01
    endloop
  endfacet
  facet normal -8.208007e-01 2.314897e-01 -5.222056e-01
    outer loop
      vertex   3.678537e+01 3.267712e+00 -4.777300e+01
      vertex   3.670385e+01 3.129577e+00 -4.770611e+01
      vertex   3.674551e+01 3.277282e+00 -4.770611e+01
    endloop
  endfacet
  facet normal -8.364329e-01 1.663769e-01 -5.222056e-01
    outer loop
      vertex   3.678537e+01 3.267712e+00 -4.777300e+01
      vertex   3.674551e+01 3.277282e+00 -4.770611e+01
      vertex   3.681594e+01 3.421388e+00 -4.777300e+01
    endloop
  endfacet
  facet normal -8.364329e-01 1.663769e-01 -5.222056e-01
    outer loop
      vertex   3.681594e+01 3.421388e+00 -4.777300e+01
      vertex   3.674551e+01 3.277282e+00 -4.770611e+01
      vertex   3.677545e+01 3.427801e+00 -4.770611e+01
    endloop
  endfacet
  facet normal -8.469083e-01 1.002382e-01 -5.222056e-01
    outer loop
      vertex   3.681594e+01 3.421388e+00 -4.777300e+01
      vertex   3.677545e+01 3.427801e+00 -4.770611e+01
      vertex   3.683435e+01 3.576988e+00 -4.777300e+01
    endloop
  endfacet
  facet normal -8.469083e-01 1.002382e-01 -5.222056e-01
    outer loop
      vertex   3.683435e+01 3.576988e+00 -4.777300e+01
      vertex   3.677545e+01 3.427801e+00 -4.770611e+01
      vertex   3.679348e+01 3.580204e+00 -4.770611e+01
    endloop
  endfacet
  facet normal -5.585648e-01 5.163320e-01 -6.491584e-01
    outer loop
      vertex   3.622705e+01 2.351507e+00 -4.770611e+01
      vertex   3.619102e+01 2.387538e+00 -4.764645e+01
      vertex   3.633122e+01 2.464202e+00 -4.770611e+01
    endloop
  endfacet
  facet normal -5.585648e-01 5.163320e-01 -6.491584e-01
    outer loop
      vertex   3.633122e+01 2.464202e+00 -4.770611e+01
      vertex   3.619102e+01 2.387538e+00 -4.764645e+01
      vertex   3.629247e+01 2.497294e+00 -4.764645e+01
    endloop
  endfacet
  facet normal -5.973539e-01 4.709158e-01 -6.491584e-01
    outer loop
      vertex   3.633122e+01 2.464202e+00 -4.770611e+01
      vertex   3.629247e+01 2.497294e+00 -4.764645e+01
      vertex   3.642623e+01 2.584722e+00 -4.770611e+01
    endloop
  endfacet
  facet normal -5.973539e-01 4.709158e-01 -6.491584e-01
    outer loop
      vertex   3.642623e+01 2.584722e+00 -4.770611e+01
      vertex   3.629247e+01 2.497294e+00 -4.764645e+01
      vertex   3.638501e+01 2.614673e+00 -4.764645e+01
    endloop
  endfacet
  facet normal -6.324601e-01 4.225963e-01 -6.491584e-01
    outer loop
      vertex   3.642623e+01 2.584722e+00 -4.770611e+01
      vertex   3.638501e+01 2.614673e+00 -4.764645e+01
      vertex   3.651149e+01 2.712326e+00 -4.770611e+01
    endloop
  endfacet
  facet normal -6.324601e-01 4.225963e-01 -6.491584e-01
    outer loop
      vertex   3.651149e+01 2.712326e+00 -4.770611e+01
      vertex   3.638501e+01 2.614673e+00 -4.764645e+01
      vertex   3.646805e+01 2.738949e+00 -4.764645e+01
    endloop
  endfacet
  facet normal -6.636669e-01 3.716713e-01 -6.491584e-01
    outer loop
      vertex   3.651149e+01 2.712326e+00 -4.770611e+01
      vertex   3.646805e+01 2.738949e+00 -4.764645e+01
      vertex   3.658648e+01 2.846225e+00 -4.770611e+01
    endloop
  endfacet
  facet normal -6.636669e-01 3.716713e-01 -6.491584e-01
    outer loop
      vertex   3.658648e+01 2.846225e+00 -4.770611e+01
      vertex   3.646805e+01 2.738949e+00 -4.764645e+01
      vertex   3.654108e+01 2.869358e+00 -4.764645e+01
    endloop
  endfacet
  facet normal -6.907821e-01 3.184549e-01 -6.491584e-01
    outer loop
      vertex   3.658648e+01 2.846225e+00 -4.770611e+01
      vertex   3.654108e+01 2.869358e+00 -4.764645e+01
      vertex   3.665073e+01 2.985595e+00 -4.770611e+01
    endloop
  endfacet
  facet normal -6.907821e-01 3.184549e-01 -6.491584e-01
    outer loop
      vertex   3.665073e+01 2.985595e+00 -4.770611e+01
      vertex   3.654108e+01 2.869358e+00 -4.764645e+01
      vertex   3.660365e+01 3.005095e+00 -4.764645e+01
    endloop
  endfacet
  facet normal -7.136383e-01 2.632751e-01 -6.491584e-01
    outer loop
      vertex   3.665073e+01 2.985595e+00 -4.770611e+01
      vertex   3.660365e+01 3.005095e+00 -4.764645e+01
      vertex   3.670385e+01 3.129577e+00 -4.770611e+01
    endloop
  endfacet
  facet normal -7.136383e-01 2.632751e-01 -6.491584e-01
    outer loop
      vertex   3.670385e+01 3.129577e+00 -4.770611e+01
      vertex   3.660365e+01 3.005095e+00 -4.764645e+01
      vertex   3.665539e+01 3.145323e+00 -4.764645e+01
    endloop
  endfacet
  facet normal -7.320947e-01 2.064721e-01 -6.491584e-01
    outer loop
      vertex   3.670385e+01 3.129577e+00 -4.770611e+01
      vertex   3.665539e+01 3.145323e+00 -4.764645e+01
      vertex   3.674551e+01 3.277282e+00 -4.770611e+01
    endloop
  endfacet
  facet normal -7.320947e-01 2.064721e-01 -6.491584e-01
    outer loop
      vertex   3.674551e+01 3.277282e+00 -4.770611e+01
      vertex   3.665539e+01 3.145323e+00 -4.764645e+01
      vertex   3.669596e+01 3.289178e+00 -4.764645e+01
    endloop
  endfacet
  facet normal -7.460375e-01 1.483961e-01 -6.491584e-01
    outer loop
      vertex   3.674551e+01 3.277282e+00 -4.770611e+01
      vertex   3.669596e+01 3.289178e+00 -4.764645e+01
      vertex   3.677545e+01 3.427801e+00 -4.770611e+01
    endloop
  endfacet
  facet normal -7.460375e-01 1.483961e-01 -6.491584e-01
    outer loop
      vertex   3.677545e+01 3.427801e+00 -4.770611e+01
      vertex   3.669596e+01 3.289178e+00 -4.764645e+01
      vertex   3.672512e+01 3.435772e+00 -4.764645e+01
    endloop
  endfacet
  facet normal -7.553808e-01 8.940520e-02 -6.491584e-01
    outer loop
      vertex   3.677545e+01 3.427801e+00 -4.770611e+01
      vertex   3.672512e+01 3.435772e+00 -4.764645e+01
      vertex   3.679348e+01 3.580204e+00 -4.770611e+01
    endloop
  endfacet
  facet normal -7.553808e-01 8.940520e-02 -6.491584e-01
    outer loop
      vertex   3.679348e+01 3.580204e+00 -4.770611e+01
      vertex   3.672512e+01 3.435772e+00 -4.764645e+01
      vertex   3.674269e+01 3.584202e+00 -4.764645e+01
    endloop
  endfacet
  facet normal -4.771170e-01 4.410424e-01 -7.601585e-01
    outer loop
      vertex   3.619102e+01 2.387538e+00 -4.764645e+01
      vertex   3.614883e+01 2.429724e+00 -4.759549e+01
      vertex   3.629247e+01 2.497294e+00 -4.764645e+01
    endloop
  endfacet
  facet normal -4.771170e-01 4.410424e-01 -7.601585e-01
    outer loop
      vertex   3.629247e+01 2.497294e+00 -4.764645e+01
      vertex   3.614883e+01 2.429724e+00 -4.759549e+01
      vertex   3.624711e+01 2.536041e+00 -4.759549e+01
    endloop
  endfacet
  facet normal -5.102500e-01 4.022486e-01 -7.601585e-01
    outer loop
      vertex   3.629247e+01 2.497294e+00 -4.764645e+01
      vertex   3.624711e+01 2.536041e+00 -4.759549e+01
      vertex   3.638501e+01 2.614673e+00 -4.764645e+01
    endloop
  endfacet
  facet normal -5.102500e-01 4.022486e-01 -7.601585e-01
    outer loop
      vertex   3.638501e+01 2.614673e+00 -4.764645e+01
      vertex   3.624711e+01 2.536041e+00 -4.759549e+01
      vertex   3.633674e+01 2.649740e+00 -4.759549e+01
    endloop
  endfacet
  facet normal -5.402371e-01 3.609749e-01 -7.601585e-01
    outer loop
      vertex   3.638501e+01 2.614673e+00 -4.764645e+01
      vertex   3.633674e+01 2.649740e+00 -4.759549e+01
      vertex   3.646805e+01 2.738949e+00 -4.764645e+01
    endloop
  endfacet
  facet normal -5.402371e-01 3.609749e-01 -7.601585e-01
    outer loop
      vertex   3.646805e+01 2.738949e+00 -4.764645e+01
      vertex   3.633674e+01 2.649740e+00 -4.759549e+01
      vertex   3.641718e+01 2.770122e+00 -4.759549e+01
    endloop
  endfacet
  facet normal -5.668935e-01 3.174756e-01 -7.601585e-01
    outer loop
      vertex   3.646805e+01 2.738949e+00 -4.764645e+01
      vertex   3.641718e+01 2.770122e+00 -4.759549e+01
      vertex   3.654108e+01 2.869358e+00 -4.764645e+01
    endloop
  endfacet
  facet normal -5.668935e-01 3.174756e-01 -7.601585e-01
    outer loop
      vertex   3.654108e+01 2.869358e+00 -4.764645e+01
      vertex   3.641718e+01 2.770122e+00 -4.759549e+01
      vertex   3.648792e+01 2.896444e+00 -4.759549e+01
    endloop
  endfacet
  facet normal -5.900548e-01 2.720190e-01 -7.601585e-01
    outer loop
      vertex   3.654108e+01 2.869358e+00 -4.764645e+01
      vertex   3.648792e+01 2.896444e+00 -4.759549e+01
      vertex   3.660365e+01 3.005095e+00 -4.764645e+01
    endloop
  endfacet
  facet normal -5.900548e-01 2.720190e-01 -7.601585e-01
    outer loop
      vertex   3.660365e+01 3.005095e+00 -4.764645e+01
      vertex   3.648792e+01 2.896444e+00 -4.759549e+01
      vertex   3.654853e+01 3.027926e+00 -4.759549e+01
    endloop
  endfacet
  facet normal -6.095782e-01 2.248853e-01 -7.601585e-01
    outer loop
      vertex   3.660365e+01 3.005095e+00 -4.764645e+01
      vertex   3.654853e+01 3.027926e+00 -4.759549e+01
      vertex   3.665539e+01 3.145323e+00 -4.764645e+01
    endloop
  endfacet
  facet normal -6.095782e-01 2.248853e-01 -7.601585e-01
    outer loop
      vertex   3.665539e+01 3.145323e+00 -4.764645e+01
      vertex   3.654853e+01 3.027926e+00 -4.759549e+01
      vertex   3.659865e+01 3.163759e+00 -4.759549e+01
    endloop
  endfacet
  facet normal -6.253434e-01 1.763651e-01 -7.601585e-01
    outer loop
      vertex   3.665539e+01 3.145323e+00 -4.764645e+01
      vertex   3.659865e+01 3.163759e+00 -4.759549e+01
      vertex   3.669596e+01 3.289178e+00 -4.764645e+01
    endloop
  endfacet
  facet normal -6.253434e-01 1.763651e-01 -7.601585e-01
    outer loop
      vertex   3.669596e+01 3.289178e+00 -4.764645e+01
      vertex   3.659865e+01 3.163759e+00 -4.759549e+01
      vertex   3.663795e+01 3.303105e+00 -4.759549e+01
    endloop
  endfacet
  facet normal -6.372531e-01 1.267575e-01 -7.601585e-01
    outer loop
      vertex   3.669596e+01 3.289178e+00 -4.764645e+01
      vertex   3.663795e+01 3.303105e+00 -4.759549e+01
      vertex   3.672512e+01 3.435772e+00 -4.764645e+01
    endloop
  endfacet
  facet normal -6.372531e-01 1.267575e-01 -7.601585e-01
    outer loop
      vertex   3.672512e+01 3.435772e+00 -4.764645e+01
      vertex   3.663795e+01 3.303105e+00 -4.759549e+01
      vertex   3.666619e+01 3.445105e+00 -4.759549e+01
    endloop
  endfacet
  facet normal -6.452340e-01 7.636847e-02 -7.601585e-01
    outer loop
      vertex   3.672512e+01 3.435772e+00 -4.764645e+01
      vertex   3.666619e+01 3.445105e+00 -4.759549e+01
      vertex   3.674269e+01 3.584202e+00 -4.764645e+01
    endloop
  endfacet
  facet normal -6.452340e-01 7.636847e-02 -7.601585e-01
    outer loop
      vertex   3.674269e+01 3.584202e+00 -4.764645e+01
      vertex   3.666619e+01 3.445105e+00 -4.759549e+01
      vertex   3.668321e+01 3.588883e+00 -4.759549e+01
    endloop
  endfacet
  facet normal -3.838976e-01 3.548713e-01 -8.524606e-01
    outer loop
      vertex   3.614883e+01 2.429724e+00 -4.759549e+01
      vertex   3.610153e+01 2.477028e+00 -4.755450e+01
      vertex   3.624711e+01 2.536041e+00 -4.759549e+01
    endloop
  endfacet
  facet normal -3.838976e-01 3.548713e-01 -8.524606e-01
    outer loop
      vertex   3.624711e+01 2.536041e+00 -4.759549e+01
      vertex   3.610153e+01 2.477028e+00 -4.755450e+01
      vertex   3.619624e+01 2.579487e+00 -4.755450e+01
    endloop
  endfacet
  facet normal -4.105571e-01 3.236571e-01 -8.524606e-01
    outer loop
      vertex   3.624711e+01 2.536041e+00 -4.759549e+01
      vertex   3.619624e+01 2.579487e+00 -4.755450e+01
      vertex   3.633674e+01 2.649740e+00 -4.759549e+01
    endloop
  endfacet
  facet normal -4.105571e-01 3.236571e-01 -8.524606e-01
    outer loop
      vertex   3.633674e+01 2.649740e+00 -4.759549e+01
      vertex   3.619624e+01 2.579487e+00 -4.755450e+01
      vertex   3.628262e+01 2.689062e+00 -4.755450e+01
    endloop
  endfacet
  facet normal -4.346853e-01 2.904474e-01 -8.524606e-01
    outer loop
      vertex   3.633674e+01 2.649740e+00 -4.759549e+01
      vertex   3.628262e+01 2.689062e+00 -4.755450e+01
      vertex   3.641718e+01 2.770122e+00 -4.759549e+01
    endloop
  endfacet
  facet normal -4.346853e-01 2.904474e-01 -8.524606e-01
    outer loop
      vertex   3.641718e+01 2.770122e+00 -4.759549e+01
      vertex   3.628262e+01 2.689062e+00 -4.755450e+01
      vertex   3.636014e+01 2.805076e+00 -4.755450e+01
    endloop
  endfacet
  facet normal -4.561335e-01 2.554471e-01 -8.524606e-01
    outer loop
      vertex   3.641718e+01 2.770122e+00 -4.759549e+01
      vertex   3.636014e+01 2.805076e+00 -4.755450e+01
      vertex   3.648792e+01 2.896444e+00 -4.759549e+01
    endloop
  endfacet
  facet normal -4.561335e-01 2.554471e-01 -8.524606e-01
    outer loop
      vertex   3.648792e+01 2.896444e+00 -4.759549e+01
      vertex   3.636014e+01 2.805076e+00 -4.755450e+01
      vertex   3.642831e+01 2.926814e+00 -4.755450e+01
    endloop
  endfacet
  facet normal -4.747696e-01 2.188718e-01 -8.524606e-01
    outer loop
      vertex   3.648792e+01 2.896444e+00 -4.759549e+01
      vertex   3.642831e+01 2.926814e+00 -4.755450e+01
      vertex   3.654853e+01 3.027926e+00 -4.759549e+01
    endloop
  endfacet
  facet normal -4.747696e-01 2.188718e-01 -8.524606e-01
    outer loop
      vertex   3.654853e+01 3.027926e+00 -4.759549e+01
      vertex   3.642831e+01 2.926814e+00 -4.755450e+01
      vertex   3.648673e+01 3.053527e+00 -4.755450e+01
    endloop
  endfacet
  facet normal -4.904785e-01 1.809471e-01 -8.524606e-01
    outer loop
      vertex   3.654853e+01 3.027926e+00 -4.759549e+01
      vertex   3.648673e+01 3.053527e+00 -4.755450e+01
      vertex   3.659865e+01 3.163759e+00 -4.759549e+01
    endloop
  endfacet
  facet normal -4.904785e-01 1.809471e-01 -8.524606e-01
    outer loop
      vertex   3.659865e+01 3.163759e+00 -4.759549e+01
      vertex   3.648673e+01 3.053527e+00 -4.755450e+01
      vertex   3.653502e+01 3.184432e+00 -4.755450e+01
    endloop
  endfacet
  facet normal -5.031635e-01 1.419068e-01 -8.524606e-01
    outer loop
      vertex   3.659865e+01 3.163759e+00 -4.759549e+01
      vertex   3.653502e+01 3.184432e+00 -4.755450e+01
      vertex   3.663795e+01 3.303105e+00 -4.759549e+01
    endloop
  endfacet
  facet normal -5.031635e-01 1.419068e-01 -8.524606e-01
    outer loop
      vertex   3.663795e+01 3.303105e+00 -4.759549e+01
      vertex   3.653502e+01 3.184432e+00 -4.755450e+01
      vertex   3.657290e+01 3.318722e+00 -4.755450e+01
    endloop
  endfacet
  facet normal -5.127463e-01 1.019916e-01 -8.524606e-01
    outer loop
      vertex   3.663795e+01 3.303105e+00 -4.759549e+01
      vertex   3.657290e+01 3.318722e+00 -4.755450e+01
      vertex   3.666619e+01 3.445105e+00 -4.759549e+01
    endloop
  endfacet
  facet normal -5.127463e-01 1.019916e-01 -8.524606e-01
    outer loop
      vertex   3.666619e+01 3.445105e+00 -4.759549e+01
      vertex   3.657290e+01 3.318722e+00 -4.755450e+01
      vertex   3.660012e+01 3.455570e+00 -4.755450e+01
    endloop
  endfacet
  facet normal -5.191678e-01 6.144756e-02 -8.524606e-01
    outer loop
      vertex   3.666619e+01 3.445105e+00 -4.759549e+01
      vertex   3.660012e+01 3.455570e+00 -4.755450e+01
      vertex   3.668321e+01 3.588883e+00 -4.759549e+01
    endloop
  endfacet
  facet normal -5.191678e-01 6.144756e-02 -8.524606e-01
    outer loop
      vertex   3.668321e+01 3.588883e+00 -4.759549e+01
      vertex   3.660012e+01 3.455570e+00 -4.755450e+01
      vertex   3.661652e+01 3.594132e+00 -4.755450e+01
    endloop
  endfacet
  facet normal -2.811981e-01 2.599368e-01 -9.237751e-01
    outer loop
      vertex   3.610153e+01 2.477028e+00 -4.755450e+01
      vertex   3.605027e+01 2.528284e+00 -4.752447e+01
      vertex   3.619624e+01 2.579487e+00 -4.755450e+01
    endloop
  endfacet
  facet normal -2.811981e-01 2.599368e-01 -9.237751e-01
    outer loop
      vertex   3.619624e+01 2.579487e+00 -4.755450e+01
      vertex   3.605027e+01 2.528284e+00 -4.752447e+01
      vertex   3.614112e+01 2.626564e+00 -4.752447e+01
    endloop
  endfacet
  facet normal -3.007257e-01 2.370730e-01 -9.237751e-01
    outer loop
      vertex   3.619624e+01 2.579487e+00 -4.755450e+01
      vertex   3.614112e+01 2.626564e+00 -4.752447e+01
      vertex   3.628262e+01 2.689062e+00 -4.755450e+01
    endloop
  endfacet
  facet normal -3.007257e-01 2.370730e-01 -9.237751e-01
    outer loop
      vertex   3.628262e+01 2.689062e+00 -4.755450e+01
      vertex   3.614112e+01 2.626564e+00 -4.752447e+01
      vertex   3.622398e+01 2.731668e+00 -4.752447e+01
    endloop
  endfacet
  facet normal -3.183992e-01 2.127475e-01 -9.237751e-01
    outer loop
      vertex   3.628262e+01 2.689062e+00 -4.755450e+01
      vertex   3.622398e+01 2.731668e+00 -4.752447e+01
      vertex   3.636014e+01 2.805076e+00 -4.755450e+01
    endloop
  endfacet
  facet normal -3.183992e-01 2.127475e-01 -9.237751e-01
    outer loop
      vertex   3.636014e+01 2.805076e+00 -4.755450e+01
      vertex   3.622398e+01 2.731668e+00 -4.752447e+01
      vertex   3.629833e+01 2.842950e+00 -4.752447e+01
    endloop
  endfacet
  facet normal -3.341096e-01 1.871104e-01 -9.237751e-01
    outer loop
      vertex   3.636014e+01 2.805076e+00 -4.755450e+01
      vertex   3.629833e+01 2.842950e+00 -4.752447e+01
      vertex   3.642831e+01 2.926814e+00 -4.755450e+01
    endloop
  endfacet
  facet normal -3.341096e-01 1.871104e-01 -9.237751e-01
    outer loop
      vertex   3.642831e+01 2.926814e+00 -4.755450e+01
      vertex   3.629833e+01 2.842950e+00 -4.752447e+01
      vertex   3.636373e+01 2.959723e+00 -4.752447e+01
    endloop
  endfacet
  facet normal -3.477602e-01 1.603196e-01 -9.237751e-01
    outer loop
      vertex   3.642831e+01 2.926814e+00 -4.755450e+01
      vertex   3.636373e+01 2.959723e+00 -4.752447e+01
      vertex   3.648673e+01 3.053527e+00 -4.755450e+01
    endloop
  endfacet
  facet normal -3.477602e-01 1.603196e-01 -9.237751e-01
    outer loop
      vertex   3.648673e+01 3.053527e+00 -4.755450e+01
      vertex   3.636373e+01 2.959723e+00 -4.752447e+01
      vertex   3.641976e+01 3.081266e+00 -4.752447e+01
    endloop
  endfacet
  facet normal -3.592667e-01 1.325405e-01 -9.237751e-01
    outer loop
      vertex   3.648673e+01 3.053527e+00 -4.755450e+01
      vertex   3.641976e+01 3.081266e+00 -4.752447e+01
      vertex   3.653502e+01 3.184432e+00 -4.755450e+01
    endloop
  endfacet
  facet normal -3.592667e-01 1.325405e-01 -9.237751e-01
    outer loop
      vertex   3.653502e+01 3.184432e+00 -4.755450e+01
      vertex   3.641976e+01 3.081266e+00 -4.752447e+01
      vertex   3.646608e+01 3.206831e+00 -4.752447e+01
    endloop
  endfacet
  facet normal -3.685582e-01 1.039442e-01 -9.237751e-01
    outer loop
      vertex   3.653502e+01 3.184432e+00 -4.755450e+01
      vertex   3.646608e+01 3.206831e+00 -4.752447e+01
      vertex   3.657290e+01 3.318722e+00 -4.755450e+01
    endloop
  endfacet
  facet normal -3.685582e-01 1.039442e-01 -9.237751e-01
    outer loop
      vertex   3.657290e+01 3.318722e+00 -4.755450e+01
      vertex   3.646608e+01 3.206831e+00 -4.752447e+01
      vertex   3.650241e+01 3.335644e+00 -4.752447e+01
    endloop
  endfacet
  facet normal -3.755774e-01 7.470699e-02 -9.237751e-01
    outer loop
      vertex   3.657290e+01 3.318722e+00 -4.755450e+01
      vertex   3.650241e+01 3.335644e+00 -4.752447e+01
      vertex   3.660012e+01 3.455570e+00 -4.755450e+01
    endloop
  endfacet
  facet normal -3.755774e-01 7.470699e-02 -9.237751e-01
    outer loop
      vertex   3.660012e+01 3.455570e+00 -4.755450e+01
      vertex   3.650241e+01 3.335644e+00 -4.752447e+01
      vertex   3.652852e+01 3.466910e+00 -4.752447e+01
    endloop
  endfacet
  facet normal -3.802811e-01 4.500923e-02 -9.237751e-01
    outer loop
      vertex   3.660012e+01 3.455570e+00 -4.755450e+01
      vertex   3.652852e+01 3.466910e+00 -4.752447e+01
      vertex   3.661652e+01 3.594132e+00 -4.755450e+01
    endloop
  endfacet
  facet normal -3.802811e-01 4.500923e-02 -9.237751e-01
    outer loop
      vertex   3.661652e+01 3.594132e+00 -4.755450e+01
      vertex   3.652852e+01 3.466910e+00 -4.752447e+01
      vertex   3.654425e+01 3.599819e+00 -4.752447e+01
    endloop
  endfacet
  facet normal -1.715492e-01 1.585785e-01 -9.723290e-01
    outer loop
      vertex   3.605027e+01 2.528284e+00 -4.752447e+01
      vertex   3.599632e+01 2.582230e+00 -4.750616e+01
      vertex   3.614112e+01 2.626564e+00 -4.752447e+01
    endloop
  endfacet
  facet normal -1.715492e-01 1.585785e-01 -9.723290e-01
    outer loop
      vertex   3.614112e+01 2.626564e+00 -4.752447e+01
      vertex   3.599632e+01 2.582230e+00 -4.750616e+01
      vertex   3.608311e+01 2.676111e+00 -4.750616e+01
    endloop
  endfacet
  facet normal -1.834623e-01 1.446300e-01 -9.723290e-01
    outer loop
      vertex   3.614112e+01 2.626564e+00 -4.752447e+01
      vertex   3.608311e+01 2.676111e+00 -4.750616e+01
      vertex   3.622398e+01 2.731668e+00 -4.752447e+01
    endloop
  endfacet
  facet normal -1.834623e-01 1.446300e-01 -9.723290e-01
    outer loop
      vertex   3.622398e+01 2.731668e+00 -4.752447e+01
      vertex   3.608311e+01 2.676111e+00 -4.750616e+01
      vertex   3.616226e+01 2.776511e+00 -4.750616e+01
    endloop
  endfacet
  facet normal -1.942443e-01 1.297899e-01 -9.723290e-01
    outer loop
      vertex   3.622398e+01 2.731668e+00 -4.752447e+01
      vertex   3.616226e+01 2.776511e+00 -4.750616e+01
      vertex   3.629833e+01 2.842950e+00 -4.752447e+01
    endloop
  endfacet
  facet normal -1.942443e-01 1.297899e-01 -9.723290e-01
    outer loop
      vertex   3.629833e+01 2.842950e+00 -4.752447e+01
      vertex   3.616226e+01 2.776511e+00 -4.750616e+01
      vertex   3.623328e+01 2.882812e+00 -4.750616e+01
    endloop
  endfacet
  facet normal -2.038287e-01 1.141496e-01 -9.723290e-01
    outer loop
      vertex   3.629833e+01 2.842950e+00 -4.752447e+01
      vertex   3.623328e+01 2.882812e+00 -4.750616e+01
      vertex   3.636373e+01 2.959723e+00 -4.752447e+01
    endloop
  endfacet
  facet normal -2.038287e-01 1.141496e-01 -9.723290e-01
    outer loop
      vertex   3.636373e+01 2.959723e+00 -4.752447e+01
      vertex   3.623328e+01 2.882812e+00 -4.750616e+01
      vertex   3.629575e+01 2.994358e+00 -4.750616e+01
    endloop
  endfacet
  facet normal -2.121565e-01 9.780547e-02 -9.723290e-01
    outer loop
      vertex   3.636373e+01 2.959723e+00 -4.752447e+01
      vertex   3.629575e+01 2.994358e+00 -4.750616e+01
      vertex   3.641976e+01 3.081266e+00 -4.752447e+01
    endloop
  endfacet
  facet normal -2.121565e-01 9.780547e-02 -9.723290e-01
    outer loop
      vertex   3.641976e+01 3.081266e+00 -4.752447e+01
      vertex   3.629575e+01 2.994358e+00 -4.750616e+01
      vertex   3.634928e+01 3.110462e+00 -4.750616e+01
    endloop
  endfacet
  facet normal -2.191762e-01 8.085836e-02 -9.723290e-01
    outer loop
      vertex   3.641976e+01 3.081266e+00 -4.752447e+01
      vertex   3.634928e+01 3.110462e+00 -4.750616e+01
      vertex   3.646608e+01 3.206831e+00 -4.752447e+01
    endloop
  endfacet
  facet normal -2.191762e-01 8.085836e-02 -9.723290e-01
    outer loop
      vertex   3.646608e+01 3.206831e+00 -4.752447e+01
      vertex   3.634928e+01 3.110462e+00 -4.750616e+01
      vertex   3.639353e+01 3.230407e+00 -4.750616e+01
    endloop
  endfacet
  facet normal -2.248446e-01 6.341274e-02 -9.723290e-01
    outer loop
      vertex   3.646608e+01 3.206831e+00 -4.752447e+01
      vertex   3.639353e+01 3.230407e+00 -4.750616e+01
      vertex   3.650241e+01 3.335644e+00 -4.752447e+01
    endloop
  endfacet
  facet normal -2.248446e-01 6.341274e-02 -9.723290e-01
    outer loop
      vertex   3.650241e+01 3.335644e+00 -4.752447e+01
      vertex   3.639353e+01 3.230407e+00 -4.750616e+01
      vertex   3.642823e+01 3.353454e+00 -4.750616e+01
    endloop
  endfacet
  facet normal -2.291268e-01 4.557615e-02 -9.723290e-01
    outer loop
      vertex   3.650241e+01 3.335644e+00 -4.752447e+01
      vertex   3.642823e+01 3.353454e+00 -4.750616e+01
      vertex   3.652852e+01 3.466910e+00 -4.752447e+01
    endloop
  endfacet
  facet normal -2.291268e-01 4.557615e-02 -9.723290e-01
    outer loop
      vertex   3.652852e+01 3.466910e+00 -4.752447e+01
      vertex   3.642823e+01 3.353454e+00 -4.750616e+01
      vertex   3.645317e+01 3.478844e+00 -4.750616e+01
    endloop
  endfacet
  facet normal -2.319963e-01 2.745858e-02 -9.723290e-01
    outer loop
      vertex   3.652852e+01 3.466910e+00 -4.752447e+01
      vertex   3.645317e+01 3.478844e+00 -4.750616e+01
      vertex   3.654425e+01 3.599819e+00 -4.752447e+01
    endloop
  endfacet
  facet normal -2.319963e-01 2.745858e-02 -9.723290e-01
    outer loop
      vertex   3.654425e+01 3.599819e+00 -4.752447e+01
      vertex   3.645317e+01 3.478844e+00 -4.750616e+01
      vertex   3.646820e+01 3.605805e+00 -4.750616e+01
    endloop
  endfacet
  facet normal -5.765846e-02 5.329893e-02 -9.969126e-01
    outer loop
      vertex   3.599632e+01 2.582230e+00 -4.750616e+01
      vertex   3.594102e+01 2.637538e+00 -4.750000e+01
      vertex   3.608311e+01 2.676111e+00 -4.750616e+01
    endloop
  endfacet
  facet normal -5.749298e-02 5.268261e-02 -9.969549e-01
    outer loop
      vertex   3.608311e+01 2.676111e+00 -4.750616e+01
      vertex   3.594102e+01 2.637538e+00 -4.750000e+01
      vertex   3.603237e+01 2.737233e+00 -4.750000e+01
    endloop
  endfacet
  facet normal -6.203487e-02 4.890435e-02 -9.968751e-01
    outer loop
      vertex   3.608311e+01 2.676111e+00 -4.750616e+01
      vertex   3.603237e+01 2.737233e+00 -4.750000e+01
      vertex   3.616226e+01 2.776511e+00 -4.750616e+01
    endloop
  endfacet
  facet normal -6.152861e-02 4.721257e-02 -9.969881e-01
    outer loop
      vertex   3.616226e+01 2.776511e+00 -4.750616e+01
      vertex   3.603237e+01 2.737233e+00 -4.750000e+01
      vertex   3.611469e+01 2.844510e+00 -4.750000e+01
    endloop
  endfacet
  facet normal -6.597947e-02 4.408607e-02 -9.968466e-01
    outer loop
      vertex   3.616226e+01 2.776511e+00 -4.750616e+01
      vertex   3.611469e+01 2.844510e+00 -4.750000e+01
      vertex   3.623328e+01 2.882812e+00 -4.750616e+01
    endloop
  endfacet
  facet normal -6.515565e-02 4.150873e-02 -9.970114e-01
    outer loop
      vertex   3.623328e+01 2.882812e+00 -4.750616e+01
      vertex   3.611469e+01 2.844510e+00 -4.750000e+01
      vertex   3.618734e+01 2.958553e+00 -4.750000e+01
    endloop
  endfacet
  facet normal -6.944569e-02 3.889146e-02 -9.968273e-01
    outer loop
      vertex   3.623328e+01 2.882812e+00 -4.750616e+01
      vertex   3.618734e+01 2.958553e+00 -4.750000e+01
      vertex   3.629575e+01 2.994358e+00 -4.750616e+01
    endloop
  endfacet
  facet normal -6.836634e-02 3.558926e-02 -9.970253e-01
    outer loop
      vertex   3.629575e+01 2.994358e+00 -4.750616e+01
      vertex   3.618734e+01 2.958553e+00 -4.750000e+01
      vertex   3.624978e+01 3.078495e+00 -4.750000e+01
    endloop
  endfacet
  facet normal -7.239314e-02 3.337369e-02 -9.968177e-01
    outer loop
      vertex   3.629575e+01 2.994358e+00 -4.750616e+01
      vertex   3.624978e+01 3.078495e+00 -4.750000e+01
      vertex   3.634928e+01 3.110462e+00 -4.750616e+01
    endloop
  endfacet
  facet normal -7.115292e-02 2.947251e-02 -9.970299e-01
    outer loop
      vertex   3.634928e+01 3.110462e+00 -4.750616e+01
      vertex   3.624978e+01 3.078495e+00 -4.750000e+01
      vertex   3.630152e+01 3.203422e+00 -4.750000e+01
    endloop
  endfacet
  facet normal -7.478844e-02 2.759091e-02 -9.968177e-01
    outer loop
      vertex   3.634928e+01 3.110462e+00 -4.750616e+01
      vertex   3.630152e+01 3.203422e+00 -4.750000e+01
      vertex   3.639353e+01 3.230407e+00 -4.750616e+01
    endloop
  endfacet
  facet normal -7.350771e-02 2.317689e-02 -9.970253e-01
    outer loop
      vertex   3.639353e+01 3.230407e+00 -4.750616e+01
      vertex   3.630152e+01 3.203422e+00 -4.750000e+01
      vertex   3.634219e+01 3.332384e+00 -4.750000e+01
    endloop
  endfacet
  facet normal -7.660593e-02 2.160511e-02 -9.968273e-01
    outer loop
      vertex   3.639353e+01 3.230407e+00 -4.750616e+01
      vertex   3.634219e+01 3.332384e+00 -4.750000e+01
      vertex   3.642823e+01 3.353454e+00 -4.750616e+01
    endloop
  endfacet
  facet normal -7.542310e-02 1.672090e-02 -9.970114e-01
    outer loop
      vertex   3.642823e+01 3.353454e+00 -4.750616e+01
      vertex   3.634219e+01 3.332384e+00 -4.750000e+01
      vertex   3.637145e+01 3.464399e+00 -4.750000e+01
    endloop
  endfacet
  facet normal -7.782809e-02 1.548097e-02 -9.968466e-01
    outer loop
      vertex   3.642823e+01 3.353454e+00 -4.750616e+01
      vertex   3.637145e+01 3.464399e+00 -4.750000e+01
      vertex   3.645317e+01 3.478844e+00 -4.750616e+01
    endloop
  endfacet
  facet normal -7.689163e-02 1.012297e-02 -9.969881e-01
    outer loop
      vertex   3.645317e+01 3.478844e+00 -4.750616e+01
      vertex   3.637145e+01 3.464399e+00 -4.750000e+01
      vertex   3.638910e+01 3.598462e+00 -4.750000e+01
    endloop
  endfacet
  facet normal -7.844587e-02 9.284681e-03 -9.968751e-01
    outer loop
      vertex   3.645317e+01 3.478844e+00 -4.750616e+01
      vertex   3.638910e+01 3.598462e+00 -4.750000e+01
      vertex   3.646820e+01 3.605805e+00 -4.750616e+01
    endloop
  endfacet
  facet normal -7.845910e-02 0.000000e+00 -9.969173e-01
    outer loop
      vertex   3.639500e+01 3.733553e+00 -4.750000e+01
      vertex   3.639500e+01 6.250000e+00 -4.750000e+01
      vertex   3.647322e+01 4.991777e+00 -4.750616e+01
    endloop
  endfacet
  facet normal -7.845910e-02 0.000000e+00 -9.969173e-01
    outer loop
      vertex   3.647322e+01 4.991777e+00 -4.750616e+01
      vertex   3.639500e+01 6.250000e+00 -4.750000e+01
      vertex   3.647322e+01 6.250000e+00 -4.750616e+01
    endloop
  endfacet
  facet normal -2.334454e-01 0.000000e+00 -9.723699e-01
    outer loop
      vertex   3.647322e+01 4.991777e+00 -4.750616e+01
      vertex   3.647322e+01 6.250000e+00 -4.750616e+01
      vertex   3.654951e+01 4.991777e+00 -4.752447e+01
    endloop
  endfacet
  facet normal -2.334454e-01 0.000000e+00 -9.723699e-01
    outer loop
      vertex   3.654951e+01 4.991777e+00 -4.752447e+01
      vertex   3.647322e+01 6.250000e+00 -4.750616e+01
      vertex   3.654951e+01 6.250000e+00 -4.752447e+01
    endloop
  endfacet
  facet normal -3.826834e-01 0.000000e+00 -9.238795e-01
    outer loop
      vertex   3.654951e+01 4.991777e+00 -4.752447e+01
      vertex   3.654951e+01 6.250000e+00 -4.752447e+01
      vertex   3.662200e+01 4.991777e+00 -4.755450e+01
    endloop
  endfacet
  facet normal -3.826834e-01 0.000000e+00 -9.238795e-01
    outer loop
      vertex   3.662200e+01 4.991777e+00 -4.755450e+01
      vertex   3.654951e+01 6.250000e+00 -4.752447e+01
      vertex   3.662200e+01 6.250000e+00 -4.755450e+01
    endloop
  endfacet
  facet normal -5.224986e-01 0.000000e+00 -8.526402e-01
    outer loop
      vertex   3.662200e+01 4.991777e+00 -4.755450e+01
      vertex   3.662200e+01 6.250000e+00 -4.755450e+01
      vertex   3.668889e+01 4.991777e+00 -4.759549e+01
    endloop
  endfacet
  facet normal -5.224986e-01 0.000000e+00 -8.526402e-01
    outer loop
      vertex   3.668889e+01 4.991777e+00 -4.759549e+01
      vertex   3.662200e+01 6.250000e+00 -4.755450e+01
      vertex   3.668889e+01 6.250000e+00 -4.759549e+01
    endloop
  endfacet
  facet normal -6.494480e-01 0.000000e+00 -7.604060e-01
    outer loop
      vertex   3.668889e+01 4.991777e+00 -4.759549e+01
      vertex   3.668889e+01 6.250000e+00 -4.759549e+01
      vertex   3.674855e+01 4.991777e+00 -4.764645e+01
    endloop
  endfacet
  facet normal -6.494480e-01 0.000000e+00 -7.604060e-01
    outer loop
      vertex   3.674855e+01 4.991777e+00 -4.764645e+01
      vertex   3.668889e+01 6.250000e+00 -4.759549e+01
      vertex   3.674855e+01 6.250000e+00 -4.764645e+01
    endloop
  endfacet
  facet normal -7.604060e-01 0.000000e+00 -6.494480e-01
    outer loop
      vertex   3.674855e+01 4.991777e+00 -4.764645e+01
      vertex   3.674855e+01 6.250000e+00 -4.764645e+01
      vertex   3.679951e+01 4.991777e+00 -4.770611e+01
    endloop
  endfacet
  facet normal -7.604060e-01 0.000000e+00 -6.494480e-01
    outer loop
      vertex   3.679951e+01 4.991777e+00 -4.770611e+01
      vertex   3.674855e+01 6.250000e+00 -4.764645e+01
      vertex   3.679951e+01 6.250000e+00 -4.770611e+01
    endloop
  endfacet
  facet normal -8.526402e-01 0.000000e+00 -5.224986e-01
    outer loop
      vertex   3.679951e+01 4.991777e+00 -4.770611e+01
      vertex   3.679951e+01 6.250000e+00 -4.770611e+01
      vertex   3.684050e+01 4.991777e+00 -4.777300e+01
    endloop
  endfacet
  facet normal -8.526402e-01 0.000000e+00 -5.224986e-01
    outer loop
      vertex   3.684050e+01 4.991777e+00 -4.777300e+01
      vertex   3.679951e+01 6.250000e+00 -4.770611e+01
      vertex   3.684050e+01 6.250000e+00 -4.777300e+01
    endloop
  endfacet
  facet normal -9.238795e-01 0.000000e+00 -3.826834e-01
    outer loop
      vertex   3.684050e+01 4.991777e+00 -4.777300e+01
      vertex   3.684050e+01 6.250000e+00 -4.777300e+01
      vertex   3.687053e+01 4.991777e+00 -4.784549e+01
    endloop
  endfacet
  facet normal -9.238795e-01 0.000000e+00 -3.826834e-01
    outer loop
      vertex   3.687053e+01 4.991777e+00 -4.784549e+01
      vertex   3.684050e+01 6.250000e+00 -4.777300e+01
      vertex   3.687053e+01 6.250000e+00 -4.784549e+01
    endloop
  endfacet
  facet normal -9.723699e-01 0.000000e+00 -2.334454e-01
    outer loop
      vertex   3.687053e+01 4.991777e+00 -4.784549e+01
      vertex   3.687053e+01 6.250000e+00 -4.784549e+01
      vertex   3.688884e+01 4.991777e+00 -4.792178e+01
    endloop
  endfacet
  facet normal -9.723699e-01 0.000000e+00 -2.334454e-01
    outer loop
      vertex   3.688884e+01 4.991777e+00 -4.792178e+01
      vertex   3.687053e+01 6.250000e+00 -4.784549e+01
      vertex   3.688884e+01 6.250000e+00 -4.792178e+01
    endloop
  endfacet
  facet normal -9.969173e-01 0.000000e+00 -7.845910e-02
    outer loop
      vertex   3.688884e+01 4.991777e+00 -4.792178e+01
      vertex   3.688884e+01 6.250000e+00 -4.792178e+01
      vertex   3.689500e+01 6.250000e+00 -4.800000e+01
    endloop
  endfacet
  facet normal -9.969173e-01 -0.000000e+00 -7.845910e-02
    outer loop
      vertex   3.689500e+01 6.250000e+00 -4.800000e+01
      vertex   3.689500e+01 3.733553e+00 -4.800000e+01
      vertex   3.688884e+01 4.991777e+00 -4.792178e+01
    endloop
  endfacet
  facet normal -9.969173e-01 -0.000000e+00 -7.845910e-02
    outer loop
      vertex   3.688884e+01 4.991777e+00 -4.792178e+01
      vertex   3.689500e+01 3.733553e+00 -4.800000e+01
      vertex   3.688884e+01 3.733553e+00 -4.792178e+01
    endloop
  endfacet
  facet normal -9.723699e-01 -0.000000e+00 -2.334454e-01
    outer loop
      vertex   3.688884e+01 4.991777e+00 -4.792178e+01
      vertex   3.688884e+01 3.733553e+00 -4.792178e+01
      vertex   3.687053e+01 4.991777e+00 -4.784549e+01
    endloop
  endfacet
  facet normal -9.723699e-01 -0.000000e+00 -2.334454e-01
    outer loop
      vertex   3.687053e+01 4.991777e+00 -4.784549e+01
      vertex   3.688884e+01 3.733553e+00 -4.792178e+01
      vertex   3.687053e+01 3.733553e+00 -4.784549e+01
    endloop
  endfacet
  facet normal -9.238795e-01 -0.000000e+00 -3.826834e-01
    outer loop
      vertex   3.687053e+01 4.991777e+00 -4.784549e+01
      vertex   3.687053e+01 3.733553e+00 -4.784549e+01
      vertex   3.684050e+01 4.991777e+00 -4.777300e+01
    endloop
  endfacet
  facet normal -9.238795e-01 -0.000000e+00 -3.826834e-01
    outer loop
      vertex   3.684050e+01 4.991777e+00 -4.777300e+01
      vertex   3.687053e+01 3.733553e+00 -4.784549e+01
      vertex   3.684050e+01 3.733553e+00 -4.777300e+01
    endloop
  endfacet
  facet normal -8.526402e-01 -0.000000e+00 -5.224986e-01
    outer loop
      vertex   3.684050e+01 4.991777e+00 -4.777300e+01
      vertex   3.684050e+01 3.733553e+00 -4.777300e+01
      vertex   3.679951e+01 4.991777e+00 -4.770611e+01
    endloop
  endfacet
  facet normal -8.526402e-01 -0.000000e+00 -5.224986e-01
    outer loop
      vertex   3.679951e+01 4.991777e+00 -4.770611e+01
      vertex   3.684050e+01 3.733553e+00 -4.777300e+01
      vertex   3.679951e+01 3.733553e+00 -4.770611e+01
    endloop
  endfacet
  facet normal -7.604060e-01 -0.000000e+00 -6.494480e-01
    outer loop
      vertex   3.679951e+01 4.991777e+00 -4.770611e+01
      vertex   3.679951e+01 3.733553e+00 -4.770611e+01
      vertex   3.674855e+01 4.991777e+00 -4.764645e+01
    endloop
  endfacet
  facet normal -7.604060e-01 -0.000000e+00 -6.494480e-01
    outer loop
      vertex   3.674855e+01 4.991777e+00 -4.764645e+01
      vertex   3.679951e+01 3.733553e+00 -4.770611e+01
      vertex   3.674855e+01 3.733553e+00 -4.764645e+01
    endloop
  endfacet
  facet normal -6.494480e-01 -0.000000e+00 -7.604060e-01
    outer loop
      vertex   3.674855e+01 4.991777e+00 -4.764645e+01
      vertex   3.674855e+01 3.733553e+00 -4.764645e+01
      vertex   3.668889e+01 4.991777e+00 -4.759549e+01
    endloop
  endfacet
  facet normal -6.494480e-01 -0.000000e+00 -7.604060e-01
    outer loop
      vertex   3.668889e+01 4.991777e+00 -4.759549e+01
      vertex   3.674855e+01 3.733553e+00 -4.764645e+01
      vertex   3.668889e+01 3.733553e+00 -4.759549e+01
    endloop
  endfacet
  facet normal -5.224986e-01 -0.000000e+00 -8.526402e-01
    outer loop
      vertex   3.668889e+01 4.991777e+00 -4.759549e+01
      vertex   3.668889e+01 3.733553e+00 -4.759549e+01
      vertex   3.662200e+01 4.991777e+00 -4.755450e+01
    endloop
  endfacet
  facet normal -5.224986e-01 -0.000000e+00 -8.526402e-01
    outer loop
      vertex   3.662200e+01 4.991777e+00 -4.755450e+01
      vertex   3.668889e+01 3.733553e+00 -4.759549e+01
      vertex   3.662200e+01 3.733553e+00 -4.755450e+01
    endloop
  endfacet
  facet normal -3.826834e-01 -0.000000e+00 -9.238795e-01
    outer loop
      vertex   3.662200e+01 4.991777e+00 -4.755450e+01
      vertex   3.662200e+01 3.733553e+00 -4.755450e+01
      vertex   3.654951e+01 4.991777e+00 -4.752447e+01
    endloop
  endfacet
  facet normal -3.826834e-01 -0.000000e+00 -9.238795e-01
    outer loop
      vertex   3.654951e+01 4.991777e+00 -4.752447e+01
      vertex   3.662200e+01 3.733553e+00 -4.755450e+01
      vertex   3.654951e+01 3.733553e+00 -4.752447e+01
    endloop
  endfacet
  facet normal -2.334454e-01 -0.000000e+00 -9.723699e-01
    outer loop
      vertex   3.654951e+01 4.991777e+00 -4.752447e+01
      vertex   3.654951e+01 3.733553e+00 -4.752447e+01
      vertex   3.647322e+01 4.991777e+00 -4.750616e+01
    endloop
  endfacet
  facet normal -2.334454e-01 -0.000000e+00 -9.723699e-01
    outer loop
      vertex   3.647322e+01 4.991777e+00 -4.750616e+01
      vertex   3.654951e+01 3.733553e+00 -4.752447e+01
      vertex   3.647322e+01 3.733553e+00 -4.750616e+01
    endloop
  endfacet
  facet normal -7.845910e-02 -0.000000e+00 -9.969173e-01
    outer loop
      vertex   3.647322e+01 4.991777e+00 -4.750616e+01
      vertex   3.647322e+01 3.733553e+00 -4.750616e+01
      vertex   3.639500e+01 3.733553e+00 -4.750000e+01
    endloop
  endfacet
  facet normal -6.663466e-01 7.456422e-01 0.000000e+00
    outer loop
      vertex   3.498391e+01 2.387538e+00 -4.700000e+01
      vertex   3.498391e+01 2.387538e+00 -4.750000e+01
      vertex   3.489611e+01 2.309077e+00 -4.700000e+01
    endloop
  endfacet
  facet normal -6.663466e-01 7.456422e-01 -6.622633e-16
    outer loop
      vertex   3.489611e+01 2.309077e+00 -4.700000e+01
      vertex   3.498391e+01 2.387538e+00 -4.750000e+01
      vertex   3.489611e+01 2.309077e+00 -4.750000e+01
    endloop
  endfacet
  facet normal -5.786713e-01 8.155609e-01 -7.243636e-16
    outer loop
      vertex   3.489611e+01 2.309077e+00 -4.700000e+01
      vertex   3.489611e+01 2.309077e+00 -4.750000e+01
      vertex   3.480008e+01 2.240940e+00 -4.700000e+01
    endloop
  endfacet
  facet normal -5.786713e-01 8.155609e-01 -7.243636e-16
    outer loop
      vertex   3.480008e+01 2.240940e+00 -4.700000e+01
      vertex   3.489611e+01 2.309077e+00 -4.750000e+01
      vertex   3.480008e+01 2.240940e+00 -4.750000e+01
    endloop
  endfacet
  facet normal -4.837189e-01 8.752234e-01 -7.773546e-16
    outer loop
      vertex   3.480008e+01 2.240940e+00 -4.700000e+01
      vertex   3.480008e+01 2.240940e+00 -4.750000e+01
      vertex   3.469702e+01 2.183983e+00 -4.700000e+01
    endloop
  endfacet
  facet normal -4.837189e-01 8.752234e-01 -7.773546e-16
    outer loop
      vertex   3.469702e+01 2.183983e+00 -4.700000e+01
      vertex   3.480008e+01 2.240940e+00 -4.750000e+01
      vertex   3.469702e+01 2.183983e+00 -4.750000e+01
    endloop
  endfacet
  facet normal -3.826834e-01 9.238795e-01 -8.205699e-16
    outer loop
      vertex   3.469702e+01 2.183983e+00 -4.700000e+01
      vertex   3.469702e+01 2.183983e+00 -4.750000e+01
      vertex   3.458824e+01 2.138923e+00 -4.700000e+01
    endloop
  endfacet
  facet normal -3.826834e-01 9.238795e-01 -1.641140e-15
    outer loop
      vertex   3.458824e+01 2.138923e+00 -4.700000e+01
      vertex   3.469702e+01 2.183983e+00 -4.750000e+01
      vertex   3.458824e+01 2.138923e+00 -4.750000e+01
    endloop
  endfacet
  facet normal -2.768355e-01 9.609173e-01 -1.706932e-15
    outer loop
      vertex   3.458824e+01 2.138923e+00 -4.700000e+01
      vertex   3.458824e+01 2.138923e+00 -4.750000e+01
      vertex   3.447509e+01 2.106326e+00 -4.700000e+01
    endloop
  endfacet
  facet normal -2.768355e-01 9.609173e-01 -8.534660e-16
    outer loop
      vertex   3.447509e+01 2.106326e+00 -4.700000e+01
      vertex   3.458824e+01 2.138923e+00 -4.750000e+01
      vertex   3.447509e+01 2.106326e+00 -4.750000e+01
    endloop
  endfacet
  facet normal -1.675062e-01 9.858710e-01 -8.756294e-16
    outer loop
      vertex   3.447509e+01 2.106326e+00 -4.700000e+01
      vertex   3.447509e+01 2.106326e+00 -4.750000e+01
      vertex   3.435901e+01 2.086602e+00 -4.700000e+01
    endloop
  endfacet
  facet normal -1.675062e-01 9.858710e-01 -8.756294e-16
    outer loop
      vertex   3.435901e+01 2.086602e+00 -4.700000e+01
      vertex   3.447509e+01 2.106326e+00 -4.750000e+01
      vertex   3.435901e+01 2.086602e+00 -4.750000e+01
    endloop
  endfacet
  facet normal -5.607045e-02 9.984268e-01 -8.867812e-16
    outer loop
      vertex   3.435901e+01 2.086602e+00 -4.700000e+01
      vertex   3.435901e+01 2.086602e+00 -4.750000e+01
      vertex   3.424145e+01 2.080000e+00 -4.700000e+01
    endloop
  endfacet
  facet normal -5.607045e-02 9.984268e-01 0.000000e+00
    outer loop
      vertex   3.424145e+01 2.080000e+00 -4.700000e+01
      vertex   3.435901e+01 2.086602e+00 -4.750000e+01
      vertex   3.424145e+01 2.080000e+00 -4.750000e+01
    endloop
  endfacet
  facet normal -7.071068e-01 7.071068e-01 -1.256074e-15
    outer loop
      vertex   3.558746e+01 2.991091e+00 -4.750000e+01
      vertex   3.498391e+01 2.387538e+00 -4.750000e+01
      vertex   3.558746e+01 2.991091e+00 -4.700000e+01
    endloop
  endfacet
  facet normal -7.071068e-01 7.071068e-01 0.000000e+00
    outer loop
      vertex   3.558746e+01 2.991091e+00 -4.700000e+01
      vertex   3.498391e+01 2.387538e+00 -4.750000e+01
      vertex   3.498391e+01 2.387538e+00 -4.700000e+01
    endloop
  endfacet
  facet normal -9.984268e-01 5.607045e-02 -4.980056e-17
    outer loop
      vertex   3.589500e+01 3.733553e+00 -4.700000e+01
      vertex   3.589500e+01 3.733553e+00 -4.750000e+01
      vertex   3.588840e+01 3.615991e+00 -4.700000e+01
    endloop
  endfacet
  facet normal -9.984268e-01 5.607045e-02 -9.960113e-17
    outer loop
      vertex   3.588840e+01 3.615991e+00 -4.700000e+01
      vertex   3.589500e+01 3.733553e+00 -4.750000e+01
      vertex   3.588840e+01 3.615991e+00 -4.750000e+01
    endloop
  endfacet
  facet normal -9.858710e-01 1.675062e-01 -2.975508e-16
    outer loop
      vertex   3.588840e+01 3.615991e+00 -4.700000e+01
      vertex   3.588840e+01 3.615991e+00 -4.750000e+01
      vertex   3.586867e+01 3.499906e+00 -4.700000e+01
    endloop
  endfacet
  facet normal -9.858710e-01 1.675062e-01 -2.975508e-16
    outer loop
      vertex   3.586867e+01 3.499906e+00 -4.700000e+01
      vertex   3.588840e+01 3.615991e+00 -4.750000e+01
      vertex   3.586867e+01 3.499906e+00 -4.750000e+01
    endloop
  endfacet
  facet normal -9.609173e-01 2.768355e-01 -4.917587e-16
    outer loop
      vertex   3.586867e+01 3.499906e+00 -4.700000e+01
      vertex   3.586867e+01 3.499906e+00 -4.750000e+01
      vertex   3.583608e+01 3.386760e+00 -4.700000e+01
    endloop
  endfacet
  facet normal -9.609173e-01 2.768355e-01 -2.458793e-16
    outer loop
      vertex   3.583608e+01 3.386760e+00 -4.700000e+01
      vertex   3.586867e+01 3.499906e+00 -4.750000e+01
      vertex   3.583608e+01 3.386760e+00 -4.750000e+01
    endloop
  endfacet
  facet normal -9.238795e-01 3.826834e-01 -3.398912e-16
    outer loop
      vertex   3.583608e+01 3.386760e+00 -4.700000e+01
      vertex   3.583608e+01 3.386760e+00 -4.750000e+01
      vertex   3.579102e+01 3.277975e+00 -4.700000e+01
    endloop
  endfacet
  facet normal -9.238795e-01 3.826834e-01 -6.797823e-16
    outer loop
      vertex   3.579102e+01 3.277975e+00 -4.700000e+01
      vertex   3.583608e+01 3.386760e+00 -4.750000e+01
      vertex   3.579102e+01 3.277975e+00 -4.750000e+01
    endloop
  endfacet
  facet normal -8.752234e-01 4.837189e-01 -8.592574e-16
    outer loop
      vertex   3.579102e+01 3.277975e+00 -4.700000e+01
      vertex   3.579102e+01 3.277975e+00 -4.750000e+01
      vertex   3.573406e+01 3.174920e+00 -4.700000e+01
    endloop
  endfacet
  facet normal -8.752234e-01 4.837189e-01 -8.592574e-16
    outer loop
      vertex   3.573406e+01 3.174920e+00 -4.700000e+01
      vertex   3.579102e+01 3.277975e+00 -4.750000e+01
      vertex   3.573406e+01 3.174920e+00 -4.750000e+01
    endloop
  endfacet
  facet normal -8.155609e-01 5.786713e-01 -1.027927e-15
    outer loop
      vertex   3.573406e+01 3.174920e+00 -4.700000e+01
      vertex   3.573406e+01 3.174920e+00 -4.750000e+01
      vertex   3.566592e+01 3.078889e+00 -4.700000e+01
    endloop
  endfacet
  facet normal -8.155609e-01 5.786713e-01 -5.139634e-16
    outer loop
      vertex   3.566592e+01 3.078889e+00 -4.700000e+01
      vertex   3.573406e+01 3.174920e+00 -4.750000e+01
      vertex   3.566592e+01 3.078889e+00 -4.750000e+01
    endloop
  endfacet
  facet normal -7.456422e-01 6.663466e-01 -5.918347e-16
    outer loop
      vertex   3.566592e+01 3.078889e+00 -4.700000e+01
      vertex   3.566592e+01 3.078889e+00 -4.750000e+01
      vertex   3.558746e+01 2.991091e+00 -4.700000e+01
    endloop
  endfacet
  facet normal -7.456422e-01 6.663466e-01 -1.183669e-15
    outer loop
      vertex   3.558746e+01 2.991091e+00 -4.700000e+01
      vertex   3.566592e+01 3.078889e+00 -4.750000e+01
      vertex   3.558746e+01 2.991091e+00 -4.750000e+01
    endloop
  endfacet
  facet normal -1.000000e+00 0.000000e+00 0.000000e+00
    outer loop
      vertex   3.589500e+01 6.250000e+00 -4.750000e+01
      vertex   3.589500e+01 3.733553e+00 -4.750000e+01
      vertex   3.589500e+01 6.250000e+00 -4.700000e+01
    endloop
  endfacet
  facet normal -1.000000e+00 -0.000000e+00 0.000000e+00
    outer loop
      vertex   3.589500e+01 6.250000e+00 -4.700000e+01
      vertex   3.589500e+01 3.733553e+00 -4.750000e+01
      vertex   3.589500e+01 3.733553e+00 -4.700000e+01
    endloop
  endfacet
  facet normal -0.000000e+00 0.000000e+00 -1.000000e+00
    outer loop
      vertex   3.437654e+01 1.585898e+00 -4.750000e+01
      vertex   3.424145e+01 1.580000e+00 -4.750000e+01
      vertex   3.424145e+01 2.080000e+00 -4.750000e+01
    endloop
  endfacet
  facet normal 0.000000e+00 -0.000000e+00 -1.000000e+00
    outer loop
      vertex   3.424145e+01 2.080000e+00 -4.750000e+01
      vertex   3.424145e+01 1.580000e+00 -4.750000e+01
      vertex   2.824855e+01 1.580000e+00 -4.750000e+01
    endloop
  endfacet
  facet normal 0.000000e+00 0.000000e+00 -1.000000e+00
    outer loop
      vertex   3.424145e+01 2.080000e+00 -4.750000e+01
      vertex   2.824855e+01 1.580000e+00 -4.750000e+01
      vertex   2.824855e+01 2.080000e+00 -4.750000e+01
    endloop
  endfacet
  facet normal 0.000000e+00 -0.000000e+00 -1.000000e+00
    outer loop
      vertex   2.824855e+01 2.080000e+00 -4.750000e+01
      vertex   2.824855e+01 1.580000e+00 -4.750000e+01
      vertex   2.811346e+01 1.585898e+00 -4.750000e+01
    endloop
  endfacet
  facet normal 0.000000e+00 0.000000e+00 -1.000000e+00
    outer loop
      vertex   2.824855e+01 2.080000e+00 -4.750000e+01
      vertex   2.811346e+01 1.585898e+00 -4.750000e+01
      vertex   2.797940e+01 1.603548e+00 -4.750000e+01
    endloop
  endfacet
  facet normal 0.000000e+00 0.000000e+00 -1.000000e+00
    outer loop
      vertex   2.797940e+01 1.603548e+00 -4.750000e+01
      vertex   2.784738e+01 1.632815e+00 -4.750000e+01
      vertex   2.824855e+01 2.080000e+00 -4.750000e+01
    endloop
  endfacet
  facet normal -0.000000e+00 0.000000e+00 -1.000000e+00
    outer loop
      vertex   2.824855e+01 2.080000e+00 -4.750000e+01
      vertex   2.784738e+01 1.632815e+00 -4.750000e+01
      vertex   2.813099e+01 2.086602e+00 -4.750000e+01
    endloop
  endfacet
  facet normal 0.000000e+00 0.000000e+00 -1.000000e+00
    outer loop
      vertex   2.813099e+01 2.086602e+00 -4.750000e+01
      vertex   2.784738e+01 1.632815e+00 -4.750000e+01
      vertex   2.771842e+01 1.673476e+00 -4.750000e+01
    endloop
  endfacet
  facet normal 0.000000e+00 0.000000e+00 -1.000000e+00
    outer loop
      vertex   2.813099e+01 2.086602e+00 -4.750000e+01
      vertex   2.771842e+01 1.673476e+00 -4.750000e+01
      vertex   2.759350e+01 1.725223e+00 -4.750000e+01
    endloop
  endfacet
  facet normal -0.000000e+00 0.000000e+00 -1.000000e+00
    outer loop
      vertex   2.813099e+01 2.086602e+00 -4.750000e+01
      vertex   2.759350e+01 1.725223e+00 -4.750000e+01
      vertex   2.801491e+01 2.106326e+00 -4.750000e+01
    endloop
  endfacet
  facet normal 0.000000e+00 0.000000e+00 -1.000000e+00
    outer loop
      vertex   2.801491e+01 2.106326e+00 -4.750000e+01
      vertex   2.759350e+01 1.725223e+00 -4.750000e+01
      vertex   2.747355e+01 1.787661e+00 -4.750000e+01
    endloop
  endfacet
  facet normal 0.000000e+00 0.000000e+00 -1.000000e+00
    outer loop
      vertex   2.801491e+01 2.106326e+00 -4.750000e+01
      vertex   2.747355e+01 1.787661e+00 -4.750000e+01
      vertex   2.735951e+01 1.860314e+00 -4.750000e+01
    endloop
  endfacet
  facet normal -0.000000e+00 0.000000e+00 -1.000000e+00
    outer loop
      vertex   2.801491e+01 2.106326e+00 -4.750000e+01
      vertex   2.735951e+01 1.860314e+00 -4.750000e+01
      vertex   2.790176e+01 2.138923e+00 -4.750000e+01
    endloop
  endfacet
  facet normal 0.000000e+00 0.000000e+00 -1.000000e+00
    outer loop
      vertex   2.790176e+01 2.138923e+00 -4.750000e+01
      vertex   2.735951e+01 1.860314e+00 -4.750000e+01
      vertex   2.725223e+01 1.942631e+00 -4.750000e+01
    endloop
  endfacet
  facet normal -0.000000e+00 0.000000e+00 -1.000000e+00
    outer loop
      vertex   2.790176e+01 2.138923e+00 -4.750000e+01
      vertex   2.725223e+01 1.942631e+00 -4.750000e+01
      vertex   2.779298e+01 2.183983e+00 -4.750000e+01
    endloop
  endfacet
  facet normal 0.000000e+00 0.000000e+00 -1.000000e+00
    outer loop
      vertex   2.779298e+01 2.183983e+00 -4.750000e+01
      vertex   2.725223e+01 1.942631e+00 -4.750000e+01
      vertex   2.715254e+01 2.033984e+00 -4.750000e+01
    endloop
  endfacet
  facet normal -0.000000e+00 0.000000e+00 -1.000000e+00
    outer loop
      vertex   2.779298e+01 2.183983e+00 -4.750000e+01
      vertex   2.715254e+01 2.033984e+00 -4.750000e+01
      vertex   2.768992e+01 2.240940e+00 -4.750000e+01
    endloop
  endfacet
  facet normal -0.000000e+00 0.000000e+00 -1.000000e+00
    outer loop
      vertex   2.768992e+01 2.240940e+00 -4.750000e+01
      vertex   2.715254e+01 2.033984e+00 -4.750000e+01
      vertex   2.759389e+01 2.309077e+00 -4.750000e+01
    endloop
  endfacet
  facet normal -0.000000e+00 0.000000e+00 -1.000000e+00
    outer loop
      vertex   2.759389e+01 2.309077e+00 -4.750000e+01
      vertex   2.715254e+01 2.033984e+00 -4.750000e+01
      vertex   2.750609e+01 2.387538e+00 -4.750000e+01
    endloop
  endfacet
  facet normal -0.000000e+00 0.000000e+00 -1.000000e+00
    outer loop
      vertex   2.750609e+01 2.387538e+00 -4.750000e+01
      vertex   2.715254e+01 2.033984e+00 -4.750000e+01
      vertex   2.654898e+01 2.637538e+00 -4.750000e+01
    endloop
  endfacet
  facet normal 0.000000e+00 0.000000e+00 -1.000000e+00
    outer loop
      vertex   2.750609e+01 2.387538e+00 -4.750000e+01
      vertex   2.654898e+01 2.637538e+00 -4.750000e+01
      vertex   2.690254e+01 2.991091e+00 -4.750000e+01
    endloop
  endfacet
  facet normal 0.000000e+00 0.000000e+00 -1.000000e+00
    outer loop
      vertex   2.690254e+01 2.991091e+00 -4.750000e+01
      vertex   2.654898e+01 2.637538e+00 -4.750000e+01
      vertex   2.645763e+01 2.737233e+00 -4.750000e+01
    endloop
  endfacet
  facet normal 0.000000e+00 0.000000e+00 -1.000000e+00
    outer loop
      vertex   2.690254e+01 2.991091e+00 -4.750000e+01
      vertex   2.645763e+01 2.737233e+00 -4.750000e+01
      vertex   2.637531e+01 2.844510e+00 -4.750000e+01
    endloop
  endfacet
  facet normal 0.000000e+00 0.000000e+00 -1.000000e+00
    outer loop
      vertex   2.637531e+01 2.844510e+00 -4.750000e+01
      vertex   2.630266e+01 2.958553e+00 -4.750000e+01
      vertex   2.690254e+01 2.991091e+00 -4.750000e+01
    endloop
  endfacet
  facet normal -0.000000e+00 0.000000e+00 -1.000000e+00
    outer loop
      vertex   2.690254e+01 2.991091e+00 -4.750000e+01
      vertex   2.630266e+01 2.958553e+00 -4.750000e+01
      vertex   2.682408e+01 3.078889e+00 -4.750000e+01
    endloop
  endfacet
  facet normal 0.000000e+00 0.000000e+00 -1.000000e+00
    outer loop
      vertex   2.682408e+01 3.078889e+00 -4.750000e+01
      vertex   2.630266e+01 2.958553e+00 -4.750000e+01
      vertex   2.624022e+01 3.078495e+00 -4.750000e+01
    endloop
  endfacet
  facet normal -0.000000e+00 0.000000e+00 -1.000000e+00
    outer loop
      vertex   2.682408e+01 3.078889e+00 -4.750000e+01
      vertex   2.624022e+01 3.078495e+00 -4.750000e+01
      vertex   2.675594e+01 3.174920e+00 -4.750000e+01
    endloop
  endfacet
  facet normal -0.000000e+00 0.000000e+00 -1.000000e+00
    outer loop
      vertex   2.675594e+01 3.174920e+00 -4.750000e+01
      vertex   2.624022e+01 3.078495e+00 -4.750000e+01
      vertex   2.618848e+01 3.203422e+00 -4.750000e+01
    endloop
  endfacet
  facet normal 0.000000e+00 0.000000e+00 -1.000000e+00
    outer loop
      vertex   2.675594e+01 3.174920e+00 -4.750000e+01
      vertex   2.618848e+01 3.203422e+00 -4.750000e+01
      vertex   2.669898e+01 3.277975e+00 -4.750000e+01
    endloop
  endfacet
  facet normal -0.000000e+00 0.000000e+00 -1.000000e+00
    outer loop
      vertex   2.669898e+01 3.277975e+00 -4.750000e+01
      vertex   2.618848e+01 3.203422e+00 -4.750000e+01
      vertex   2.614782e+01 3.332384e+00 -4.750000e+01
    endloop
  endfacet
  facet normal 0.000000e+00 0.000000e+00 -1.000000e+00
    outer loop
      vertex   2.669898e+01 3.277975e+00 -4.750000e+01
      vertex   2.614782e+01 3.332384e+00 -4.750000e+01
      vertex   2.665392e+01 3.386760e+00 -4.750000e+01
    endloop
  endfacet
  facet normal -0.000000e+00 0.000000e+00 -1.000000e+00
    outer loop
      vertex   2.665392e+01 3.386760e+00 -4.750000e+01
      vertex   2.614782e+01 3.332384e+00 -4.750000e+01
      vertex   2.611855e+01 3.464399e+00 -4.750000e+01
    endloop
  endfacet
  facet normal 0.000000e+00 0.000000e+00 -1.000000e+00
    outer loop
      vertex   2.665392e+01 3.386760e+00 -4.750000e+01
      vertex   2.611855e+01 3.464399e+00 -4.750000e+01
      vertex   2.662133e+01 3.499906e+00 -4.750000e+01
    endloop
  endfacet
  facet normal -0.000000e+00 0.000000e+00 -1.000000e+00
    outer loop
      vertex   2.662133e+01 3.499906e+00 -4.750000e+01
      vertex   2.611855e+01 3.464399e+00 -4.750000e+01
      vertex   2.610090e+01 3.598462e+00 -4.750000e+01
    endloop
  endfacet
  facet normal 0.000000e+00 0.000000e+00 -1.000000e+00
    outer loop
      vertex   2.662133e+01 3.499906e+00 -4.750000e+01
      vertex   2.610090e+01 3.598462e+00 -4.750000e+01
      vertex   2.660160e+01 3.615991e+00 -4.750000e+01
    endloop
  endfacet
  facet normal -0.000000e+00 0.000000e+00 -1.000000e+00
    outer loop
      vertex   2.660160e+01 3.615991e+00 -4.750000e+01
      vertex   2.610090e+01 3.598462e+00 -4.750000e+01
      vertex   2.609500e+01 3.733553e+00 -4.750000e+01
    endloop
  endfacet
  facet normal 0.000000e+00 0.000000e+00 -1.000000e+00
    outer loop
      vertex   2.660160e+01 3.615991e+00 -4.750000e+01
      vertex   2.609500e+01 3.733553e+00 -4.750000e+01
      vertex   2.659500e+01 3.733553e+00 -4.750000e+01
    endloop
  endfacet
  facet normal 0.000000e+00 0.000000e+00 -1.000000e+00
    outer loop
      vertex   2.659500e+01 3.733553e+00 -4.750000e+01
      vertex   2.609500e+01 3.733553e+00 -4.750000e+01
      vertex   2.659500e+01 6.250000e+00 -4.750000e+01
    endloop
  endfacet
  facet normal -0.000000e+00 0.000000e+00 -1.000000e+00
    outer loop
      vertex   2.659500e+01 6.250000e+00 -4.750000e+01
      vertex   2.609500e+01 3.733553e+00 -4.750000e+01
      vertex   2.609500e+01 6.250000e+00 -4.750000e+01
    endloop
  endfacet
  facet normal 0.000000e+00 -0.000000e+00 -1.000000e+00
    outer loop
      vertex   3.435901e+01 2.086602e+00 -4.750000e+01
      vertex   3.464262e+01 1.632815e+00 -4.750000e+01
      vertex   3.424145e+01 2.080000e+00 -4.750000e+01
    endloop
  endfacet
  facet normal 0.000000e+00 0.000000e+00 -1.000000e+00
    outer loop
      vertex   3.424145e+01 2.080000e+00 -4.750000e+01
      vertex   3.464262e+01 1.632815e+00 -4.750000e+01
      vertex   3.451060e+01 1.603548e+00 -4.750000e+01
    endloop
  endfacet
  facet normal 0.000000e+00 0.000000e+00 -1.000000e+00
    outer loop
      vertex   3.424145e+01 2.080000e+00 -4.750000e+01
      vertex   3.451060e+01 1.603548e+00 -4.750000e+01
      vertex   3.437654e+01 1.585898e+00 -4.750000e+01
    endloop
  endfacet
  facet normal 0.000000e+00 -0.000000e+00 -1.000000e+00
    outer loop
      vertex   3.447509e+01 2.106326e+00 -4.750000e+01
      vertex   3.489651e+01 1.725223e+00 -4.750000e+01
      vertex   3.435901e+01 2.086602e+00 -4.750000e+01
    endloop
  endfacet
  facet normal 0.000000e+00 0.000000e+00 -1.000000e+00
    outer loop
      vertex   3.435901e+01 2.086602e+00 -4.750000e+01
      vertex   3.489651e+01 1.725223e+00 -4.750000e+01
      vertex   3.477158e+01 1.673476e+00 -4.750000e+01
    endloop
  endfacet
  facet normal 0.000000e+00 0.000000e+00 -1.000000e+00
    outer loop
      vertex   3.435901e+01 2.086602e+00 -4.750000e+01
      vertex   3.477158e+01 1.673476e+00 -4.750000e+01
      vertex   3.464262e+01 1.632815e+00 -4.750000e+01
    endloop
  endfacet
  facet normal 0.000000e+00 -0.000000e+00 -1.000000e+00
    outer loop
      vertex   3.458824e+01 2.138923e+00 -4.750000e+01
      vertex   3.513049e+01 1.860314e+00 -4.750000e+01
      vertex   3.447509e+01 2.106326e+00 -4.750000e+01
    endloop
  endfacet
  facet normal 0.000000e+00 0.000000e+00 -1.000000e+00
    outer loop
      vertex   3.447509e+01 2.106326e+00 -4.750000e+01
      vertex   3.513049e+01 1.860314e+00 -4.750000e+01
      vertex   3.501645e+01 1.787661e+00 -4.750000e+01
    endloop
  endfacet
  facet normal 0.000000e+00 0.000000e+00 -1.000000e+00
    outer loop
      vertex   3.447509e+01 2.106326e+00 -4.750000e+01
      vertex   3.501645e+01 1.787661e+00 -4.750000e+01
      vertex   3.489651e+01 1.725223e+00 -4.750000e+01
    endloop
  endfacet
  facet normal 0.000000e+00 0.000000e+00 -1.000000e+00
    outer loop
      vertex   3.513049e+01 1.860314e+00 -4.750000e+01
      vertex   3.458824e+01 2.138923e+00 -4.750000e+01
      vertex   3.523777e+01 1.942631e+00 -4.750000e+01
    endloop
  endfacet
  facet normal 0.000000e+00 0.000000e+00 -1.000000e+00
    outer loop
      vertex   3.523777e+01 1.942631e+00 -4.750000e+01
      vertex   3.458824e+01 2.138923e+00 -4.750000e+01
      vertex   3.469702e+01 2.183983e+00 -4.750000e+01
    endloop
  endfacet
  facet normal 0.000000e+00 0.000000e+00 -1.000000e+00
    outer loop
      vertex   3.523777e+01 1.942631e+00 -4.750000e+01
      vertex   3.469702e+01 2.183983e+00 -4.750000e+01
      vertex   3.533746e+01 2.033984e+00 -4.750000e+01
    endloop
  endfacet
  facet normal 0.000000e+00 0.000000e+00 -1.000000e+00
    outer loop
      vertex   3.533746e+01 2.033984e+00 -4.750000e+01
      vertex   3.469702e+01 2.183983e+00 -4.750000e+01
      vertex   3.480008e+01 2.240940e+00 -4.750000e+01
    endloop
  endfacet
  facet normal 0.000000e+00 0.000000e+00 -1.000000e+00
    outer loop
      vertex   3.533746e+01 2.033984e+00 -4.750000e+01
      vertex   3.480008e+01 2.240940e+00 -4.750000e+01
      vertex   3.489611e+01 2.309077e+00 -4.750000e+01
    endloop
  endfacet
  facet normal 0.000000e+00 0.000000e+00 -1.000000e+00
    outer loop
      vertex   3.489611e+01 2.309077e+00 -4.750000e+01
      vertex   3.498391e+01 2.387538e+00 -4.750000e+01
      vertex   3.533746e+01 2.033984e+00 -4.750000e+01
    endloop
  endfacet
  facet normal 0.000000e+00 0.000000e+00 -1.000000e+00
    outer loop
      vertex   3.533746e+01 2.033984e+00 -4.750000e+01
      vertex   3.498391e+01 2.387538e+00 -4.750000e+01
      vertex   3.594102e+01 2.637538e+00 -4.750000e+01
    endloop
  endfacet
  facet normal -0.000000e+00 0.000000e+00 -1.000000e+00
    outer loop
      vertex   3.594102e+01 2.637538e+00 -4.750000e+01
      vertex   3.498391e+01 2.387538e+00 -4.750000e+01
      vertex   3.558746e+01 2.991091e+00 -4.750000e+01
    endloop
  endfacet
  facet normal 0.000000e+00 0.000000e+00 -1.000000e+00
    outer loop
      vertex   3.594102e+01 2.637538e+00 -4.750000e+01
      vertex   3.558746e+01 2.991091e+00 -4.750000e+01
      vertex   3.603237e+01 2.737233e+00 -4.750000e+01
    endloop
  endfacet
  facet normal 0.000000e+00 0.000000e+00 -1.000000e+00
    outer loop
      vertex   3.603237e+01 2.737233e+00 -4.750000e+01
      vertex   3.558746e+01 2.991091e+00 -4.750000e+01
      vertex   3.611469e+01 2.844510e+00 -4.750000e+01
    endloop
  endfacet
  facet normal 0.000000e+00 0.000000e+00 -1.000000e+00
    outer loop
      vertex   3.611469e+01 2.844510e+00 -4.750000e+01
      vertex   3.558746e+01 2.991091e+00 -4.750000e+01
      vertex   3.618734e+01 2.958553e+00 -4.750000e+01
    endloop
  endfacet
  facet normal 0.000000e+00 0.000000e+00 -1.000000e+00
    outer loop
      vertex   3.618734e+01 2.958553e+00 -4.750000e+01
      vertex   3.558746e+01 2.991091e+00 -4.750000e+01
      vertex   3.566592e+01 3.078889e+00 -4.750000e+01
    endloop
  endfacet
  facet normal 0.000000e+00 0.000000e+00 -1.000000e+00
    outer loop
      vertex   3.618734e+01 2.958553e+00 -4.750000e+01
      vertex   3.566592e+01 3.078889e+00 -4.750000e+01
      vertex   3.624978e+01 3.078495e+00 -4.750000e+01
    endloop
  endfacet
  facet normal 0.000000e+00 0.000000e+00 -1.000000e+00
    outer loop
      vertex   3.624978e+01 3.078495e+00 -4.750000e+01
      vertex   3.566592e+01 3.078889e+00 -4.750000e+01
      vertex   3.573406e+01 3.174920e+00 -4.750000e+01
    endloop
  endfacet
  facet normal 0.000000e+00 0.000000e+00 -1.000000e+00
    outer loop
      vertex   3.624978e+01 3.078495e+00 -4.750000e+01
      vertex   3.573406e+01 3.174920e+00 -4.750000e+01
      vertex   3.630152e+01 3.203422e+00 -4.750000e+01
    endloop
  endfacet
  facet normal -0.000000e+00 0.000000e+00 -1.000000e+00
    outer loop
      vertex   3.630152e+01 3.203422e+00 -4.750000e+01
      vertex   3.573406e+01 3.174920e+00 -4.750000e+01
      vertex   3.579102e+01 3.277975e+00 -4.750000e+01
    endloop
  endfacet
  facet normal 0.000000e+00 0.000000e+00 -1.000000e+00
    outer loop
      vertex   3.630152e+01 3.203422e+00 -4.750000e+01
      vertex   3.579102e+01 3.277975e+00 -4.750000e+01
      vertex   3.634219e+01 3.332384e+00 -4.750000e+01
    endloop
  endfacet
  facet normal -0.000000e+00 0.000000e+00 -1.000000e+00
    outer loop
      vertex   3.634219e+01 3.332384e+00 -4.750000e+01
      vertex   3.579102e+01 3.277975e+00 -4.750000e+01
      vertex   3.583608e+01 3.386760e+00 -4.750000e+01
    endloop
  endfacet
  facet normal 0.000000e+00 0.000000e+00 -1.000000e+00
    outer loop
      vertex   3.634219e+01 3.332384e+00 -4.750000e+01
      vertex   3.583608e+01 3.386760e+00 -4.750000e+01
      vertex   3.637145e+01 3.464399e+00 -4.750000e+01
    endloop
  endfacet
  facet normal -0.000000e+00 0.000000e+00 -1.000000e+00
    outer loop
      vertex   3.637145e+01 3.464399e+00 -4.750000e+01
      vertex   3.583608e+01 3.386760e+00 -4.750000e+01
      vertex   3.586867e+01 3.499906e+00 -4.750000e+01
    endloop
  endfacet
  facet normal 0.000000e+00 0.000000e+00 -1.000000e+00
    outer loop
      vertex   3.637145e+01 3.464399e+00 -4.750000e+01
      vertex   3.586867e+01 3.499906e+00 -4.750000e+01
      vertex   3.638910e+01 3.598462e+00 -4.750000e+01
    endloop
  endfacet
  facet normal -0.000000e+00 0.000000e+00 -1.000000e+00
    outer loop
      vertex   3.638910e+01 3.598462e+00 -4.750000e+01
      vertex   3.586867e+01 3.499906e+00 -4.750000e+01
      vertex   3.588840e+01 3.615991e+00 -4.750000e+01
    endloop
  endfacet
  facet normal 0.000000e+00 0.000000e+00 -1.000000e+00
    outer loop
      vertex   3.638910e+01 3.598462e+00 -4.750000e+01
      vertex   3.588840e+01 3.615991e+00 -4.750000e+01
      vertex   3.639500e+01 3.733553e+00 -4.750000e+01
    endloop
  endfacet
  facet normal -0.000000e+00 0.000000e+00 -1.000000e+00
    outer loop
      vertex   3.639500e+01 3.733553e+00 -4.750000e+01
      vertex   3.588840e+01 3.615991e+00 -4.750000e+01
      vertex   3.589500e+01 3.733553e+00 -4.750000e+01
    endloop
  endfacet
  facet normal 0.000000e+00 0.000000e+00 -1.000000e+00
    outer loop
      vertex   3.639500e+01 3.733553e+00 -4.750000e+01
      vertex   3.589500e+01 3.733553e+00 -4.750000e+01
      vertex   3.639500e+01 6.250000e+00 -4.750000e+01
    endloop
  endfacet
  facet normal -0.000000e+00 0.000000e+00 -1.000000e+00
    outer loop
      vertex   3.639500e+01 6.250000e+00 -4.750000e+01
      vertex   3.589500e+01 3.733553e+00 -4.750000e+01
      vertex   3.589500e+01 6.250000e+00 -4.750000e+01
    endloop
  endfacet
  facet normal 0.000000e+00 9.969173e-01 -7.845910e-02
    outer loop
      vertex   2.824855e+01 1.080000e+00 -4.800000e+01
      vertex   3.124500e+01 1.086156e+00 -4.792178e+01
      vertex   3.424145e+01 1.080000e+00 -4.800000e+01
    endloop
  endfacet
  facet normal 0.000000e+00 9.969173e-01 -7.845910e-02
    outer loop
      vertex   3.424145e+01 1.080000e+00 -4.800000e+01
      vertex   3.124500e+01 1.086156e+00 -4.792178e+01
      vertex   3.274322e+01 1.086156e+00 -4.792178e+01
    endloop
  endfacet
  facet normal 4.431837e-16 9.969173e-01 -7.845910e-02
    outer loop
      vertex   3.424145e+01 1.080000e+00 -4.800000e+01
      vertex   3.274322e+01 1.086156e+00 -4.792178e+01
      vertex   3.424145e+01 1.086156e+00 -4.792178e+01
    endloop
  endfacet
  facet normal 4.323311e-16 9.723699e-01 -2.334454e-01
    outer loop
      vertex   3.424145e+01 1.086156e+00 -4.792178e+01
      vertex   3.274322e+01 1.086156e+00 -4.792178e+01
      vertex   3.424145e+01 1.104472e+00 -4.784549e+01
    endloop
  endfacet
  facet normal -1.441104e-16 9.723699e-01 -2.334454e-01
    outer loop
      vertex   3.424145e+01 1.104472e+00 -4.784549e+01
      vertex   3.274322e+01 1.086156e+00 -4.792178e+01
      vertex   3.274322e+01 1.104472e+00 -4.784549e+01
    endloop
  endfacet
  facet normal -1.369238e-16 9.238795e-01 -3.826834e-01
    outer loop
      vertex   3.424145e+01 1.104472e+00 -4.784549e+01
      vertex   3.274322e+01 1.104472e+00 -4.784549e+01
      vertex   3.424145e+01 1.134497e+00 -4.777300e+01
    endloop
  endfacet
  facet normal 8.215430e-16 9.238795e-01 -3.826834e-01
    outer loop
      vertex   3.424145e+01 1.134497e+00 -4.777300e+01
      vertex   3.274322e+01 1.104472e+00 -4.784549e+01
      vertex   3.274322e+01 1.134497e+00 -4.777300e+01
    endloop
  endfacet
  facet normal 7.581946e-16 8.526402e-01 -5.224986e-01
    outer loop
      vertex   3.424145e+01 1.134497e+00 -4.777300e+01
      vertex   3.274322e+01 1.134497e+00 -4.777300e+01
      vertex   3.424145e+01 1.175492e+00 -4.770611e+01
    endloop
  endfacet
  facet normal -5.054631e-16 8.526402e-01 -5.224986e-01
    outer loop
      vertex   3.424145e+01 1.175492e+00 -4.770611e+01
      vertex   3.274322e+01 1.134497e+00 -4.777300e+01
      vertex   3.274322e+01 1.175492e+00 -4.770611e+01
    endloop
  endfacet
  facet normal -4.507847e-16 7.604060e-01 -6.494480e-01
    outer loop
      vertex   3.424145e+01 1.175492e+00 -4.770611e+01
      vertex   3.274322e+01 1.175492e+00 -4.770611e+01
      vertex   3.424145e+01 1.226447e+00 -4.764645e+01
    endloop
  endfacet
  facet normal -1.126962e-16 7.604060e-01 -6.494480e-01
    outer loop
      vertex   3.424145e+01 1.226447e+00 -4.764645e+01
      vertex   3.274322e+01 1.175492e+00 -4.770611e+01
      vertex   3.274322e+01 1.226447e+00 -4.764645e+01
    endloop
  endfacet
  facet normal -9.625163e-17 6.494480e-01 -7.604060e-01
    outer loop
      vertex   3.424145e+01 1.226447e+00 -4.764645e+01
      vertex   3.274322e+01 1.226447e+00 -4.764645e+01
      vertex   3.424145e+01 1.286107e+00 -4.759549e+01
    endloop
  endfacet
  facet normal 5.775098e-16 6.494480e-01 -7.604060e-01
    outer loop
      vertex   3.424145e+01 1.286107e+00 -4.759549e+01
      vertex   3.274322e+01 1.226447e+00 -4.764645e+01
      vertex   3.274322e+01 1.286107e+00 -4.759549e+01
    endloop
  endfacet
  facet normal 4.646223e-16 5.224986e-01 -8.526402e-01
    outer loop
      vertex   3.424145e+01 1.286107e+00 -4.759549e+01
      vertex   3.274322e+01 1.286107e+00 -4.759549e+01
      vertex   3.424145e+01 1.353005e+00 -4.755450e+01
    endloop
  endfacet
  facet normal 3.097482e-16 5.224986e-01 -8.526402e-01
    outer loop
      vertex   3.424145e+01 1.353005e+00 -4.755450e+01
      vertex   3.274322e+01 1.286107e+00 -4.759549e+01
      vertex   3.274322e+01 1.353005e+00 -4.755450e+01
    endloop
  endfacet
  facet normal 2.268628e-16 3.826834e-01 -9.238795e-01
    outer loop
      vertex   3.424145e+01 1.353005e+00 -4.755450e+01
      vertex   3.274322e+01 1.353005e+00 -4.755450e+01
      vertex   3.424145e+01 1.425492e+00 -4.752447e+01
    endloop
  endfacet
  facet normal -2.268628e-16 3.826834e-01 -9.238795e-01
    outer loop
      vertex   3.424145e+01 1.425492e+00 -4.752447e+01
      vertex   3.274322e+01 1.353005e+00 -4.755450e+01
      vertex   3.274322e+01 1.425492e+00 -4.752447e+01
    endloop
  endfacet
  facet normal -1.383913e-16 2.334454e-01 -9.723699e-01
    outer loop
      vertex   3.424145e+01 1.425492e+00 -4.752447e+01
      vertex   3.274322e+01 1.425492e+00 -4.752447e+01
      vertex   3.424145e+01 1.501783e+00 -4.750616e+01
    endloop
  endfacet
  facet normal 6.919567e-17 2.334454e-01 -9.723699e-01
    outer loop
      vertex   3.424145e+01 1.501783e+00 -4.750616e+01
      vertex   3.274322e+01 1.425492e+00 -4.752447e+01
      vertex   3.274322e+01 1.501783e+00 -4.750616e+01
    endloop
  endfacet
  facet normal 2.325610e-17 7.845910e-02 -9.969173e-01
    outer loop
      vertex   3.424145e+01 1.501783e+00 -4.750616e+01
      vertex   3.274322e+01 1.501783e+00 -4.750616e+01
      vertex   3.424145e+01 1.580000e+00 -4.750000e+01
    endloop
  endfacet
  facet normal 0.000000e+00 7.845910e-02 -9.969173e-01
    outer loop
      vertex   3.424145e+01 1.580000e+00 -4.750000e+01
      vertex   3.274322e+01 1.501783e+00 -4.750616e+01
      vertex   3.124500e+01 1.501783e+00 -4.750616e+01
    endloop
  endfacet
  facet normal 0.000000e+00 7.845910e-02 -9.969173e-01
    outer loop
      vertex   3.424145e+01 1.580000e+00 -4.750000e+01
      vertex   3.124500e+01 1.501783e+00 -4.750616e+01
      vertex   2.824855e+01 1.580000e+00 -4.750000e+01
    endloop
  endfacet
  facet normal 0.000000e+00 7.845910e-02 -9.969173e-01
    outer loop
      vertex   2.824855e+01 1.580000e+00 -4.750000e+01
      vertex   3.124500e+01 1.501783e+00 -4.750616e+01
      vertex   2.974678e+01 1.501783e+00 -4.750616e+01
    endloop
  endfacet
  facet normal -2.305847e-17 7.845910e-02 -9.969173e-01
    outer loop
      vertex   2.824855e+01 1.580000e+00 -4.750000e+01
      vertex   2.974678e+01 1.501783e+00 -4.750616e+01
      vertex   2.824855e+01 1.501783e+00 -4.750616e+01
    endloop
  endfacet
  facet normal -6.919567e-17 2.334454e-01 -9.723699e-01
    outer loop
      vertex   2.824855e+01 1.501783e+00 -4.750616e+01
      vertex   2.974678e+01 1.501783e+00 -4.750616e+01
      vertex   2.824855e+01 1.425492e+00 -4.752447e+01
    endloop
  endfacet
  facet normal 1.383913e-16 2.334454e-01 -9.723699e-01
    outer loop
      vertex   2.824855e+01 1.425492e+00 -4.752447e+01
      vertex   2.974678e+01 1.501783e+00 -4.750616e+01
      vertex   2.974678e+01 1.425492e+00 -4.752447e+01
    endloop
  endfacet
  facet normal 2.268628e-16 3.826834e-01 -9.238795e-01
    outer loop
      vertex   2.824855e+01 1.425492e+00 -4.752447e+01
      vertex   2.974678e+01 1.425492e+00 -4.752447e+01
      vertex   2.824855e+01 1.353005e+00 -4.755450e+01
    endloop
  endfacet
  facet normal -2.268628e-16 3.826834e-01 -9.238795e-01
    outer loop
      vertex   2.824855e+01 1.353005e+00 -4.755450e+01
      vertex   2.974678e+01 1.425492e+00 -4.752447e+01
      vertex   2.974678e+01 1.353005e+00 -4.755450e+01
    endloop
  endfacet
  facet normal -3.097482e-16 5.224986e-01 -8.526402e-01
    outer loop
      vertex   2.824855e+01 1.353005e+00 -4.755450e+01
      vertex   2.974678e+01 1.353005e+00 -4.755450e+01
      vertex   2.824855e+01 1.286107e+00 -4.759549e+01
    endloop
  endfacet
  facet normal -4.646223e-16 5.224986e-01 -8.526402e-01
    outer loop
      vertex   2.824855e+01 1.286107e+00 -4.759549e+01
      vertex   2.974678e+01 1.353005e+00 -4.755450e+01
      vertex   2.974678e+01 1.286107e+00 -4.759549e+01
    endloop
  endfacet
  facet normal -5.775098e-16 6.494480e-01 -7.604060e-01
    outer loop
      vertex   2.824855e+01 1.286107e+00 -4.759549e+01
      vertex   2.974678e+01 1.286107e+00 -4.759549e+01
      vertex   2.824855e+01 1.226447e+00 -4.764645e+01
    endloop
  endfacet
  facet normal 9.625163e-17 6.494480e-01 -7.604060e-01
    outer loop
      vertex   2.824855e+01 1.226447e+00 -4.764645e+01
      vertex   2.974678e+01 1.286107e+00 -4.759549e+01
      vertex   2.974678e+01 1.226447e+00 -4.764645e+01
    endloop
  endfacet
  facet normal 1.126962e-16 7.604060e-01 -6.494480e-01
    outer loop
      vertex   2.824855e+01 1.226447e+00 -4.764645e+01
      vertex   2.974678e+01 1.226447e+00 -4.764645e+01
      vertex   2.824855e+01 1.175492e+00 -4.770611e+01
    endloop
  endfacet
  facet normal 4.507847e-16 7.604060e-01 -6.494480e-01
    outer loop
      vertex   2.824855e+01 1.175492e+00 -4.770611e+01
      vertex   2.974678e+01 1.226447e+00 -4.764645e+01
      vertex   2.974678e+01 1.175492e+00 -4.770611e+01
    endloop
  endfacet
  facet normal 5.054631e-16 8.526402e-01 -5.224986e-01
    outer loop
      vertex   2.824855e+01 1.175492e+00 -4.770611e+01
      vertex   2.974678e+01 1.175492e+00 -4.770611e+01
      vertex   2.824855e+01 1.134497e+00 -4.777300e+01
    endloop
  endfacet
  facet normal -7.581946e-16 8.526402e-01 -5.224986e-01
    outer loop
      vertex   2.824855e+01 1.134497e+00 -4.777300e+01
      vertex   2.974678e+01 1.175492e+00 -4.770611e+01
      vertex   2.974678e+01 1.134497e+00 -4.777300e+01
    endloop
  endfacet
  facet normal -8.215430e-16 9.238795e-01 -3.826834e-01
    outer loop
      vertex   2.824855e+01 1.134497e+00 -4.777300e+01
      vertex   2.974678e+01 1.134497e+00 -4.777300e+01
      vertex   2.824855e+01 1.104472e+00 -4.784549e+01
    endloop
  endfacet
  facet normal 1.369238e-16 9.238795e-01 -3.826834e-01
    outer loop
      vertex   2.824855e+01 1.104472e+00 -4.784549e+01
      vertex   2.974678e+01 1.134497e+00 -4.777300e+01
      vertex   2.974678e+01 1.104472e+00 -4.784549e+01
    endloop
  endfacet
  facet normal 1.441104e-16 9.723699e-01 -2.334454e-01
    outer loop
      vertex   2.824855e+01 1.104472e+00 -4.784549e+01
      vertex   2.974678e+01 1.104472e+00 -4.784549e+01
      vertex   2.824855e+01 1.086156e+00 -4.792178e+01
    endloop
  endfacet
  facet normal -4.323311e-16 9.723699e-01 -2.334454e-01
    outer loop
      vertex   2.824855e+01 1.086156e+00 -4.792178e+01
      vertex   2.974678e+01 1.104472e+00 -4.784549e+01
      vertex   2.974678e+01 1.086156e+00 -4.792178e+01
    endloop
  endfacet
  facet normal -4.432452e-16 9.969173e-01 -7.845910e-02
    outer loop
      vertex   2.824855e+01 1.086156e+00 -4.792178e+01
      vertex   2.974678e+01 1.086156e+00 -4.792178e+01
      vertex   2.824855e+01 1.080000e+00 -4.800000e+01
    endloop
  endfacet
  facet normal 0.000000e+00 9.969173e-01 -7.845910e-02
    outer loop
      vertex   2.824855e+01 1.080000e+00 -4.800000e+01
      vertex   2.974678e+01 1.086156e+00 -4.792178e+01
      vertex   3.124500e+01 1.086156e+00 -4.792178e+01
    endloop
  endfacet
  facet normal 0.000000e+00 9.723699e-01 -2.334454e-01
    outer loop
      vertex   3.274322e+01 1.104472e+00 -4.784549e+01
      vertex   3.274322e+01 1.086156e+00 -4.792178e+01
      vertex   3.124500e+01 1.086156e+00 -4.792178e+01
    endloop
  endfacet
  facet normal 0.000000e+00 9.723699e-01 -2.334454e-01
    outer loop
      vertex   3.124500e+01 1.086156e+00 -4.792178e+01
      vertex   2.974678e+01 1.086156e+00 -4.792178e+01
      vertex   3.124500e+01 1.104472e+00 -4.784549e+01
    endloop
  endfacet
  facet normal 0.000000e+00 9.723699e-01 -2.334454e-01
    outer loop
      vertex   3.124500e+01 1.104472e+00 -4.784549e+01
      vertex   2.974678e+01 1.086156e+00 -4.792178e+01
      vertex   2.974678e+01 1.104472e+00 -4.784549e+01
    endloop
  endfacet
  facet normal 0.000000e+00 9.238795e-01 -3.826834e-01
    outer loop
      vertex   3.124500e+01 1.104472e+00 -4.784549e+01
      vertex   2.974678e+01 1.104472e+00 -4.784549e+01
      vertex   3.124500e+01 1.134497e+00 -4.777300e+01
    endloop
  endfacet
  facet normal 0.000000e+00 9.238795e-01 -3.826834e-01
    outer loop
      vertex   3.124500e+01 1.134497e+00 -4.777300e+01
      vertex   2.974678e+01 1.104472e+00 -4.784549e+01
      vertex   2.974678e+01 1.134497e+00 -4.777300e+01
    endloop
  endfacet
  facet normal 0.000000e+00 8.526402e-01 -5.224986e-01
    outer loop
      vertex   3.124500e+01 1.134497e+00 -4.777300e+01
      vertex   2.974678e+01 1.134497e+00 -4.777300e+01
      vertex   3.124500e+01 1.175492e+00 -4.770611e+01
    endloop
  endfacet
  facet normal 0.000000e+00 8.526402e-01 -5.224986e-01
    outer loop
      vertex   3.124500e+01 1.175492e+00 -4.770611e+01
      vertex   2.974678e+01 1.134497e+00 -4.777300e+01
      vertex   2.974678e+01 1.175492e+00 -4.770611e+01
    endloop
  endfacet
  facet normal 0.000000e+00 7.604060e-01 -6.494480e-01
    outer loop
      vertex   3.124500e+01 1.175492e+00 -4.770611e+01
      vertex   2.974678e+01 1.175492e+00 -4.770611e+01
      vertex   3.124500e+01 1.226447e+00 -4.764645e+01
    endloop
  endfacet
  facet normal 0.000000e+00 7.604060e-01 -6.494480e-01
    outer loop
      vertex   3.124500e+01 1.226447e+00 -4.764645e+01
      vertex   2.974678e+01 1.175492e+00 -4.770611e+01
      vertex   2.974678e+01 1.226447e+00 -4.764645e+01
    endloop
  endfacet
  facet normal 0.000000e+00 6.494480e-01 -7.604060e-01
    outer loop
      vertex   3.124500e+01 1.226447e+00 -4.764645e+01
      vertex   2.974678e+01 1.226447e+00 -4.764645e+01
      vertex   3.124500e+01 1.286107e+00 -4.759549e+01
    endloop
  endfacet
  facet normal 0.000000e+00 6.494480e-01 -7.604060e-01
    outer loop
      vertex   3.124500e+01 1.286107e+00 -4.759549e+01
      vertex   2.974678e+01 1.226447e+00 -4.764645e+01
      vertex   2.974678e+01 1.286107e+00 -4.759549e+01
    endloop
  endfacet
  facet normal 0.000000e+00 5.224986e-01 -8.526402e-01
    outer loop
      vertex   3.124500e+01 1.286107e+00 -4.759549e+01
      vertex   2.974678e+01 1.286107e+00 -4.759549e+01
      vertex   3.124500e+01 1.353005e+00 -4.755450e+01
    endloop
  endfacet
  facet normal 0.000000e+00 5.224986e-01 -8.526402e-01
    outer loop
      vertex   3.124500e+01 1.353005e+00 -4.755450e+01
      vertex   2.974678e+01 1.286107e+00 -4.759549e+01
      vertex   2.974678e+01 1.353005e+00 -4.755450e+01
    endloop
  endfacet
  facet normal 0.000000e+00 3.826834e-01 -9.238795e-01
    outer loop
      vertex   3.124500e+01 1.353005e+00 -4.755450e+01
      vertex   2.974678e+01 1.353005e+00 -4.755450e+01
      vertex   3.124500e+01 1.425492e+00 -4.752447e+01
    endloop
  endfacet
  facet normal 0.000000e+00 3.826834e-01 -9.238795e-01
    outer loop
      vertex   3.124500e+01 1.425492e+00 -4.752447e+01
      vertex   2.974678e+01 1.353005e+00 -4.755450e+01
      vertex   2.974678e+01 1.425492e+00 -4.752447e+01
    endloop
  endfacet
  facet normal 0.000000e+00 2.334454e-01 -9.723699e-01
    outer loop
      vertex   3.124500e+01 1.425492e+00 -4.752447e+01
      vertex   2.974678e+01 1.425492e+00 -4.752447e+01
      vertex   3.124500e+01 1.501783e+00 -4.750616e+01
    endloop
  endfacet
  facet normal 0.000000e+00 2.334454e-01 -9.723699e-01
    outer loop
      vertex   3.124500e+01 1.501783e+00 -4.750616e+01
      vertex   2.974678e+01 1.425492e+00 -4.752447e+01
      vertex   2.974678e+01 1.501783e+00 -4.750616e+01
    endloop
  endfacet
  facet normal 0.000000e+00 9.238795e-01 -3.826834e-01
    outer loop
      vertex   3.274322e+01 1.134497e+00 -4.777300e+01
      vertex   3.274322e+01 1.104472e+00 -4.784549e+01
      vertex   3.124500e+01 1.104472e+00 -4.784549e+01
    endloop
  endfacet
  facet normal 0.000000e+00 9.723699e-01 -2.334454e-01
    outer loop
      vertex   3.124500e+01 1.104472e+00 -4.784549e+01
      vertex   3.274322e+01 1.104472e+00 -4.784549e+01
      vertex   3.124500e+01 1.086156e+00 -4.792178e+01
    endloop
  endfacet
  facet normal 0.000000e+00 9.238795e-01 -3.826834e-01
    outer loop
      vertex   3.274322e+01 1.134497e+00 -4.777300e+01
      vertex   3.124500e+01 1.104472e+00 -4.784549e+01
      vertex   3.124500e+01 1.134497e+00 -4.777300e+01
    endloop
  endfacet
  facet normal 0.000000e+00 8.526402e-01 -5.224986e-01
    outer loop
      vertex   3.274322e+01 1.175492e+00 -4.770611e+01
      vertex   3.274322e+01 1.134497e+00 -4.777300e+01
      vertex   3.124500e+01 1.134497e+00 -4.777300e+01
    endloop
  endfacet
  facet normal 0.000000e+00 8.526402e-01 -5.224986e-01
    outer loop
      vertex   3.274322e+01 1.175492e+00 -4.770611e+01
      vertex   3.124500e+01 1.134497e+00 -4.777300e+01
      vertex   3.124500e+01 1.175492e+00 -4.770611e+01
    endloop
  endfacet
  facet normal 0.000000e+00 7.604060e-01 -6.494480e-01
    outer loop
      vertex   3.274322e+01 1.226447e+00 -4.764645e+01
      vertex   3.274322e+01 1.175492e+00 -4.770611e+01
      vertex   3.124500e+01 1.175492e+00 -4.770611e+01
    endloop
  endfacet
  facet normal 0.000000e+00 7.604060e-01 -6.494480e-01
    outer loop
      vertex   3.274322e+01 1.226447e+00 -4.764645e+01
      vertex   3.124500e+01 1.175492e+00 -4.770611e+01
      vertex   3.124500e+01 1.226447e+00 -4.764645e+01
    endloop
  endfacet
  facet normal 0.000000e+00 6.494480e-01 -7.604060e-01
    outer loop
      vertex   3.274322e+01 1.286107e+00 -4.759549e+01
      vertex   3.274322e+01 1.226447e+00 -4.764645e+01
      vertex   3.124500e+01 1.226447e+00 -4.764645e+01
    endloop
  endfacet
  facet normal 0.000000e+00 6.494480e-01 -7.604060e-01
    outer loop
      vertex   3.274322e+01 1.286107e+00 -4.759549e+01
      vertex   3.124500e+01 1.226447e+00 -4.764645e+01
      vertex   3.124500e+01 1.286107e+00 -4.759549e+01
    endloop
  endfacet
  facet normal 0.000000e+00 5.224986e-01 -8.526402e-01
    outer loop
      vertex   3.274322e+01 1.353005e+00 -4.755450e+01
      vertex   3.274322e+01 1.286107e+00 -4.759549e+01
      vertex   3.124500e+01 1.286107e+00 -4.759549e+01
    endloop
  endfacet
  facet normal 0.000000e+00 5.224986e-01 -8.526402e-01
    outer loop
      vertex   3.274322e+01 1.353005e+00 -4.755450e+01
      vertex   3.124500e+01 1.286107e+00 -4.759549e+01
      vertex   3.124500e+01 1.353005e+00 -4.755450e+01
    endloop
  endfacet
  facet normal 0.000000e+00 3.826834e-01 -9.238795e-01
    outer loop
      vertex   3.274322e+01 1.425492e+00 -4.752447e+01
      vertex   3.274322e+01 1.353005e+00 -4.755450e+01
      vertex   3.124500e+01 1.353005e+00 -4.755450e+01
    endloop
  endfacet
  facet normal 0.000000e+00 3.826834e-01 -9.238795e-01
    outer loop
      vertex   3.274322e+01 1.425492e+00 -4.752447e+01
      vertex   3.124500e+01 1.353005e+00 -4.755450e+01
      vertex   3.124500e+01 1.425492e+00 -4.752447e+01
    endloop
  endfacet
  facet normal 0.000000e+00 2.334454e-01 -9.723699e-01
    outer loop
      vertex   3.274322e+01 1.501783e+00 -4.750616e+01
      vertex   3.274322e+01 1.425492e+00 -4.752447e+01
      vertex   3.124500e+01 1.425492e+00 -4.752447e+01
    endloop
  endfacet
  facet normal 0.000000e+00 2.334454e-01 -9.723699e-01
    outer loop
      vertex   3.274322e+01 1.501783e+00 -4.750616e+01
      vertex   3.124500e+01 1.425492e+00 -4.752447e+01
      vertex   3.124500e+01 1.501783e+00 -4.750616e+01
    endloop
  endfacet
  facet normal 7.845910e-02 9.969154e-16 -9.969173e-01
    outer loop
      vertex   2.609500e+01 6.250000e+00 -4.750000e+01
      vertex   2.609500e+01 3.733553e+00 -4.750000e+01
      vertex   2.601678e+01 4.991777e+00 -4.750616e+01
    endloop
  endfacet
  facet normal 7.845910e-02 8.861470e-16 -9.969173e-01
    outer loop
      vertex   2.601678e+01 4.991777e+00 -4.750616e+01
      vertex   2.609500e+01 3.733553e+00 -4.750000e+01
      vertex   2.601678e+01 3.733553e+00 -4.750616e+01
    endloop
  endfacet
  facet normal 2.334454e-01 2.636621e-15 -9.723699e-01
    outer loop
      vertex   2.601678e+01 4.991777e+00 -4.750616e+01
      vertex   2.601678e+01 3.733553e+00 -4.750616e+01
      vertex   2.594049e+01 4.991777e+00 -4.752447e+01
    endloop
  endfacet
  facet normal 2.334454e-01 8.786935e-15 -9.723699e-01
    outer loop
      vertex   2.594049e+01 4.991777e+00 -4.752447e+01
      vertex   2.601678e+01 3.733553e+00 -4.750616e+01
      vertex   2.594049e+01 3.733553e+00 -4.752447e+01
    endloop
  endfacet
  facet normal 3.826834e-01 1.062004e-14 -9.238795e-01
    outer loop
      vertex   2.594049e+01 4.991777e+00 -4.752447e+01
      vertex   2.594049e+01 3.733553e+00 -4.752447e+01
      vertex   2.586800e+01 4.991777e+00 -4.755450e+01
    endloop
  endfacet
  facet normal 3.826834e-01 1.062004e-14 -9.238795e-01
    outer loop
      vertex   2.586800e+01 4.991777e+00 -4.755450e+01
      vertex   2.594049e+01 3.733553e+00 -4.752447e+01
      vertex   2.586800e+01 3.733553e+00 -4.755450e+01
    endloop
  endfacet
  facet normal 5.224986e-01 1.219164e-14 -8.526402e-01
    outer loop
      vertex   2.586800e+01 4.991777e+00 -4.755450e+01
      vertex   2.586800e+01 3.733553e+00 -4.755450e+01
      vertex   2.580111e+01 4.991777e+00 -4.759549e+01
    endloop
  endfacet
  facet normal 5.224986e-01 1.219164e-14 -8.526402e-01
    outer loop
      vertex   2.580111e+01 4.991777e+00 -4.759549e+01
      vertex   2.586800e+01 3.733553e+00 -4.755450e+01
      vertex   2.580111e+01 3.733553e+00 -4.759549e+01
    endloop
  endfacet
  facet normal 6.494480e-01 1.346305e-14 -7.604060e-01
    outer loop
      vertex   2.580111e+01 4.991777e+00 -4.759549e+01
      vertex   2.580111e+01 3.733553e+00 -4.759549e+01
      vertex   2.574145e+01 4.991777e+00 -4.764645e+01
    endloop
  endfacet
  facet normal 6.494480e-01 1.529683e-14 -7.604060e-01
    outer loop
      vertex   2.574145e+01 4.991777e+00 -4.764645e+01
      vertex   2.580111e+01 3.733553e+00 -4.759549e+01
      vertex   2.574145e+01 3.733553e+00 -4.764645e+01
    endloop
  endfacet
  facet normal 7.604060e-01 1.655003e-14 -6.494480e-01
    outer loop
      vertex   2.574145e+01 4.991777e+00 -4.764645e+01
      vertex   2.574145e+01 3.733553e+00 -4.764645e+01
      vertex   2.569049e+01 4.991777e+00 -4.770611e+01
    endloop
  endfacet
  facet normal 7.604060e-01 1.869711e-14 -6.494480e-01
    outer loop
      vertex   2.569049e+01 4.991777e+00 -4.770611e+01
      vertex   2.574145e+01 3.733553e+00 -4.764645e+01
      vertex   2.569049e+01 3.733553e+00 -4.770611e+01
    endloop
  endfacet
  facet normal 8.526402e-01 1.980323e-14 -5.224986e-01
    outer loop
      vertex   2.569049e+01 4.991777e+00 -4.770611e+01
      vertex   2.569049e+01 3.733553e+00 -4.770611e+01
      vertex   2.564950e+01 4.991777e+00 -4.777300e+01
    endloop
  endfacet
  facet normal 8.526402e-01 2.221074e-14 -5.224986e-01
    outer loop
      vertex   2.564950e+01 4.991777e+00 -4.777300e+01
      vertex   2.569049e+01 3.733553e+00 -4.770611e+01
      vertex   2.564950e+01 3.733553e+00 -4.777300e+01
    endloop
  endfacet
  facet normal 9.238795e-01 2.303038e-14 -3.826834e-01
    outer loop
      vertex   2.564950e+01 4.991777e+00 -4.777300e+01
      vertex   2.564950e+01 3.733553e+00 -4.777300e+01
      vertex   2.561947e+01 4.991777e+00 -4.784549e+01
    endloop
  endfacet
  facet normal 9.238795e-01 2.563905e-14 -3.826834e-01
    outer loop
      vertex   2.561947e+01 4.991777e+00 -4.784549e+01
      vertex   2.564950e+01 3.733553e+00 -4.777300e+01
      vertex   2.561947e+01 3.733553e+00 -4.784549e+01
    endloop
  endfacet
  facet normal 9.723699e-01 2.602852e-14 -2.334454e-01
    outer loop
      vertex   2.561947e+01 4.991777e+00 -4.784549e+01
      vertex   2.561947e+01 3.733553e+00 -4.784549e+01
      vertex   2.560116e+01 4.991777e+00 -4.792178e+01
    endloop
  endfacet
  facet normal 9.723699e-01 2.471021e-14 -2.334454e-01
    outer loop
      vertex   2.560116e+01 4.991777e+00 -4.792178e+01
      vertex   2.561947e+01 3.733553e+00 -4.784549e+01
      vertex   2.560116e+01 3.733553e+00 -4.792178e+01
    endloop
  endfacet
  facet normal 9.969173e-01 2.533402e-14 -7.845910e-02
    outer loop
      vertex   2.560116e+01 4.991777e+00 -4.792178e+01
      vertex   2.560116e+01 3.733553e+00 -4.792178e+01
      vertex   2.559500e+01 3.733553e+00 -4.800000e+01
    endloop
  endfacet
  facet normal 9.969173e-01 0.000000e+00 -7.845910e-02
    outer loop
      vertex   2.559500e+01 3.733553e+00 -4.800000e+01
      vertex   2.559500e+01 6.250000e+00 -4.800000e+01
      vertex   2.560116e+01 4.991777e+00 -4.792178e+01
    endloop
  endfacet
  facet normal 9.969173e-01 0.000000e+00 -7.845910e-02
    outer loop
      vertex   2.560116e+01 4.991777e+00 -4.792178e+01
      vertex   2.559500e+01 6.250000e+00 -4.800000e+01
      vertex   2.560116e+01 6.250000e+00 -4.792178e+01
    endloop
  endfacet
  facet normal 9.723699e-01 0.000000e+00 -2.334454e-01
    outer loop
      vertex   2.560116e+01 4.991777e+00 -4.792178e+01
      vertex   2.560116e+01 6.250000e+00 -4.792178e+01
      vertex   2.561947e+01 4.991777e+00 -4.784549e+01
    endloop
  endfacet
  facet normal 9.723699e-01 -1.318311e-15 -2.334454e-01
    outer loop
      vertex   2.561947e+01 4.991777e+00 -4.784549e+01
      vertex   2.560116e+01 6.250000e+00 -4.792178e+01
      vertex   2.561947e+01 6.250000e+00 -4.784549e+01
    endloop
  endfacet
  facet normal 9.238795e-01 -2.161086e-15 -3.826834e-01
    outer loop
      vertex   2.561947e+01 4.991777e+00 -4.784549e+01
      vertex   2.561947e+01 6.250000e+00 -4.784549e+01
      vertex   2.564950e+01 4.991777e+00 -4.777300e+01
    endloop
  endfacet
  facet normal 9.238795e-01 4.475757e-16 -3.826834e-01
    outer loop
      vertex   2.564950e+01 4.991777e+00 -4.777300e+01
      vertex   2.561947e+01 6.250000e+00 -4.784549e+01
      vertex   2.564950e+01 6.250000e+00 -4.777300e+01
    endloop
  endfacet
  facet normal 8.526402e-01 -5.431383e-16 -5.224986e-01
    outer loop
      vertex   2.564950e+01 4.991777e+00 -4.777300e+01
      vertex   2.564950e+01 6.250000e+00 -4.777300e+01
      vertex   2.569049e+01 4.991777e+00 -4.770611e+01
    endloop
  endfacet
  facet normal 8.526402e-01 -5.431383e-16 -5.224986e-01
    outer loop
      vertex   2.569049e+01 4.991777e+00 -4.770611e+01
      vertex   2.564950e+01 6.250000e+00 -4.777300e+01
      vertex   2.569049e+01 6.250000e+00 -4.770611e+01
    endloop
  endfacet
  facet normal 7.604060e-01 -1.520478e-15 -6.494480e-01
    outer loop
      vertex   2.569049e+01 4.991777e+00 -4.770611e+01
      vertex   2.569049e+01 6.250000e+00 -4.770611e+01
      vertex   2.574145e+01 4.991777e+00 -4.764645e+01
    endloop
  endfacet
  facet normal 7.604060e-01 2.773679e-15 -6.494480e-01
    outer loop
      vertex   2.574145e+01 4.991777e+00 -4.764645e+01
      vertex   2.569049e+01 6.250000e+00 -4.770611e+01
      vertex   2.574145e+01 6.250000e+00 -4.764645e+01
    endloop
  endfacet
  facet normal 6.494480e-01 1.207178e-15 -7.604060e-01
    outer loop
      vertex   2.574145e+01 4.991777e+00 -4.764645e+01
      vertex   2.574145e+01 6.250000e+00 -4.764645e+01
      vertex   2.580111e+01 4.991777e+00 -4.759549e+01
    endloop
  endfacet
  facet normal 6.494480e-01 3.040957e-15 -7.604060e-01
    outer loop
      vertex   2.580111e+01 4.991777e+00 -4.759549e+01
      vertex   2.574145e+01 6.250000e+00 -4.764645e+01
      vertex   2.580111e+01 6.250000e+00 -4.759549e+01
    endloop
  endfacet
  facet normal 5.224986e-01 1.086277e-15 -8.526402e-01
    outer loop
      vertex   2.580111e+01 4.991777e+00 -4.759549e+01
      vertex   2.580111e+01 6.250000e+00 -4.759549e+01
      vertex   2.586800e+01 4.991777e+00 -4.755450e+01
    endloop
  endfacet
  facet normal 5.224986e-01 1.086277e-15 -8.526402e-01
    outer loop
      vertex   2.586800e+01 4.991777e+00 -4.755450e+01
      vertex   2.580111e+01 6.250000e+00 -4.759549e+01
      vertex   2.586800e+01 6.250000e+00 -4.755450e+01
    endloop
  endfacet
  facet normal 3.826834e-01 -8.951513e-16 -9.238795e-01
    outer loop
      vertex   2.586800e+01 4.991777e+00 -4.755450e+01
      vertex   2.586800e+01 6.250000e+00 -4.755450e+01
      vertex   2.594049e+01 4.991777e+00 -4.752447e+01
    endloop
  endfacet
  facet normal 3.826834e-01 -1.975695e-15 -9.238795e-01
    outer loop
      vertex   2.594049e+01 4.991777e+00 -4.752447e+01
      vertex   2.586800e+01 6.250000e+00 -4.755450e+01
      vertex   2.594049e+01 6.250000e+00 -4.752447e+01
    endloop
  endfacet
  facet normal 2.334454e-01 -3.513693e-15 -9.723699e-01
    outer loop
      vertex   2.594049e+01 4.991777e+00 -4.752447e+01
      vertex   2.594049e+01 6.250000e+00 -4.752447e+01
      vertex   2.601678e+01 4.991777e+00 -4.750616e+01
    endloop
  endfacet
  facet normal 2.334454e-01 3.295776e-15 -9.723699e-01
    outer loop
      vertex   2.601678e+01 4.991777e+00 -4.750616e+01
      vertex   2.594049e+01 6.250000e+00 -4.752447e+01
      vertex   2.601678e+01 6.250000e+00 -4.750616e+01
    endloop
  endfacet
  facet normal 7.845910e-02 1.107684e-15 -9.969173e-01
    outer loop
      vertex   2.601678e+01 4.991777e+00 -4.750616e+01
      vertex   2.601678e+01 6.250000e+00 -4.750616e+01
      vertex   2.609500e+01 6.250000e+00 -4.750000e+01
    endloop
  endfacet
  facet normal 5.749298e-02 5.268261e-02 -9.969549e-01
    outer loop
      vertex   2.645763e+01 2.737233e+00 -4.750000e+01
      vertex   2.654898e+01 2.637538e+00 -4.750000e+01
      vertex   2.640689e+01 2.676111e+00 -4.750616e+01
    endloop
  endfacet
  facet normal 5.765846e-02 5.329893e-02 -9.969126e-01
    outer loop
      vertex   2.640689e+01 2.676111e+00 -4.750616e+01
      vertex   2.654898e+01 2.637538e+00 -4.750000e+01
      vertex   2.649368e+01 2.582230e+00 -4.750616e+01
    endloop
  endfacet
  facet normal 1.715492e-01 1.585785e-01 -9.723290e-01
    outer loop
      vertex   2.640689e+01 2.676111e+00 -4.750616e+01
      vertex   2.649368e+01 2.582230e+00 -4.750616e+01
      vertex   2.643973e+01 2.528284e+00 -4.752447e+01
    endloop
  endfacet
  facet normal 1.715492e-01 1.585785e-01 -9.723290e-01
    outer loop
      vertex   2.640689e+01 2.676111e+00 -4.750616e+01
      vertex   2.643973e+01 2.528284e+00 -4.752447e+01
      vertex   2.634888e+01 2.626564e+00 -4.752447e+01
    endloop
  endfacet
  facet normal 2.811981e-01 2.599368e-01 -9.237751e-01
    outer loop
      vertex   2.634888e+01 2.626564e+00 -4.752447e+01
      vertex   2.643973e+01 2.528284e+00 -4.752447e+01
      vertex   2.638847e+01 2.477028e+00 -4.755450e+01
    endloop
  endfacet
  facet normal 2.811981e-01 2.599368e-01 -9.237751e-01
    outer loop
      vertex   2.634888e+01 2.626564e+00 -4.752447e+01
      vertex   2.638847e+01 2.477028e+00 -4.755450e+01
      vertex   2.629376e+01 2.579487e+00 -4.755450e+01
    endloop
  endfacet
  facet normal 3.838976e-01 3.548713e-01 -8.524606e-01
    outer loop
      vertex   2.629376e+01 2.579487e+00 -4.755450e+01
      vertex   2.638847e+01 2.477028e+00 -4.755450e+01
      vertex   2.634117e+01 2.429724e+00 -4.759549e+01
    endloop
  endfacet
  facet normal 3.838976e-01 3.548713e-01 -8.524606e-01
    outer loop
      vertex   2.629376e+01 2.579487e+00 -4.755450e+01
      vertex   2.634117e+01 2.429724e+00 -4.759549e+01
      vertex   2.624289e+01 2.536041e+00 -4.759549e+01
    endloop
  endfacet
  facet normal 4.771170e-01 4.410424e-01 -7.601585e-01
    outer loop
      vertex   2.624289e+01 2.536041e+00 -4.759549e+01
      vertex   2.634117e+01 2.429724e+00 -4.759549e+01
      vertex   2.629898e+01 2.387538e+00 -4.764645e+01
    endloop
  endfacet
  facet normal 4.771170e-01 4.410424e-01 -7.601585e-01
    outer loop
      vertex   2.624289e+01 2.536041e+00 -4.759549e+01
      vertex   2.629898e+01 2.387538e+00 -4.764645e+01
      vertex   2.619753e+01 2.497294e+00 -4.764645e+01
    endloop
  endfacet
  facet normal 5.585648e-01 5.163320e-01 -6.491584e-01
    outer loop
      vertex   2.619753e+01 2.497294e+00 -4.764645e+01
      vertex   2.629898e+01 2.387538e+00 -4.764645e+01
      vertex   2.626295e+01 2.351507e+00 -4.770611e+01
    endloop
  endfacet
  facet normal 5.585648e-01 5.163320e-01 -6.491584e-01
    outer loop
      vertex   2.619753e+01 2.497294e+00 -4.764645e+01
      vertex   2.626295e+01 2.351507e+00 -4.770611e+01
      vertex   2.615878e+01 2.464202e+00 -4.770611e+01
    endloop
  endfacet
  facet normal 6.262446e-01 5.788946e-01 -5.222056e-01
    outer loop
      vertex   2.615878e+01 2.464202e+00 -4.770611e+01
      vertex   2.626295e+01 2.351507e+00 -4.770611e+01
      vertex   2.623397e+01 2.322520e+00 -4.777300e+01
    endloop
  endfacet
  facet normal 6.262446e-01 5.788946e-01 -5.222056e-01
    outer loop
      vertex   2.615878e+01 2.464202e+00 -4.770611e+01
      vertex   2.623397e+01 2.322520e+00 -4.777300e+01
      vertex   2.612761e+01 2.437578e+00 -4.777300e+01
    endloop
  endfacet
  facet normal 6.785021e-01 6.272009e-01 -3.824316e-01
    outer loop
      vertex   2.612761e+01 2.437578e+00 -4.777300e+01
      vertex   2.623397e+01 2.322520e+00 -4.777300e+01
      vertex   2.621274e+01 2.301289e+00 -4.784549e+01
    endloop
  endfacet
  facet normal 6.785021e-01 6.272009e-01 -3.824316e-01
    outer loop
      vertex   2.612761e+01 2.437578e+00 -4.777300e+01
      vertex   2.621274e+01 2.301289e+00 -4.784549e+01
      vertex   2.610478e+01 2.418078e+00 -4.784549e+01
    endloop
  endfacet
  facet normal 7.140631e-01 6.600731e-01 -2.332752e-01
    outer loop
      vertex   2.610478e+01 2.418078e+00 -4.784549e+01
      vertex   2.621274e+01 2.301289e+00 -4.784549e+01
      vertex   2.619978e+01 2.288337e+00 -4.792178e+01
    endloop
  endfacet
  facet normal 7.140631e-01 6.600731e-01 -2.332752e-01
    outer loop
      vertex   2.610478e+01 2.418078e+00 -4.784549e+01
      vertex   2.619978e+01 2.288337e+00 -4.792178e+01
      vertex   2.609085e+01 2.406183e+00 -4.792178e+01
    endloop
  endfacet
  facet normal 7.320623e-01 6.767114e-01 -7.839898e-02
    outer loop
      vertex   2.609085e+01 2.406183e+00 -4.792178e+01
      vertex   2.619978e+01 2.288337e+00 -4.792178e+01
      vertex   2.619543e+01 2.283984e+00 -4.800000e+01
    endloop
  endfacet
  facet normal 7.320623e-01 6.767114e-01 -7.839898e-02
    outer loop
      vertex   2.609085e+01 2.406183e+00 -4.792178e+01
      vertex   2.619543e+01 2.283984e+00 -4.800000e+01
      vertex   2.608617e+01 2.402185e+00 -4.800000e+01
    endloop
  endfacet
  facet normal 7.828998e-01 6.171884e-01 -7.839898e-02
    outer loop
      vertex   2.609085e+01 2.406183e+00 -4.792178e+01
      vertex   2.608617e+01 2.402185e+00 -4.800000e+01
      vertex   2.599150e+01 2.532212e+00 -4.792178e+01
    endloop
  endfacet
  facet normal 7.828998e-01 6.171884e-01 -7.839898e-02
    outer loop
      vertex   2.599150e+01 2.532212e+00 -4.792178e+01
      vertex   2.608617e+01 2.402185e+00 -4.800000e+01
      vertex   2.598652e+01 2.528594e+00 -4.800000e+01
    endloop
  endfacet
  facet normal 8.289104e-01 5.538602e-01 -7.839898e-02
    outer loop
      vertex   2.599150e+01 2.532212e+00 -4.792178e+01
      vertex   2.598652e+01 2.528594e+00 -4.800000e+01
      vertex   2.590234e+01 2.665648e+00 -4.792178e+01
    endloop
  endfacet
  facet normal 8.289104e-01 5.538602e-01 -7.839898e-02
    outer loop
      vertex   2.590234e+01 2.665648e+00 -4.792178e+01
      vertex   2.598652e+01 2.528594e+00 -4.800000e+01
      vertex   2.589709e+01 2.662431e+00 -4.800000e+01
    endloop
  endfacet
  facet normal 8.698105e-01 4.871173e-01 -7.839898e-02
    outer loop
      vertex   2.590234e+01 2.665648e+00 -4.792178e+01
      vertex   2.589709e+01 2.662431e+00 -4.800000e+01
      vertex   2.582392e+01 2.805668e+00 -4.792178e+01
    endloop
  endfacet
  facet normal 8.698105e-01 4.871173e-01 -7.839898e-02
    outer loop
      vertex   2.582392e+01 2.805668e+00 -4.792178e+01
      vertex   2.589709e+01 2.662431e+00 -4.800000e+01
      vertex   2.581844e+01 2.802873e+00 -4.800000e+01
    endloop
  endfacet
  facet normal 9.053480e-01 4.173711e-01 -7.839898e-02
    outer loop
      vertex   2.582392e+01 2.805668e+00 -4.792178e+01
      vertex   2.581844e+01 2.802873e+00 -4.800000e+01
      vertex   2.575673e+01 2.951408e+00 -4.792178e+01
    endloop
  endfacet
  facet normal 9.053480e-01 4.173711e-01 -7.839898e-02
    outer loop
      vertex   2.575673e+01 2.951408e+00 -4.792178e+01
      vertex   2.581844e+01 2.802873e+00 -4.800000e+01
      vertex   2.575105e+01 2.949052e+00 -4.800000e+01
    endloop
  endfacet
  facet normal 9.353036e-01 3.450517e-01 -7.839898e-02
    outer loop
      vertex   2.575673e+01 2.951408e+00 -4.792178e+01
      vertex   2.575105e+01 2.949052e+00 -4.800000e+01
      vertex   2.570119e+01 3.101971e+00 -4.792178e+01
    endloop
  endfacet
  facet normal 9.353036e-01 3.450517e-01 -7.839898e-02
    outer loop
      vertex   2.570119e+01 3.101971e+00 -4.792178e+01
      vertex   2.575105e+01 2.949052e+00 -4.800000e+01
      vertex   2.569533e+01 3.100069e+00 -4.800000e+01
    endloop
  endfacet
  facet normal 9.594929e-01 2.706050e-01 -7.839898e-02
    outer loop
      vertex   2.570119e+01 3.101971e+00 -4.792178e+01
      vertex   2.569533e+01 3.100069e+00 -4.800000e+01
      vertex   2.565763e+01 3.256427e+00 -4.792178e+01
    endloop
  endfacet
  facet normal 9.594929e-01 2.706050e-01 -7.839898e-02
    outer loop
      vertex   2.565763e+01 3.256427e+00 -4.792178e+01
      vertex   2.569533e+01 3.100069e+00 -4.800000e+01
      vertex   2.565164e+01 3.254990e+00 -4.800000e+01
    endloop
  endfacet
  facet normal 9.777665e-01 1.944898e-01 -7.839898e-02
    outer loop
      vertex   2.565763e+01 3.256427e+00 -4.792178e+01
      vertex   2.565164e+01 3.254990e+00 -4.800000e+01
      vertex   2.562632e+01 3.413826e+00 -4.792178e+01
    endloop
  endfacet
  facet normal 9.777665e-01 1.944898e-01 -7.839898e-02
    outer loop
      vertex   2.562632e+01 3.413826e+00 -4.792178e+01
      vertex   2.565164e+01 3.254990e+00 -4.800000e+01
      vertex   2.562024e+01 3.412863e+00 -4.800000e+01
    endloop
  endfacet
  facet normal 9.900119e-01 1.171756e-01 -7.839898e-02
    outer loop
      vertex   2.562632e+01 3.413826e+00 -4.792178e+01
      vertex   2.562024e+01 3.412863e+00 -4.800000e+01
      vertex   2.560746e+01 3.573195e+00 -4.792178e+01
    endloop
  endfacet
  facet normal 9.900119e-01 1.171756e-01 -7.839898e-02
    outer loop
      vertex   2.560746e+01 3.573195e+00 -4.792178e+01
      vertex   2.562024e+01 3.412863e+00 -4.800000e+01
      vertex   2.560132e+01 3.572712e+00 -4.800000e+01
    endloop
  endfacet
  facet normal 9.961535e-01 3.913898e-02 -7.839898e-02
    outer loop
      vertex   2.560746e+01 3.573195e+00 -4.792178e+01
      vertex   2.560132e+01 3.572712e+00 -4.800000e+01
      vertex   2.560116e+01 3.733553e+00 -4.792178e+01
    endloop
  endfacet
  facet normal 9.961535e-01 3.913898e-02 -7.839898e-02
    outer loop
      vertex   2.560116e+01 3.733553e+00 -4.792178e+01
      vertex   2.560132e+01 3.572712e+00 -4.800000e+01
      vertex   2.559500e+01 3.733553e+00 -4.800000e+01
    endloop
  endfacet
  facet normal 9.716611e-01 3.817667e-02 -2.332752e-01
    outer loop
      vertex   2.560116e+01 3.733553e+00 -4.792178e+01
      vertex   2.561947e+01 3.733553e+00 -4.784549e+01
      vertex   2.560746e+01 3.573195e+00 -4.792178e+01
    endloop
  endfacet
  facet normal 9.716611e-01 3.817667e-02 -2.332752e-01
    outer loop
      vertex   2.560746e+01 3.573195e+00 -4.792178e+01
      vertex   2.561947e+01 3.733553e+00 -4.784549e+01
      vertex   2.562572e+01 3.574632e+00 -4.784549e+01
    endloop
  endfacet
  facet normal 9.656705e-01 1.142946e-01 -2.332752e-01
    outer loop
      vertex   2.560746e+01 3.573195e+00 -4.792178e+01
      vertex   2.562572e+01 3.574632e+00 -4.784549e+01
      vertex   2.562632e+01 3.413826e+00 -4.792178e+01
    endloop
  endfacet
  facet normal 9.656705e-01 1.142946e-01 -2.332752e-01
    outer loop
      vertex   2.562632e+01 3.413826e+00 -4.792178e+01
      vertex   2.562572e+01 3.574632e+00 -4.784549e+01
      vertex   2.564441e+01 3.416691e+00 -4.784549e+01
    endloop
  endfacet
  facet normal 9.537262e-01 1.897079e-01 -2.332752e-01
    outer loop
      vertex   2.562632e+01 3.413826e+00 -4.792178e+01
      vertex   2.564441e+01 3.416691e+00 -4.784549e+01
      vertex   2.565763e+01 3.256427e+00 -4.792178e+01
    endloop
  endfacet
  facet normal 9.537262e-01 1.897079e-01 -2.332752e-01
    outer loop
      vertex   2.565763e+01 3.256427e+00 -4.792178e+01
      vertex   2.564441e+01 3.416691e+00 -4.784549e+01
      vertex   2.567544e+01 3.260703e+00 -4.784549e+01
    endloop
  endfacet
  facet normal 9.359018e-01 2.639516e-01 -2.332752e-01
    outer loop
      vertex   2.565763e+01 3.256427e+00 -4.792178e+01
      vertex   2.567544e+01 3.260703e+00 -4.784549e+01
      vertex   2.570119e+01 3.101971e+00 -4.792178e+01
    endloop
  endfacet
  facet normal 9.359018e-01 2.639516e-01 -2.332752e-01
    outer loop
      vertex   2.570119e+01 3.101971e+00 -4.792178e+01
      vertex   2.567544e+01 3.260703e+00 -4.784549e+01
      vertex   2.571861e+01 3.107631e+00 -4.784549e+01
    endloop
  endfacet
  facet normal 9.123074e-01 3.365680e-01 -2.332752e-01
    outer loop
      vertex   2.570119e+01 3.101971e+00 -4.792178e+01
      vertex   2.571861e+01 3.107631e+00 -4.784549e+01
      vertex   2.575673e+01 2.951408e+00 -4.792178e+01
    endloop
  endfacet
  facet normal 9.123074e-01 3.365680e-01 -2.332752e-01
    outer loop
      vertex   2.575673e+01 2.951408e+00 -4.792178e+01
      vertex   2.571861e+01 3.107631e+00 -4.784549e+01
      vertex   2.577366e+01 2.958417e+00 -4.784549e+01
    endloop
  endfacet
  facet normal 8.830882e-01 4.071092e-01 -2.332752e-01
    outer loop
      vertex   2.575673e+01 2.951408e+00 -4.792178e+01
      vertex   2.577366e+01 2.958417e+00 -4.784549e+01
      vertex   2.582392e+01 2.805668e+00 -4.792178e+01
    endloop
  endfacet
  facet normal 8.830882e-01 4.071092e-01 -2.332752e-01
    outer loop
      vertex   2.582392e+01 2.805668e+00 -4.792178e+01
      vertex   2.577366e+01 2.958417e+00 -4.784549e+01
      vertex   2.584024e+01 2.813983e+00 -4.784549e+01
    endloop
  endfacet
  facet normal 8.484245e-01 4.751406e-01 -2.332752e-01
    outer loop
      vertex   2.582392e+01 2.805668e+00 -4.792178e+01
      vertex   2.584024e+01 2.813983e+00 -4.784549e+01
      vertex   2.590234e+01 2.665648e+00 -4.792178e+01
    endloop
  endfacet
  facet normal 8.484245e-01 4.751406e-01 -2.332752e-01
    outer loop
      vertex   2.590234e+01 2.665648e+00 -4.792178e+01
      vertex   2.584024e+01 2.813983e+00 -4.784549e+01
      vertex   2.591795e+01 2.675218e+00 -4.784549e+01
    endloop
  endfacet
  facet normal 8.085300e-01 5.402425e-01 -2.332752e-01
    outer loop
      vertex   2.590234e+01 2.665648e+00 -4.792178e+01
      vertex   2.591795e+01 2.675218e+00 -4.784549e+01
      vertex   2.599150e+01 2.532212e+00 -4.792178e+01
    endloop
  endfacet
  facet normal 8.085300e-01 5.402425e-01 -2.332752e-01
    outer loop
      vertex   2.599150e+01 2.532212e+00 -4.792178e+01
      vertex   2.591795e+01 2.675218e+00 -4.784549e+01
      vertex   2.600631e+01 2.542978e+00 -4.784549e+01
    endloop
  endfacet
  facet normal 7.636506e-01 6.020136e-01 -2.332752e-01
    outer loop
      vertex   2.599150e+01 2.532212e+00 -4.792178e+01
      vertex   2.600631e+01 2.542978e+00 -4.784549e+01
      vertex   2.609085e+01 2.406183e+00 -4.792178e+01
    endloop
  endfacet
  facet normal 7.636506e-01 6.020136e-01 -2.332752e-01
    outer loop
      vertex   2.609085e+01 2.406183e+00 -4.792178e+01
      vertex   2.600631e+01 2.542978e+00 -4.784549e+01
      vertex   2.610478e+01 2.418078e+00 -4.784549e+01
    endloop
  endfacet
  facet normal 9.232715e-01 3.627543e-02 -3.824316e-01
    outer loop
      vertex   2.561947e+01 3.733553e+00 -4.784549e+01
      vertex   2.564950e+01 3.733553e+00 -4.777300e+01
      vertex   2.562572e+01 3.574632e+00 -4.784549e+01
    endloop
  endfacet
  facet normal 9.232715e-01 3.627543e-02 -3.824316e-01
    outer loop
      vertex   2.562572e+01 3.574632e+00 -4.784549e+01
      vertex   2.564950e+01 3.733553e+00 -4.777300e+01
      vertex   2.565565e+01 3.576988e+00 -4.777300e+01
    endloop
  endfacet
  facet normal 9.175792e-01 1.086027e-01 -3.824316e-01
    outer loop
      vertex   2.562572e+01 3.574632e+00 -4.784549e+01
      vertex   2.565565e+01 3.576988e+00 -4.777300e+01
      vertex   2.564441e+01 3.416691e+00 -4.784549e+01
    endloop
  endfacet
  facet normal 9.175792e-01 1.086027e-01 -3.824316e-01
    outer loop
      vertex   2.564441e+01 3.416691e+00 -4.784549e+01
      vertex   2.565565e+01 3.576988e+00 -4.777300e+01
      vertex   2.567406e+01 3.421388e+00 -4.777300e+01
    endloop
  endfacet
  facet normal 9.062297e-01 1.802603e-01 -3.824316e-01
    outer loop
      vertex   2.564441e+01 3.416691e+00 -4.784549e+01
      vertex   2.567406e+01 3.421388e+00 -4.777300e+01
      vertex   2.567544e+01 3.260703e+00 -4.784549e+01
    endloop
  endfacet
  facet normal 9.062297e-01 1.802603e-01 -3.824316e-01
    outer loop
      vertex   2.567544e+01 3.260703e+00 -4.784549e+01
      vertex   2.567406e+01 3.421388e+00 -4.777300e+01
      vertex   2.570463e+01 3.267712e+00 -4.777300e+01
    endloop
  endfacet
  facet normal 8.892931e-01 2.508066e-01 -3.824316e-01
    outer loop
      vertex   2.567544e+01 3.260703e+00 -4.784549e+01
      vertex   2.570463e+01 3.267712e+00 -4.777300e+01
      vertex   2.571861e+01 3.107631e+00 -4.784549e+01
    endloop
  endfacet
  facet normal 8.892931e-01 2.508066e-01 -3.824316e-01
    outer loop
      vertex   2.571861e+01 3.107631e+00 -4.784549e+01
      vertex   2.570463e+01 3.267712e+00 -4.777300e+01
      vertex   2.574716e+01 3.116909e+00 -4.777300e+01
    endloop
  endfacet
  facet normal 8.668736e-01 3.198066e-01 -3.824316e-01
    outer loop
      vertex   2.571861e+01 3.107631e+00 -4.784549e+01
      vertex   2.574716e+01 3.116909e+00 -4.777300e+01
      vertex   2.577366e+01 2.958417e+00 -4.784549e+01
    endloop
  endfacet
  facet normal 8.668736e-01 3.198066e-01 -3.824316e-01
    outer loop
      vertex   2.577366e+01 2.958417e+00 -4.784549e+01
      vertex   2.574716e+01 3.116909e+00 -4.777300e+01
      vertex   2.580140e+01 2.969907e+00 -4.777300e+01
    endloop
  endfacet
  facet normal 8.391096e-01 3.868348e-01 -3.824316e-01
    outer loop
      vertex   2.577366e+01 2.958417e+00 -4.784549e+01
      vertex   2.580140e+01 2.969907e+00 -4.777300e+01
      vertex   2.584024e+01 2.813983e+00 -4.784549e+01
    endloop
  endfacet
  facet normal 8.391096e-01 3.868348e-01 -3.824316e-01
    outer loop
      vertex   2.584024e+01 2.813983e+00 -4.784549e+01
      vertex   2.580140e+01 2.969907e+00 -4.777300e+01
      vertex   2.586699e+01 2.827614e+00 -4.777300e+01
    endloop
  endfacet
  facet normal 8.061722e-01 4.514781e-01 -3.824316e-01
    outer loop
      vertex   2.584024e+01 2.813983e+00 -4.784549e+01
      vertex   2.586699e+01 2.827614e+00 -4.777300e+01
      vertex   2.591795e+01 2.675218e+00 -4.784549e+01
    endloop
  endfacet
  facet normal 8.061722e-01 4.514781e-01 -3.824316e-01
    outer loop
      vertex   2.591795e+01 2.675218e+00 -4.784549e+01
      vertex   2.586699e+01 2.827614e+00 -4.777300e+01
      vertex   2.594355e+01 2.690906e+00 -4.777300e+01
    endloop
  endfacet
  facet normal 7.682645e-01 5.133379e-01 -3.824316e-01
    outer loop
      vertex   2.591795e+01 2.675218e+00 -4.784549e+01
      vertex   2.594355e+01 2.690906e+00 -4.777300e+01
      vertex   2.600631e+01 2.542978e+00 -4.784549e+01
    endloop
  endfacet
  facet normal 7.682645e-01 5.133379e-01 -3.824316e-01
    outer loop
      vertex   2.600631e+01 2.542978e+00 -4.784549e+01
      vertex   2.594355e+01 2.690906e+00 -4.777300e+01
      vertex   2.603060e+01 2.560626e+00 -4.777300e+01
    endloop
  endfacet
  facet normal 7.256201e-01 5.720328e-01 -3.824316e-01
    outer loop
      vertex   2.600631e+01 2.542978e+00 -4.784549e+01
      vertex   2.603060e+01 2.560626e+00 -4.777300e+01
      vertex   2.610478e+01 2.418078e+00 -4.784549e+01
    endloop
  endfacet
  facet normal 7.256201e-01 5.720328e-01 -3.824316e-01
    outer loop
      vertex   2.610478e+01 2.418078e+00 -4.784549e+01
      vertex   2.603060e+01 2.560626e+00 -4.777300e+01
      vertex   2.612761e+01 2.437578e+00 -4.777300e+01
    endloop
  endfacet
  facet normal 8.521621e-01 3.348154e-02 -5.222056e-01
    outer loop
      vertex   2.564950e+01 3.733553e+00 -4.777300e+01
      vertex   2.569049e+01 3.733553e+00 -4.770611e+01
      vertex   2.565565e+01 3.576988e+00 -4.777300e+01
    endloop
  endfacet
  facet normal 8.521621e-01 3.348154e-02 -5.222056e-01
    outer loop
      vertex   2.565565e+01 3.576988e+00 -4.777300e+01
      vertex   2.569049e+01 3.733553e+00 -4.770611e+01
      vertex   2.569652e+01 3.580204e+00 -4.770611e+01
    endloop
  endfacet
  facet normal 8.469083e-01 1.002382e-01 -5.222056e-01
    outer loop
      vertex   2.565565e+01 3.576988e+00 -4.777300e+01
      vertex   2.569652e+01 3.580204e+00 -4.770611e+01
      vertex   2.567406e+01 3.421388e+00 -4.777300e+01
    endloop
  endfacet
  facet normal 8.469083e-01 1.002382e-01 -5.222056e-01
    outer loop
      vertex   2.567406e+01 3.421388e+00 -4.777300e+01
      vertex   2.569652e+01 3.580204e+00 -4.770611e+01
      vertex   2.571455e+01 3.427801e+00 -4.770611e+01
    endloop
  endfacet
  facet normal 8.364329e-01 1.663769e-01 -5.222056e-01
    outer loop
      vertex   2.567406e+01 3.421388e+00 -4.777300e+01
      vertex   2.571455e+01 3.427801e+00 -4.770611e+01
      vertex   2.570463e+01 3.267712e+00 -4.777300e+01
    endloop
  endfacet
  facet normal 8.364329e-01 1.663769e-01 -5.222056e-01
    outer loop
      vertex   2.570463e+01 3.267712e+00 -4.777300e+01
      vertex   2.571455e+01 3.427801e+00 -4.770611e+01
      vertex   2.574449e+01 3.277282e+00 -4.770611e+01
    endloop
  endfacet
  facet normal 8.208007e-01 2.314897e-01 -5.222056e-01
    outer loop
      vertex   2.570463e+01 3.267712e+00 -4.777300e+01
      vertex   2.574449e+01 3.277282e+00 -4.770611e+01
      vertex   2.574716e+01 3.116909e+00 -4.777300e+01
    endloop
  endfacet
  facet normal 8.208007e-01 2.314897e-01 -5.222056e-01
    outer loop
      vertex   2.574716e+01 3.116909e+00 -4.777300e+01
      vertex   2.574449e+01 3.277282e+00 -4.770611e+01
      vertex   2.578615e+01 3.129577e+00 -4.770611e+01
    endloop
  endfacet
  facet normal 8.001080e-01 2.951754e-01 -5.222056e-01
    outer loop
      vertex   2.574716e+01 3.116909e+00 -4.777300e+01
      vertex   2.578615e+01 3.129577e+00 -4.770611e+01
      vertex   2.580140e+01 2.969907e+00 -4.777300e+01
    endloop
  endfacet
  facet normal 8.001080e-01 2.951754e-01 -5.222056e-01
    outer loop
      vertex   2.580140e+01 2.969907e+00 -4.777300e+01
      vertex   2.578615e+01 3.129577e+00 -4.770611e+01
      vertex   2.583927e+01 2.985595e+00 -4.770611e+01
    endloop
  endfacet
  facet normal 7.744823e-01 3.570412e-01 -5.222056e-01
    outer loop
      vertex   2.580140e+01 2.969907e+00 -4.777300e+01
      vertex   2.583927e+01 2.985595e+00 -4.770611e+01
      vertex   2.586699e+01 2.827614e+00 -4.777300e+01
    endloop
  endfacet
  facet normal 7.744823e-01 3.570412e-01 -5.222056e-01
    outer loop
      vertex   2.586699e+01 2.827614e+00 -4.777300e+01
      vertex   2.583927e+01 2.985595e+00 -4.770611e+01
      vertex   2.590352e+01 2.846225e+00 -4.770611e+01
    endloop
  endfacet
  facet normal 7.440817e-01 4.167058e-01 -5.222056e-01
    outer loop
      vertex   2.586699e+01 2.827614e+00 -4.777300e+01
      vertex   2.590352e+01 2.846225e+00 -4.770611e+01
      vertex   2.594355e+01 2.690906e+00 -4.777300e+01
    endloop
  endfacet
  facet normal 7.440817e-01 4.167058e-01 -5.222056e-01
    outer loop
      vertex   2.594355e+01 2.690906e+00 -4.777300e+01
      vertex   2.590352e+01 2.846225e+00 -4.770611e+01
      vertex   2.597851e+01 2.712326e+00 -4.770611e+01
    endloop
  endfacet
  facet normal 7.090936e-01 4.738012e-01 -5.222056e-01
    outer loop
      vertex   2.594355e+01 2.690906e+00 -4.777300e+01
      vertex   2.597851e+01 2.712326e+00 -4.770611e+01
      vertex   2.603060e+01 2.560626e+00 -4.777300e+01
    endloop
  endfacet
  facet normal 7.090936e-01 4.738012e-01 -5.222056e-01
    outer loop
      vertex   2.603060e+01 2.560626e+00 -4.777300e+01
      vertex   2.597851e+01 2.712326e+00 -4.770611e+01
      vertex   2.606377e+01 2.584722e+00 -4.770611e+01
    endloop
  endfacet
  facet normal 6.697337e-01 5.279755e-01 -5.222056e-01
    outer loop
      vertex   2.603060e+01 2.560626e+00 -4.777300e+01
      vertex   2.606377e+01 2.584722e+00 -4.770611e+01
      vertex   2.612761e+01 2.437578e+00 -4.777300e+01
    endloop
  endfacet
  facet normal 6.697337e-01 5.279755e-01 -5.222056e-01
    outer loop
      vertex   2.612761e+01 2.437578e+00 -4.777300e+01
      vertex   2.606377e+01 2.584722e+00 -4.770611e+01
      vertex   2.615878e+01 2.464202e+00 -4.770611e+01
    endloop
  endfacet
  facet normal 7.600668e-01 2.986311e-02 -6.491584e-01
    outer loop
      vertex   2.569049e+01 3.733553e+00 -4.770611e+01
      vertex   2.574145e+01 3.733553e+00 -4.764645e+01
      vertex   2.569652e+01 3.580204e+00 -4.770611e+01
    endloop
  endfacet
  facet normal 7.600668e-01 2.986311e-02 -6.491584e-01
    outer loop
      vertex   2.569652e+01 3.580204e+00 -4.770611e+01
      vertex   2.574145e+01 3.733553e+00 -4.764645e+01
      vertex   2.574731e+01 3.584202e+00 -4.764645e+01
    endloop
  endfacet
  facet normal 7.553808e-01 8.940520e-02 -6.491584e-01
    outer loop
      vertex   2.569652e+01 3.580204e+00 -4.770611e+01
      vertex   2.574731e+01 3.584202e+00 -4.764645e+01
      vertex   2.571455e+01 3.427801e+00 -4.770611e+01
    endloop
  endfacet
  facet normal 7.553808e-01 8.940520e-02 -6.491584e-01
    outer loop
      vertex   2.571455e+01 3.427801e+00 -4.770611e+01
      vertex   2.574731e+01 3.584202e+00 -4.764645e+01
      vertex   2.576488e+01 3.435772e+00 -4.764645e+01
    endloop
  endfacet
  facet normal 7.460375e-01 1.483961e-01 -6.491584e-01
    outer loop
      vertex   2.571455e+01 3.427801e+00 -4.770611e+01
      vertex   2.576488e+01 3.435772e+00 -4.764645e+01
      vertex   2.574449e+01 3.277282e+00 -4.770611e+01
    endloop
  endfacet
  facet normal 7.460375e-01 1.483961e-01 -6.491584e-01
    outer loop
      vertex   2.574449e+01 3.277282e+00 -4.770611e+01
      vertex   2.576488e+01 3.435772e+00 -4.764645e+01
      vertex   2.579404e+01 3.289178e+00 -4.764645e+01
    endloop
  endfacet
  facet normal 7.320947e-01 2.064721e-01 -6.491584e-01
    outer loop
      vertex   2.574449e+01 3.277282e+00 -4.770611e+01
      vertex   2.579404e+01 3.289178e+00 -4.764645e+01
      vertex   2.578615e+01 3.129577e+00 -4.770611e+01
    endloop
  endfacet
  facet normal 7.320947e-01 2.064721e-01 -6.491584e-01
    outer loop
      vertex   2.578615e+01 3.129577e+00 -4.770611e+01
      vertex   2.579404e+01 3.289178e+00 -4.764645e+01
      vertex   2.583461e+01 3.145323e+00 -4.764645e+01
    endloop
  endfacet
  facet normal 7.136383e-01 2.632751e-01 -6.491584e-01
    outer loop
      vertex   2.578615e+01 3.129577e+00 -4.770611e+01
      vertex   2.583461e+01 3.145323e+00 -4.764645e+01
      vertex   2.583927e+01 2.985595e+00 -4.770611e+01
    endloop
  endfacet
  facet normal 7.136383e-01 2.632751e-01 -6.491584e-01
    outer loop
      vertex   2.583927e+01 2.985595e+00 -4.770611e+01
      vertex   2.583461e+01 3.145323e+00 -4.764645e+01
      vertex   2.588635e+01 3.005095e+00 -4.764645e+01
    endloop
  endfacet
  facet normal 6.907821e-01 3.184549e-01 -6.491584e-01
    outer loop
      vertex   2.583927e+01 2.985595e+00 -4.770611e+01
      vertex   2.588635e+01 3.005095e+00 -4.764645e+01
      vertex   2.590352e+01 2.846225e+00 -4.770611e+01
    endloop
  endfacet
  facet normal 6.907821e-01 3.184549e-01 -6.491584e-01
    outer loop
      vertex   2.590352e+01 2.846225e+00 -4.770611e+01
      vertex   2.588635e+01 3.005095e+00 -4.764645e+01
      vertex   2.594892e+01 2.869358e+00 -4.764645e+01
    endloop
  endfacet
  facet normal 6.636669e-01 3.716713e-01 -6.491584e-01
    outer loop
      vertex   2.590352e+01 2.846225e+00 -4.770611e+01
      vertex   2.594892e+01 2.869358e+00 -4.764645e+01
      vertex   2.597851e+01 2.712326e+00 -4.770611e+01
    endloop
  endfacet
  facet normal 6.636669e-01 3.716713e-01 -6.491584e-01
    outer loop
      vertex   2.597851e+01 2.712326e+00 -4.770611e+01
      vertex   2.594892e+01 2.869358e+00 -4.764645e+01
      vertex   2.602195e+01 2.738949e+00 -4.764645e+01
    endloop
  endfacet
  facet normal 6.324601e-01 4.225963e-01 -6.491584e-01
    outer loop
      vertex   2.597851e+01 2.712326e+00 -4.770611e+01
      vertex   2.602195e+01 2.738949e+00 -4.764645e+01
      vertex   2.606377e+01 2.584722e+00 -4.770611e+01
    endloop
  endfacet
  facet normal 6.324601e-01 4.225963e-01 -6.491584e-01
    outer loop
      vertex   2.606377e+01 2.584722e+00 -4.770611e+01
      vertex   2.602195e+01 2.738949e+00 -4.764645e+01
      vertex   2.610499e+01 2.614673e+00 -4.764645e+01
    endloop
  endfacet
  facet normal 5.973539e-01 4.709158e-01 -6.491584e-01
    outer loop
      vertex   2.606377e+01 2.584722e+00 -4.770611e+01
      vertex   2.610499e+01 2.614673e+00 -4.764645e+01
      vertex   2.615878e+01 2.464202e+00 -4.770611e+01
    endloop
  endfacet
  facet normal 5.973539e-01 4.709158e-01 -6.491584e-01
    outer loop
      vertex   2.615878e+01 2.464202e+00 -4.770611e+01
      vertex   2.610499e+01 2.614673e+00 -4.764645e+01
      vertex   2.619753e+01 2.497294e+00 -4.764645e+01
    endloop
  endfacet
  facet normal 6.492367e-01 2.550858e-02 -7.601585e-01
    outer loop
      vertex   2.574145e+01 3.733553e+00 -4.764645e+01
      vertex   2.580111e+01 3.733553e+00 -4.759549e+01
      vertex   2.574731e+01 3.584202e+00 -4.764645e+01
    endloop
  endfacet
  facet normal 6.492367e-01 2.550858e-02 -7.601585e-01
    outer loop
      vertex   2.574731e+01 3.584202e+00 -4.764645e+01
      vertex   2.580111e+01 3.733553e+00 -4.759549e+01
      vertex   2.580679e+01 3.588883e+00 -4.759549e+01
    endloop
  endfacet
  facet normal 6.452340e-01 7.636847e-02 -7.601585e-01
    outer loop
      vertex   2.574731e+01 3.584202e+00 -4.764645e+01
      vertex   2.580679e+01 3.588883e+00 -4.759549e+01
      vertex   2.576488e+01 3.435772e+00 -4.764645e+01
    endloop
  endfacet
  facet normal 6.452340e-01 7.636847e-02 -7.601585e-01
    outer loop
      vertex   2.576488e+01 3.435772e+00 -4.764645e+01
      vertex   2.580679e+01 3.588883e+00 -4.759549e+01
      vertex   2.582381e+01 3.445105e+00 -4.759549e+01
    endloop
  endfacet
  facet normal 6.372531e-01 1.267575e-01 -7.601585e-01
    outer loop
      vertex   2.576488e+01 3.435772e+00 -4.764645e+01
      vertex   2.582381e+01 3.445105e+00 -4.759549e+01
      vertex   2.579404e+01 3.289178e+00 -4.764645e+01
    endloop
  endfacet
  facet normal 6.372531e-01 1.267575e-01 -7.601585e-01
    outer loop
      vertex   2.579404e+01 3.289178e+00 -4.764645e+01
      vertex   2.582381e+01 3.445105e+00 -4.759549e+01
      vertex   2.585205e+01 3.303105e+00 -4.759549e+01
    endloop
  endfacet
  facet normal 6.253434e-01 1.763651e-01 -7.601585e-01
    outer loop
      vertex   2.579404e+01 3.289178e+00 -4.764645e+01
      vertex   2.585205e+01 3.303105e+00 -4.759549e+01
      vertex   2.583461e+01 3.145323e+00 -4.764645e+01
    endloop
  endfacet
  facet normal 6.253434e-01 1.763651e-01 -7.601585e-01
    outer loop
      vertex   2.583461e+01 3.145323e+00 -4.764645e+01
      vertex   2.585205e+01 3.303105e+00 -4.759549e+01
      vertex   2.589135e+01 3.163759e+00 -4.759549e+01
    endloop
  endfacet
  facet normal 6.095782e-01 2.248853e-01 -7.601585e-01
    outer loop
      vertex   2.583461e+01 3.145323e+00 -4.764645e+01
      vertex   2.589135e+01 3.163759e+00 -4.759549e+01
      vertex   2.588635e+01 3.005095e+00 -4.764645e+01
    endloop
  endfacet
  facet normal 6.095782e-01 2.248853e-01 -7.601585e-01
    outer loop
      vertex   2.588635e+01 3.005095e+00 -4.764645e+01
      vertex   2.589135e+01 3.163759e+00 -4.759549e+01
      vertex   2.594147e+01 3.027926e+00 -4.759549e+01
    endloop
  endfacet
  facet normal 5.900548e-01 2.720190e-01 -7.601585e-01
    outer loop
      vertex   2.588635e+01 3.005095e+00 -4.764645e+01
      vertex   2.594147e+01 3.027926e+00 -4.759549e+01
      vertex   2.594892e+01 2.869358e+00 -4.764645e+01
    endloop
  endfacet
  facet normal 5.900548e-01 2.720190e-01 -7.601585e-01
    outer loop
      vertex   2.594892e+01 2.869358e+00 -4.764645e+01
      vertex   2.594147e+01 3.027926e+00 -4.759549e+01
      vertex   2.600208e+01 2.896444e+00 -4.759549e+01
    endloop
  endfacet
  facet normal 5.668935e-01 3.174756e-01 -7.601585e-01
    outer loop
      vertex   2.594892e+01 2.869358e+00 -4.764645e+01
      vertex   2.600208e+01 2.896444e+00 -4.759549e+01
      vertex   2.602195e+01 2.738949e+00 -4.764645e+01
    endloop
  endfacet
  facet normal 5.668935e-01 3.174756e-01 -7.601585e-01
    outer loop
      vertex   2.602195e+01 2.738949e+00 -4.764645e+01
      vertex   2.600208e+01 2.896444e+00 -4.759549e+01
      vertex   2.607282e+01 2.770122e+00 -4.759549e+01
    endloop
  endfacet
  facet normal 5.402371e-01 3.609749e-01 -7.601585e-01
    outer loop
      vertex   2.602195e+01 2.738949e+00 -4.764645e+01
      vertex   2.607282e+01 2.770122e+00 -4.759549e+01
      vertex   2.610499e+01 2.614673e+00 -4.764645e+01
    endloop
  endfacet
  facet normal 5.402371e-01 3.609749e-01 -7.601585e-01
    outer loop
      vertex   2.610499e+01 2.614673e+00 -4.764645e+01
      vertex   2.607282e+01 2.770122e+00 -4.759549e+01
      vertex   2.615326e+01 2.649740e+00 -4.759549e+01
    endloop
  endfacet
  facet normal 5.102500e-01 4.022486e-01 -7.601585e-01
    outer loop
      vertex   2.610499e+01 2.614673e+00 -4.764645e+01
      vertex   2.615326e+01 2.649740e+00 -4.759549e+01
      vertex   2.619753e+01 2.497294e+00 -4.764645e+01
    endloop
  endfacet
  facet normal 5.102500e-01 4.022486e-01 -7.601585e-01
    outer loop
      vertex   2.619753e+01 2.497294e+00 -4.764645e+01
      vertex   2.615326e+01 2.649740e+00 -4.759549e+01
      vertex   2.624289e+01 2.536041e+00 -4.759549e+01
    endloop
  endfacet
  facet normal 5.223885e-01 2.052470e-02 -8.524606e-01
    outer loop
      vertex   2.580111e+01 3.733553e+00 -4.759549e+01
      vertex   2.586800e+01 3.733553e+00 -4.755450e+01
      vertex   2.580679e+01 3.588883e+00 -4.759549e+01
    endloop
  endfacet
  facet normal 5.223885e-01 2.052470e-02 -8.524606e-01
    outer loop
      vertex   2.580679e+01 3.588883e+00 -4.759549e+01
      vertex   2.586800e+01 3.733553e+00 -4.755450e+01
      vertex   2.587348e+01 3.594132e+00 -4.755450e+01
    endloop
  endfacet
  facet normal 5.191678e-01 6.144756e-02 -8.524606e-01
    outer loop
      vertex   2.580679e+01 3.588883e+00 -4.759549e+01
      vertex   2.587348e+01 3.594132e+00 -4.755450e+01
      vertex   2.582381e+01 3.445105e+00 -4.759549e+01
    endloop
  endfacet
  facet normal 5.191678e-01 6.144756e-02 -8.524606e-01
    outer loop
      vertex   2.582381e+01 3.445105e+00 -4.759549e+01
      vertex   2.587348e+01 3.594132e+00 -4.755450e+01
      vertex   2.588988e+01 3.455570e+00 -4.755450e+01
    endloop
  endfacet
  facet normal 5.127463e-01 1.019916e-01 -8.524606e-01
    outer loop
      vertex   2.582381e+01 3.445105e+00 -4.759549e+01
      vertex   2.588988e+01 3.455570e+00 -4.755450e+01
      vertex   2.585205e+01 3.303105e+00 -4.759549e+01
    endloop
  endfacet
  facet normal 5.127463e-01 1.019916e-01 -8.524606e-01
    outer loop
      vertex   2.585205e+01 3.303105e+00 -4.759549e+01
      vertex   2.588988e+01 3.455570e+00 -4.755450e+01
      vertex   2.591710e+01 3.318722e+00 -4.755450e+01
    endloop
  endfacet
  facet normal 5.031635e-01 1.419068e-01 -8.524606e-01
    outer loop
      vertex   2.585205e+01 3.303105e+00 -4.759549e+01
      vertex   2.591710e+01 3.318722e+00 -4.755450e+01
      vertex   2.589135e+01 3.163759e+00 -4.759549e+01
    endloop
  endfacet
  facet normal 5.031635e-01 1.419068e-01 -8.524606e-01
    outer loop
      vertex   2.589135e+01 3.163759e+00 -4.759549e+01
      vertex   2.591710e+01 3.318722e+00 -4.755450e+01
      vertex   2.595498e+01 3.184432e+00 -4.755450e+01
    endloop
  endfacet
  facet normal 4.904785e-01 1.809471e-01 -8.524606e-01
    outer loop
      vertex   2.589135e+01 3.163759e+00 -4.759549e+01
      vertex   2.595498e+01 3.184432e+00 -4.755450e+01
      vertex   2.594147e+01 3.027926e+00 -4.759549e+01
    endloop
  endfacet
  facet normal 4.904785e-01 1.809471e-01 -8.524606e-01
    outer loop
      vertex   2.594147e+01 3.027926e+00 -4.759549e+01
      vertex   2.595498e+01 3.184432e+00 -4.755450e+01
      vertex   2.600327e+01 3.053527e+00 -4.755450e+01
    endloop
  endfacet
  facet normal 4.747696e-01 2.188718e-01 -8.524606e-01
    outer loop
      vertex   2.594147e+01 3.027926e+00 -4.759549e+01
      vertex   2.600327e+01 3.053527e+00 -4.755450e+01
      vertex   2.600208e+01 2.896444e+00 -4.759549e+01
    endloop
  endfacet
  facet normal 4.747696e-01 2.188718e-01 -8.524606e-01
    outer loop
      vertex   2.600208e+01 2.896444e+00 -4.759549e+01
      vertex   2.600327e+01 3.053527e+00 -4.755450e+01
      vertex   2.606169e+01 2.926814e+00 -4.755450e+01
    endloop
  endfacet
  facet normal 4.561335e-01 2.554471e-01 -8.524606e-01
    outer loop
      vertex   2.600208e+01 2.896444e+00 -4.759549e+01
      vertex   2.606169e+01 2.926814e+00 -4.755450e+01
      vertex   2.607282e+01 2.770122e+00 -4.759549e+01
    endloop
  endfacet
  facet normal 4.561335e-01 2.554471e-01 -8.524606e-01
    outer loop
      vertex   2.607282e+01 2.770122e+00 -4.759549e+01
      vertex   2.606169e+01 2.926814e+00 -4.755450e+01
      vertex   2.612986e+01 2.805076e+00 -4.755450e+01
    endloop
  endfacet
  facet normal 4.346853e-01 2.904474e-01 -8.524606e-01
    outer loop
      vertex   2.607282e+01 2.770122e+00 -4.759549e+01
      vertex   2.612986e+01 2.805076e+00 -4.755450e+01
      vertex   2.615326e+01 2.649740e+00 -4.759549e+01
    endloop
  endfacet
  facet normal 4.346853e-01 2.904474e-01 -8.524606e-01
    outer loop
      vertex   2.615326e+01 2.649740e+00 -4.759549e+01
      vertex   2.612986e+01 2.805076e+00 -4.755450e+01
      vertex   2.620738e+01 2.689062e+00 -4.755450e+01
    endloop
  endfacet
  facet normal 4.105571e-01 3.236571e-01 -8.524606e-01
    outer loop
      vertex   2.615326e+01 2.649740e+00 -4.759549e+01
      vertex   2.620738e+01 2.689062e+00 -4.755450e+01
      vertex   2.624289e+01 2.536041e+00 -4.759549e+01
    endloop
  endfacet
  facet normal 4.105571e-01 3.236571e-01 -8.524606e-01
    outer loop
      vertex   2.624289e+01 2.536041e+00 -4.759549e+01
      vertex   2.620738e+01 2.689062e+00 -4.755450e+01
      vertex   2.629376e+01 2.579487e+00 -4.755450e+01
    endloop
  endfacet
  facet normal 3.826402e-01 1.503397e-02 -9.237751e-01
    outer loop
      vertex   2.586800e+01 3.733553e+00 -4.755450e+01
      vertex   2.594049e+01 3.733553e+00 -4.752447e+01
      vertex   2.587348e+01 3.594132e+00 -4.755450e+01
    endloop
  endfacet
  facet normal 3.826402e-01 1.503397e-02 -9.237751e-01
    outer loop
      vertex   2.587348e+01 3.594132e+00 -4.755450e+01
      vertex   2.594049e+01 3.733553e+00 -4.752447e+01
      vertex   2.594575e+01 3.599819e+00 -4.752447e+01
    endloop
  endfacet
  facet normal 3.802811e-01 4.500923e-02 -9.237751e-01
    outer loop
      vertex   2.587348e+01 3.594132e+00 -4.755450e+01
      vertex   2.594575e+01 3.599819e+00 -4.752447e+01
      vertex   2.588988e+01 3.455570e+00 -4.755450e+01
    endloop
  endfacet
  facet normal 3.802811e-01 4.500923e-02 -9.237751e-01
    outer loop
      vertex   2.588988e+01 3.455570e+00 -4.755450e+01
      vertex   2.594575e+01 3.599819e+00 -4.752447e+01
      vertex   2.596148e+01 3.466910e+00 -4.752447e+01
    endloop
  endfacet
  facet normal 3.755774e-01 7.470699e-02 -9.237751e-01
    outer loop
      vertex   2.588988e+01 3.455570e+00 -4.755450e+01
      vertex   2.596148e+01 3.466910e+00 -4.752447e+01
      vertex   2.591710e+01 3.318722e+00 -4.755450e+01
    endloop
  endfacet
  facet normal 3.755774e-01 7.470699e-02 -9.237751e-01
    outer loop
      vertex   2.591710e+01 3.318722e+00 -4.755450e+01
      vertex   2.596148e+01 3.466910e+00 -4.752447e+01
      vertex   2.598759e+01 3.335644e+00 -4.752447e+01
    endloop
  endfacet
  facet normal 3.685582e-01 1.039442e-01 -9.237751e-01
    outer loop
      vertex   2.591710e+01 3.318722e+00 -4.755450e+01
      vertex   2.598759e+01 3.335644e+00 -4.752447e+01
      vertex   2.595498e+01 3.184432e+00 -4.755450e+01
    endloop
  endfacet
  facet normal 3.685582e-01 1.039442e-01 -9.237751e-01
    outer loop
      vertex   2.595498e+01 3.184432e+00 -4.755450e+01
      vertex   2.598759e+01 3.335644e+00 -4.752447e+01
      vertex   2.602392e+01 3.206831e+00 -4.752447e+01
    endloop
  endfacet
  facet normal 3.592667e-01 1.325405e-01 -9.237751e-01
    outer loop
      vertex   2.595498e+01 3.184432e+00 -4.755450e+01
      vertex   2.602392e+01 3.206831e+00 -4.752447e+01
      vertex   2.600327e+01 3.053527e+00 -4.755450e+01
    endloop
  endfacet
  facet normal 3.592667e-01 1.325405e-01 -9.237751e-01
    outer loop
      vertex   2.600327e+01 3.053527e+00 -4.755450e+01
      vertex   2.602392e+01 3.206831e+00 -4.752447e+01
      vertex   2.607024e+01 3.081266e+00 -4.752447e+01
    endloop
  endfacet
  facet normal 3.477602e-01 1.603196e-01 -9.237751e-01
    outer loop
      vertex   2.600327e+01 3.053527e+00 -4.755450e+01
      vertex   2.607024e+01 3.081266e+00 -4.752447e+01
      vertex   2.606169e+01 2.926814e+00 -4.755450e+01
    endloop
  endfacet
  facet normal 3.477602e-01 1.603196e-01 -9.237751e-01
    outer loop
      vertex   2.606169e+01 2.926814e+00 -4.755450e+01
      vertex   2.607024e+01 3.081266e+00 -4.752447e+01
      vertex   2.612627e+01 2.959723e+00 -4.752447e+01
    endloop
  endfacet
  facet normal 3.341096e-01 1.871104e-01 -9.237751e-01
    outer loop
      vertex   2.606169e+01 2.926814e+00 -4.755450e+01
      vertex   2.612627e+01 2.959723e+00 -4.752447e+01
      vertex   2.612986e+01 2.805076e+00 -4.755450e+01
    endloop
  endfacet
  facet normal 3.341096e-01 1.871104e-01 -9.237751e-01
    outer loop
      vertex   2.612986e+01 2.805076e+00 -4.755450e+01
      vertex   2.612627e+01 2.959723e+00 -4.752447e+01
      vertex   2.619167e+01 2.842950e+00 -4.752447e+01
    endloop
  endfacet
  facet normal 3.183992e-01 2.127475e-01 -9.237751e-01
    outer loop
      vertex   2.612986e+01 2.805076e+00 -4.755450e+01
      vertex   2.619167e+01 2.842950e+00 -4.752447e+01
      vertex   2.620738e+01 2.689062e+00 -4.755450e+01
    endloop
  endfacet
  facet normal 3.183992e-01 2.127475e-01 -9.237751e-01
    outer loop
      vertex   2.620738e+01 2.689062e+00 -4.755450e+01
      vertex   2.619167e+01 2.842950e+00 -4.752447e+01
      vertex   2.626602e+01 2.731668e+00 -4.752447e+01
    endloop
  endfacet
  facet normal 3.007257e-01 2.370730e-01 -9.237751e-01
    outer loop
      vertex   2.620738e+01 2.689062e+00 -4.755450e+01
      vertex   2.626602e+01 2.731668e+00 -4.752447e+01
      vertex   2.629376e+01 2.579487e+00 -4.755450e+01
    endloop
  endfacet
  facet normal 3.007257e-01 2.370730e-01 -9.237751e-01
    outer loop
      vertex   2.629376e+01 2.579487e+00 -4.755450e+01
      vertex   2.626602e+01 2.731668e+00 -4.752447e+01
      vertex   2.634888e+01 2.626564e+00 -4.752447e+01
    endloop
  endfacet
  facet normal 2.334355e-01 9.171708e-03 -9.723290e-01
    outer loop
      vertex   2.594049e+01 3.733553e+00 -4.752447e+01
      vertex   2.601678e+01 3.733553e+00 -4.750616e+01
      vertex   2.594575e+01 3.599819e+00 -4.752447e+01
    endloop
  endfacet
  facet normal 2.334355e-01 9.171708e-03 -9.723290e-01
    outer loop
      vertex   2.594575e+01 3.599819e+00 -4.752447e+01
      vertex   2.601678e+01 3.733553e+00 -4.750616e+01
      vertex   2.602180e+01 3.605805e+00 -4.750616e+01
    endloop
  endfacet
  facet normal 2.319963e-01 2.745858e-02 -9.723290e-01
    outer loop
      vertex   2.594575e+01 3.599819e+00 -4.752447e+01
      vertex   2.602180e+01 3.605805e+00 -4.750616e+01
      vertex   2.596148e+01 3.466910e+00 -4.752447e+01
    endloop
  endfacet
  facet normal 2.319963e-01 2.745858e-02 -9.723290e-01
    outer loop
      vertex   2.596148e+01 3.466910e+00 -4.752447e+01
      vertex   2.602180e+01 3.605805e+00 -4.750616e+01
      vertex   2.603683e+01 3.478844e+00 -4.750616e+01
    endloop
  endfacet
  facet normal 2.291268e-01 4.557615e-02 -9.723290e-01
    outer loop
      vertex   2.596148e+01 3.466910e+00 -4.752447e+01
      vertex   2.603683e+01 3.478844e+00 -4.750616e+01
      vertex   2.598759e+01 3.335644e+00 -4.752447e+01
    endloop
  endfacet
  facet normal 2.291268e-01 4.557615e-02 -9.723290e-01
    outer loop
      vertex   2.598759e+01 3.335644e+00 -4.752447e+01
      vertex   2.603683e+01 3.478844e+00 -4.750616e+01
      vertex   2.606177e+01 3.353454e+00 -4.750616e+01
    endloop
  endfacet
  facet normal 2.248446e-01 6.341274e-02 -9.723290e-01
    outer loop
      vertex   2.598759e+01 3.335644e+00 -4.752447e+01
      vertex   2.606177e+01 3.353454e+00 -4.750616e+01
      vertex   2.602392e+01 3.206831e+00 -4.752447e+01
    endloop
  endfacet
  facet normal 2.248446e-01 6.341274e-02 -9.723290e-01
    outer loop
      vertex   2.602392e+01 3.206831e+00 -4.752447e+01
      vertex   2.606177e+01 3.353454e+00 -4.750616e+01
      vertex   2.609647e+01 3.230407e+00 -4.750616e+01
    endloop
  endfacet
  facet normal 2.191762e-01 8.085836e-02 -9.723290e-01
    outer loop
      vertex   2.602392e+01 3.206831e+00 -4.752447e+01
      vertex   2.609647e+01 3.230407e+00 -4.750616e+01
      vertex   2.607024e+01 3.081266e+00 -4.752447e+01
    endloop
  endfacet
  facet normal 2.191762e-01 8.085836e-02 -9.723290e-01
    outer loop
      vertex   2.607024e+01 3.081266e+00 -4.752447e+01
      vertex   2.609647e+01 3.230407e+00 -4.750616e+01
      vertex   2.614072e+01 3.110462e+00 -4.750616e+01
    endloop
  endfacet
  facet normal 2.121565e-01 9.780547e-02 -9.723290e-01
    outer loop
      vertex   2.607024e+01 3.081266e+00 -4.752447e+01
      vertex   2.614072e+01 3.110462e+00 -4.750616e+01
      vertex   2.612627e+01 2.959723e+00 -4.752447e+01
    endloop
  endfacet
  facet normal 2.121565e-01 9.780547e-02 -9.723290e-01
    outer loop
      vertex   2.612627e+01 2.959723e+00 -4.752447e+01
      vertex   2.614072e+01 3.110462e+00 -4.750616e+01
      vertex   2.619425e+01 2.994358e+00 -4.750616e+01
    endloop
  endfacet
  facet normal 2.038287e-01 1.141496e-01 -9.723290e-01
    outer loop
      vertex   2.612627e+01 2.959723e+00 -4.752447e+01
      vertex   2.619425e+01 2.994358e+00 -4.750616e+01
      vertex   2.619167e+01 2.842950e+00 -4.752447e+01
    endloop
  endfacet
  facet normal 2.038287e-01 1.141496e-01 -9.723290e-01
    outer loop
      vertex   2.619167e+01 2.842950e+00 -4.752447e+01
      vertex   2.619425e+01 2.994358e+00 -4.750616e+01
      vertex   2.625672e+01 2.882812e+00 -4.750616e+01
    endloop
  endfacet
  facet normal 1.942443e-01 1.297899e-01 -9.723290e-01
    outer loop
      vertex   2.619167e+01 2.842950e+00 -4.752447e+01
      vertex   2.625672e+01 2.882812e+00 -4.750616e+01
      vertex   2.626602e+01 2.731668e+00 -4.752447e+01
    endloop
  endfacet
  facet normal 1.942443e-01 1.297899e-01 -9.723290e-01
    outer loop
      vertex   2.626602e+01 2.731668e+00 -4.752447e+01
      vertex   2.625672e+01 2.882812e+00 -4.750616e+01
      vertex   2.632774e+01 2.776511e+00 -4.750616e+01
    endloop
  endfacet
  facet normal 1.834623e-01 1.446300e-01 -9.723290e-01
    outer loop
      vertex   2.626602e+01 2.731668e+00 -4.752447e+01
      vertex   2.632774e+01 2.776511e+00 -4.750616e+01
      vertex   2.634888e+01 2.626564e+00 -4.752447e+01
    endloop
  endfacet
  facet normal 1.834623e-01 1.446300e-01 -9.723290e-01
    outer loop
      vertex   2.634888e+01 2.626564e+00 -4.752447e+01
      vertex   2.632774e+01 2.776511e+00 -4.750616e+01
      vertex   2.640689e+01 2.676111e+00 -4.750616e+01
    endloop
  endfacet
  facet normal 7.845872e-02 3.082652e-03 -9.969126e-01
    outer loop
      vertex   2.601678e+01 3.733553e+00 -4.750616e+01
      vertex   2.609500e+01 3.733553e+00 -4.750000e+01
      vertex   2.602180e+01 3.605805e+00 -4.750616e+01
    endloop
  endfacet
  facet normal 7.790591e-02 3.401445e-03 -9.969549e-01
    outer loop
      vertex   2.602180e+01 3.605805e+00 -4.750616e+01
      vertex   2.609500e+01 3.733553e+00 -4.750000e+01
      vertex   2.610090e+01 3.598462e+00 -4.750000e+01
    endloop
  endfacet
  facet normal 7.844587e-02 9.284681e-03 -9.968751e-01
    outer loop
      vertex   2.602180e+01 3.605805e+00 -4.750616e+01
      vertex   2.610090e+01 3.598462e+00 -4.750000e+01
      vertex   2.603683e+01 3.478844e+00 -4.750616e+01
    endloop
  endfacet
  facet normal 7.689163e-02 1.012297e-02 -9.969881e-01
    outer loop
      vertex   2.603683e+01 3.478844e+00 -4.750616e+01
      vertex   2.610090e+01 3.598462e+00 -4.750000e+01
      vertex   2.611855e+01 3.464399e+00 -4.750000e+01
    endloop
  endfacet
  facet normal 7.782809e-02 1.548097e-02 -9.968466e-01
    outer loop
      vertex   2.603683e+01 3.478844e+00 -4.750616e+01
      vertex   2.611855e+01 3.464399e+00 -4.750000e+01
      vertex   2.606177e+01 3.353454e+00 -4.750616e+01
    endloop
  endfacet
  facet normal 7.542310e-02 1.672090e-02 -9.970114e-01
    outer loop
      vertex   2.606177e+01 3.353454e+00 -4.750616e+01
      vertex   2.611855e+01 3.464399e+00 -4.750000e+01
      vertex   2.614782e+01 3.332384e+00 -4.750000e+01
    endloop
  endfacet
  facet normal 7.660593e-02 2.160511e-02 -9.968273e-01
    outer loop
      vertex   2.606177e+01 3.353454e+00 -4.750616e+01
      vertex   2.614782e+01 3.332384e+00 -4.750000e+01
      vertex   2.609647e+01 3.230407e+00 -4.750616e+01
    endloop
  endfacet
  facet normal 7.350771e-02 2.317689e-02 -9.970253e-01
    outer loop
      vertex   2.609647e+01 3.230407e+00 -4.750616e+01
      vertex   2.614782e+01 3.332384e+00 -4.750000e+01
      vertex   2.618848e+01 3.203422e+00 -4.750000e+01
    endloop
  endfacet
  facet normal 7.478844e-02 2.759091e-02 -9.968177e-01
    outer loop
      vertex   2.609647e+01 3.230407e+00 -4.750616e+01
      vertex   2.618848e+01 3.203422e+00 -4.750000e+01
      vertex   2.614072e+01 3.110462e+00 -4.750616e+01
    endloop
  endfacet
  facet normal 7.115292e-02 2.947251e-02 -9.970299e-01
    outer loop
      vertex   2.614072e+01 3.110462e+00 -4.750616e+01
      vertex   2.618848e+01 3.203422e+00 -4.750000e+01
      vertex   2.624022e+01 3.078495e+00 -4.750000e+01
    endloop
  endfacet
  facet normal 7.239314e-02 3.337369e-02 -9.968177e-01
    outer loop
      vertex   2.614072e+01 3.110462e+00 -4.750616e+01
      vertex   2.624022e+01 3.078495e+00 -4.750000e+01
      vertex   2.619425e+01 2.994358e+00 -4.750616e+01
    endloop
  endfacet
  facet normal 6.836634e-02 3.558926e-02 -9.970253e-01
    outer loop
      vertex   2.619425e+01 2.994358e+00 -4.750616e+01
      vertex   2.624022e+01 3.078495e+00 -4.750000e+01
      vertex   2.630266e+01 2.958553e+00 -4.750000e+01
    endloop
  endfacet
  facet normal 6.944569e-02 3.889146e-02 -9.968273e-01
    outer loop
      vertex   2.619425e+01 2.994358e+00 -4.750616e+01
      vertex   2.630266e+01 2.958553e+00 -4.750000e+01
      vertex   2.625672e+01 2.882812e+00 -4.750616e+01
    endloop
  endfacet
  facet normal 6.515565e-02 4.150873e-02 -9.970114e-01
    outer loop
      vertex   2.625672e+01 2.882812e+00 -4.750616e+01
      vertex   2.630266e+01 2.958553e+00 -4.750000e+01
      vertex   2.637531e+01 2.844510e+00 -4.750000e+01
    endloop
  endfacet
  facet normal 6.597947e-02 4.408607e-02 -9.968466e-01
    outer loop
      vertex   2.625672e+01 2.882812e+00 -4.750616e+01
      vertex   2.637531e+01 2.844510e+00 -4.750000e+01
      vertex   2.632774e+01 2.776511e+00 -4.750616e+01
    endloop
  endfacet
  facet normal 6.152861e-02 4.721257e-02 -9.969881e-01
    outer loop
      vertex   2.632774e+01 2.776511e+00 -4.750616e+01
      vertex   2.637531e+01 2.844510e+00 -4.750000e+01
      vertex   2.645763e+01 2.737233e+00 -4.750000e+01
    endloop
  endfacet
  facet normal 6.203487e-02 4.890435e-02 -9.968751e-01
    outer loop
      vertex   2.632774e+01 2.776511e+00 -4.750616e+01
      vertex   2.645763e+01 2.737233e+00 -4.750000e+01
      vertex   2.640689e+01 2.676111e+00 -4.750616e+01
    endloop
  endfacet
  facet normal 5.547896e-02 5.547896e-02 -9.969173e-01
    outer loop
      vertex   2.654898e+01 2.637538e+00 -4.750000e+01
      vertex   2.715254e+01 2.033984e+00 -4.750000e+01
      vertex   2.649368e+01 2.582230e+00 -4.750616e+01
    endloop
  endfacet
  facet normal 5.547896e-02 5.547896e-02 -9.969173e-01
    outer loop
      vertex   2.649368e+01 2.582230e+00 -4.750616e+01
      vertex   2.715254e+01 2.033984e+00 -4.750000e+01
      vertex   2.709723e+01 1.978677e+00 -4.750616e+01
    endloop
  endfacet
  facet normal 1.650708e-01 1.650708e-01 -9.723699e-01
    outer loop
      vertex   2.649368e+01 2.582230e+00 -4.750616e+01
      vertex   2.709723e+01 1.978677e+00 -4.750616e+01
      vertex   2.643973e+01 2.528284e+00 -4.752447e+01
    endloop
  endfacet
  facet normal 1.650708e-01 1.650708e-01 -9.723699e-01
    outer loop
      vertex   2.643973e+01 2.528284e+00 -4.752447e+01
      vertex   2.709723e+01 1.978677e+00 -4.750616e+01
      vertex   2.704328e+01 1.924730e+00 -4.752447e+01
    endloop
  endfacet
  facet normal 2.705981e-01 2.705981e-01 -9.238795e-01
    outer loop
      vertex   2.643973e+01 2.528284e+00 -4.752447e+01
      vertex   2.704328e+01 1.924730e+00 -4.752447e+01
      vertex   2.638847e+01 2.477028e+00 -4.755450e+01
    endloop
  endfacet
  facet normal 2.705981e-01 2.705981e-01 -9.238795e-01
    outer loop
      vertex   2.638847e+01 2.477028e+00 -4.755450e+01
      vertex   2.704328e+01 1.924730e+00 -4.752447e+01
      vertex   2.699203e+01 1.873475e+00 -4.755450e+01
    endloop
  endfacet
  facet normal 3.694623e-01 3.694623e-01 -8.526402e-01
    outer loop
      vertex   2.638847e+01 2.477028e+00 -4.755450e+01
      vertex   2.699203e+01 1.873475e+00 -4.755450e+01
      vertex   2.634117e+01 2.429724e+00 -4.759549e+01
    endloop
  endfacet
  facet normal 3.694623e-01 3.694623e-01 -8.526402e-01
    outer loop
      vertex   2.634117e+01 2.429724e+00 -4.759549e+01
      vertex   2.699203e+01 1.873475e+00 -4.755450e+01
      vertex   2.694472e+01 1.826171e+00 -4.759549e+01
    endloop
  endfacet
  facet normal 4.592291e-01 4.592291e-01 -7.604060e-01
    outer loop
      vertex   2.634117e+01 2.429724e+00 -4.759549e+01
      vertex   2.694472e+01 1.826171e+00 -4.759549e+01
      vertex   2.629898e+01 2.387538e+00 -4.764645e+01
    endloop
  endfacet
  facet normal 4.592291e-01 4.592291e-01 -7.604060e-01
    outer loop
      vertex   2.629898e+01 2.387538e+00 -4.764645e+01
      vertex   2.694472e+01 1.826171e+00 -4.759549e+01
      vertex   2.690254e+01 1.783984e+00 -4.764645e+01
    endloop
  endfacet
  facet normal 5.376882e-01 5.376882e-01 -6.494480e-01
    outer loop
      vertex   2.629898e+01 2.387538e+00 -4.764645e+01
      vertex   2.690254e+01 1.783984e+00 -4.764645e+01
      vertex   2.626295e+01 2.351507e+00 -4.770611e+01
    endloop
  endfacet
  facet normal 5.376882e-01 5.376882e-01 -6.494480e-01
    outer loop
      vertex   2.626295e+01 2.351507e+00 -4.770611e+01
      vertex   2.690254e+01 1.783984e+00 -4.764645e+01
      vertex   2.686651e+01 1.747954e+00 -4.770611e+01
    endloop
  endfacet
  facet normal 6.029076e-01 6.029076e-01 -5.224986e-01
    outer loop
      vertex   2.626295e+01 2.351507e+00 -4.770611e+01
      vertex   2.686651e+01 1.747954e+00 -4.770611e+01
      vertex   2.623397e+01 2.322520e+00 -4.777300e+01
    endloop
  endfacet
  facet normal 6.029076e-01 6.029076e-01 -5.224986e-01
    outer loop
      vertex   2.623397e+01 2.322520e+00 -4.777300e+01
      vertex   2.686651e+01 1.747954e+00 -4.770611e+01
      vertex   2.683752e+01 1.718966e+00 -4.777300e+01
    endloop
  endfacet
  facet normal 6.532815e-01 6.532815e-01 -3.826834e-01
    outer loop
      vertex   2.623397e+01 2.322520e+00 -4.777300e+01
      vertex   2.683752e+01 1.718966e+00 -4.777300e+01
      vertex   2.621274e+01 2.301289e+00 -4.784549e+01
    endloop
  endfacet
  facet normal 6.532815e-01 6.532815e-01 -3.826834e-01
    outer loop
      vertex   2.621274e+01 2.301289e+00 -4.784549e+01
      vertex   2.683752e+01 1.718966e+00 -4.777300e+01
      vertex   2.681629e+01 1.697735e+00 -4.784549e+01
    endloop
  endfacet
  facet normal 6.875694e-01 6.875694e-01 -2.334454e-01
    outer loop
      vertex   2.621274e+01 2.301289e+00 -4.784549e+01
      vertex   2.681629e+01 1.697735e+00 -4.784549e+01
      vertex   2.619978e+01 2.288337e+00 -4.792178e+01
    endloop
  endfacet
  facet normal 6.875694e-01 6.875694e-01 -2.334454e-01
    outer loop
      vertex   2.619978e+01 2.288337e+00 -4.792178e+01
      vertex   2.681629e+01 1.697735e+00 -4.784549e+01
      vertex   2.680334e+01 1.684784e+00 -4.792178e+01
    endloop
  endfacet
  facet normal 7.049270e-01 7.049270e-01 -7.845910e-02
    outer loop
      vertex   2.619978e+01 2.288337e+00 -4.792178e+01
      vertex   2.680334e+01 1.684784e+00 -4.792178e+01
      vertex   2.619543e+01 2.283984e+00 -4.800000e+01
    endloop
  endfacet
  facet normal 7.049270e-01 7.049270e-01 -7.845910e-02
    outer loop
      vertex   2.619543e+01 2.283984e+00 -4.800000e+01
      vertex   2.680334e+01 1.684784e+00 -4.792178e+01
      vertex   2.679898e+01 1.680431e+00 -4.800000e+01
    endloop
  endfacet
  facet normal 3.401445e-03 7.790591e-02 -9.969549e-01
    outer loop
      vertex   2.811346e+01 1.585898e+00 -4.750000e+01
      vertex   2.824855e+01 1.580000e+00 -4.750000e+01
      vertex   2.812081e+01 1.506802e+00 -4.750616e+01
    endloop
  endfacet
  facet normal 3.082652e-03 7.845872e-02 -9.969126e-01
    outer loop
      vertex   2.812081e+01 1.506802e+00 -4.750616e+01
      vertex   2.824855e+01 1.580000e+00 -4.750000e+01
      vertex   2.824855e+01 1.501783e+00 -4.750616e+01
    endloop
  endfacet
  facet normal 9.171708e-03 2.334355e-01 -9.723290e-01
    outer loop
      vertex   2.812081e+01 1.506802e+00 -4.750616e+01
      vertex   2.824855e+01 1.501783e+00 -4.750616e+01
      vertex   2.824855e+01 1.425492e+00 -4.752447e+01
    endloop
  endfacet
  facet normal 9.171708e-03 2.334355e-01 -9.723290e-01
    outer loop
      vertex   2.812081e+01 1.506802e+00 -4.750616e+01
      vertex   2.824855e+01 1.425492e+00 -4.752447e+01
      vertex   2.811482e+01 1.430746e+00 -4.752447e+01
    endloop
  endfacet
  facet normal 1.503397e-02 3.826402e-01 -9.237751e-01
    outer loop
      vertex   2.811482e+01 1.430746e+00 -4.752447e+01
      vertex   2.824855e+01 1.425492e+00 -4.752447e+01
      vertex   2.824855e+01 1.353005e+00 -4.755450e+01
    endloop
  endfacet
  facet normal 1.503397e-02 3.826402e-01 -9.237751e-01
    outer loop
      vertex   2.811482e+01 1.430746e+00 -4.752447e+01
      vertex   2.824855e+01 1.353005e+00 -4.755450e+01
      vertex   2.810913e+01 1.358483e+00 -4.755450e+01
    endloop
  endfacet
  facet normal 2.052470e-02 5.223885e-01 -8.524606e-01
    outer loop
      vertex   2.810913e+01 1.358483e+00 -4.755450e+01
      vertex   2.824855e+01 1.353005e+00 -4.755450e+01
      vertex   2.824855e+01 1.286107e+00 -4.759549e+01
    endloop
  endfacet
  facet normal 2.052470e-02 5.223885e-01 -8.524606e-01
    outer loop
      vertex   2.810913e+01 1.358483e+00 -4.755450e+01
      vertex   2.824855e+01 1.286107e+00 -4.759549e+01
      vertex   2.810388e+01 1.291791e+00 -4.759549e+01
    endloop
  endfacet
  facet normal 2.550858e-02 6.492367e-01 -7.601585e-01
    outer loop
      vertex   2.810388e+01 1.291791e+00 -4.759549e+01
      vertex   2.824855e+01 1.286107e+00 -4.759549e+01
      vertex   2.824855e+01 1.226447e+00 -4.764645e+01
    endloop
  endfacet
  facet normal 2.550858e-02 6.492367e-01 -7.601585e-01
    outer loop
      vertex   2.810388e+01 1.291791e+00 -4.759549e+01
      vertex   2.824855e+01 1.226447e+00 -4.764645e+01
      vertex   2.809920e+01 1.232315e+00 -4.764645e+01
    endloop
  endfacet
  facet normal 2.986311e-02 7.600668e-01 -6.491584e-01
    outer loop
      vertex   2.809920e+01 1.232315e+00 -4.764645e+01
      vertex   2.824855e+01 1.226447e+00 -4.764645e+01
      vertex   2.824855e+01 1.175492e+00 -4.770611e+01
    endloop
  endfacet
  facet normal 2.986311e-02 7.600668e-01 -6.491584e-01
    outer loop
      vertex   2.809920e+01 1.232315e+00 -4.764645e+01
      vertex   2.824855e+01 1.175492e+00 -4.770611e+01
      vertex   2.809520e+01 1.181517e+00 -4.770611e+01
    endloop
  endfacet
  facet normal 3.348154e-02 8.521621e-01 -5.222056e-01
    outer loop
      vertex   2.809520e+01 1.181517e+00 -4.770611e+01
      vertex   2.824855e+01 1.175492e+00 -4.770611e+01
      vertex   2.824855e+01 1.134497e+00 -4.777300e+01
    endloop
  endfacet
  facet normal 3.348154e-02 8.521621e-01 -5.222056e-01
    outer loop
      vertex   2.809520e+01 1.181517e+00 -4.770611e+01
      vertex   2.824855e+01 1.134497e+00 -4.777300e+01
      vertex   2.809199e+01 1.140648e+00 -4.777300e+01
    endloop
  endfacet
  facet normal 3.627543e-02 9.232715e-01 -3.824316e-01
    outer loop
      vertex   2.809199e+01 1.140648e+00 -4.777300e+01
      vertex   2.824855e+01 1.134497e+00 -4.777300e+01
      vertex   2.824855e+01 1.104472e+00 -4.784549e+01
    endloop
  endfacet
  facet normal 3.627543e-02 9.232715e-01 -3.824316e-01
    outer loop
      vertex   2.809199e+01 1.140648e+00 -4.777300e+01
      vertex   2.824855e+01 1.104472e+00 -4.784549e+01
      vertex   2.808963e+01 1.110716e+00 -4.784549e+01
    endloop
  endfacet
  facet normal 3.817667e-02 9.716611e-01 -2.332752e-01
    outer loop
      vertex   2.808963e+01 1.110716e+00 -4.784549e+01
      vertex   2.824855e+01 1.104472e+00 -4.784549e+01
      vertex   2.824855e+01 1.086156e+00 -4.792178e+01
    endloop
  endfacet
  facet normal 3.817667e-02 9.716611e-01 -2.332752e-01
    outer loop
      vertex   2.808963e+01 1.110716e+00 -4.784549e+01
      vertex   2.824855e+01 1.086156e+00 -4.792178e+01
      vertex   2.808820e+01 1.092456e+00 -4.792178e+01
    endloop
  endfacet
  facet normal 3.913898e-02 9.961535e-01 -7.839898e-02
    outer loop
      vertex   2.808820e+01 1.092456e+00 -4.792178e+01
      vertex   2.824855e+01 1.086156e+00 -4.792178e+01
      vertex   2.824855e+01 1.080000e+00 -4.800000e+01
    endloop
  endfacet
  facet normal 3.913898e-02 9.961535e-01 -7.839898e-02
    outer loop
      vertex   2.808820e+01 1.092456e+00 -4.792178e+01
      vertex   2.824855e+01 1.080000e+00 -4.800000e+01
      vertex   2.808771e+01 1.086319e+00 -4.800000e+01
    endloop
  endfacet
  facet normal 1.171756e-01 9.900119e-01 -7.839898e-02
    outer loop
      vertex   2.808820e+01 1.092456e+00 -4.792178e+01
      vertex   2.808771e+01 1.086319e+00 -4.800000e+01
      vertex   2.792883e+01 1.111319e+00 -4.792178e+01
    endloop
  endfacet
  facet normal 1.171756e-01 9.900119e-01 -7.839898e-02
    outer loop
      vertex   2.792883e+01 1.111319e+00 -4.792178e+01
      vertex   2.808771e+01 1.086319e+00 -4.800000e+01
      vertex   2.792786e+01 1.105239e+00 -4.800000e+01
    endloop
  endfacet
  facet normal 1.944898e-01 9.777665e-01 -7.839898e-02
    outer loop
      vertex   2.792883e+01 1.111319e+00 -4.792178e+01
      vertex   2.792786e+01 1.105239e+00 -4.800000e+01
      vertex   2.777143e+01 1.142627e+00 -4.792178e+01
    endloop
  endfacet
  facet normal 1.944898e-01 9.777665e-01 -7.839898e-02
    outer loop
      vertex   2.777143e+01 1.142627e+00 -4.792178e+01
      vertex   2.792786e+01 1.105239e+00 -4.800000e+01
      vertex   2.776999e+01 1.136642e+00 -4.800000e+01
    endloop
  endfacet
  facet normal 2.706050e-01 9.594929e-01 -7.839898e-02
    outer loop
      vertex   2.777143e+01 1.142627e+00 -4.792178e+01
      vertex   2.776999e+01 1.136642e+00 -4.800000e+01
      vertex   2.761697e+01 1.186189e+00 -4.792178e+01
    endloop
  endfacet
  facet normal 2.706050e-01 9.594929e-01 -7.839898e-02
    outer loop
      vertex   2.761697e+01 1.186189e+00 -4.792178e+01
      vertex   2.776999e+01 1.136642e+00 -4.800000e+01
      vertex   2.761507e+01 1.180334e+00 -4.800000e+01
    endloop
  endfacet
  facet normal 3.450517e-01 9.353036e-01 -7.839898e-02
    outer loop
      vertex   2.761697e+01 1.186189e+00 -4.792178e+01
      vertex   2.761507e+01 1.180334e+00 -4.800000e+01
      vertex   2.746641e+01 1.241734e+00 -4.792178e+01
    endloop
  endfacet
  facet normal 3.450517e-01 9.353036e-01 -7.839898e-02
    outer loop
      vertex   2.746641e+01 1.241734e+00 -4.792178e+01
      vertex   2.761507e+01 1.180334e+00 -4.800000e+01
      vertex   2.746405e+01 1.236047e+00 -4.800000e+01
    endloop
  endfacet
  facet normal 4.173711e-01 9.053480e-01 -7.839898e-02
    outer loop
      vertex   2.746641e+01 1.241734e+00 -4.792178e+01
      vertex   2.746405e+01 1.236047e+00 -4.800000e+01
      vertex   2.732067e+01 1.308922e+00 -4.792178e+01
    endloop
  endfacet
  facet normal 4.173711e-01 9.053480e-01 -7.839898e-02
    outer loop
      vertex   2.732067e+01 1.308922e+00 -4.792178e+01
      vertex   2.746405e+01 1.236047e+00 -4.800000e+01
      vertex   2.731787e+01 1.303437e+00 -4.800000e+01
    endloop
  endfacet
  facet normal 4.871173e-01 8.698105e-01 -7.839898e-02
    outer loop
      vertex   2.732067e+01 1.308922e+00 -4.792178e+01
      vertex   2.731787e+01 1.303437e+00 -4.800000e+01
      vertex   2.718065e+01 1.387336e+00 -4.792178e+01
    endloop
  endfacet
  facet normal 4.871173e-01 8.698105e-01 -7.839898e-02
    outer loop
      vertex   2.718065e+01 1.387336e+00 -4.792178e+01
      vertex   2.731787e+01 1.303437e+00 -4.800000e+01
      vertex   2.717743e+01 1.382088e+00 -4.800000e+01
    endloop
  endfacet
  facet normal 5.538602e-01 8.289104e-01 -7.839898e-02
    outer loop
      vertex   2.718065e+01 1.387336e+00 -4.792178e+01
      vertex   2.717743e+01 1.382088e+00 -4.800000e+01
      vertex   2.704721e+01 1.476495e+00 -4.792178e+01
    endloop
  endfacet
  facet normal 5.538602e-01 8.289104e-01 -7.839898e-02
    outer loop
      vertex   2.704721e+01 1.476495e+00 -4.792178e+01
      vertex   2.717743e+01 1.382088e+00 -4.800000e+01
      vertex   2.704359e+01 1.471515e+00 -4.800000e+01
    endloop
  endfacet
  facet normal 6.171884e-01 7.828998e-01 -7.839898e-02
    outer loop
      vertex   2.704721e+01 1.476495e+00 -4.792178e+01
      vertex   2.704359e+01 1.471515e+00 -4.800000e+01
      vertex   2.692118e+01 1.575849e+00 -4.792178e+01
    endloop
  endfacet
  facet normal 6.171884e-01 7.828998e-01 -7.839898e-02
    outer loop
      vertex   2.692118e+01 1.575849e+00 -4.792178e+01
      vertex   2.704359e+01 1.471515e+00 -4.800000e+01
      vertex   2.691719e+01 1.571168e+00 -4.800000e+01
    endloop
  endfacet
  facet normal 6.767114e-01 7.320623e-01 -7.839898e-02
    outer loop
      vertex   2.692118e+01 1.575849e+00 -4.792178e+01
      vertex   2.691719e+01 1.571168e+00 -4.800000e+01
      vertex   2.680334e+01 1.684784e+00 -4.792178e+01
    endloop
  endfacet
  facet normal 6.767114e-01 7.320623e-01 -7.839898e-02
    outer loop
      vertex   2.680334e+01 1.684784e+00 -4.792178e+01
      vertex   2.691719e+01 1.571168e+00 -4.800000e+01
      vertex   2.679898e+01 1.680431e+00 -4.800000e+01
    endloop
  endfacet
  facet normal 6.600731e-01 7.140631e-01 -2.332752e-01
    outer loop
      vertex   2.680334e+01 1.684784e+00 -4.792178e+01
      vertex   2.681629e+01 1.697735e+00 -4.784549e+01
      vertex   2.692118e+01 1.575849e+00 -4.792178e+01
    endloop
  endfacet
  facet normal 6.600731e-01 7.140631e-01 -2.332752e-01
    outer loop
      vertex   2.692118e+01 1.575849e+00 -4.792178e+01
      vertex   2.681629e+01 1.697735e+00 -4.784549e+01
      vertex   2.693308e+01 1.589776e+00 -4.784549e+01
    endloop
  endfacet
  facet normal 6.020136e-01 7.636506e-01 -2.332752e-01
    outer loop
      vertex   2.692118e+01 1.575849e+00 -4.792178e+01
      vertex   2.693308e+01 1.589776e+00 -4.784549e+01
      vertex   2.704721e+01 1.476495e+00 -4.792178e+01
    endloop
  endfacet
  facet normal 6.020136e-01 7.636506e-01 -2.332752e-01
    outer loop
      vertex   2.704721e+01 1.476495e+00 -4.792178e+01
      vertex   2.693308e+01 1.589776e+00 -4.784549e+01
      vertex   2.705798e+01 1.491313e+00 -4.784549e+01
    endloop
  endfacet
  facet normal 5.402425e-01 8.085300e-01 -2.332752e-01
    outer loop
      vertex   2.704721e+01 1.476495e+00 -4.792178e+01
      vertex   2.705798e+01 1.491313e+00 -4.784549e+01
      vertex   2.718065e+01 1.387336e+00 -4.792178e+01
    endloop
  endfacet
  facet normal 5.402425e-01 8.085300e-01 -2.332752e-01
    outer loop
      vertex   2.718065e+01 1.387336e+00 -4.792178e+01
      vertex   2.705798e+01 1.491313e+00 -4.784549e+01
      vertex   2.719022e+01 1.402953e+00 -4.784549e+01
    endloop
  endfacet
  facet normal 4.751406e-01 8.484245e-01 -2.332752e-01
    outer loop
      vertex   2.718065e+01 1.387336e+00 -4.792178e+01
      vertex   2.719022e+01 1.402953e+00 -4.784549e+01
      vertex   2.732067e+01 1.308922e+00 -4.792178e+01
    endloop
  endfacet
  facet normal 4.751406e-01 8.484245e-01 -2.332752e-01
    outer loop
      vertex   2.732067e+01 1.308922e+00 -4.792178e+01
      vertex   2.719022e+01 1.402953e+00 -4.784549e+01
      vertex   2.732898e+01 1.325241e+00 -4.784549e+01
    endloop
  endfacet
  facet normal 4.071092e-01 8.830882e-01 -2.332752e-01
    outer loop
      vertex   2.732067e+01 1.308922e+00 -4.792178e+01
      vertex   2.732898e+01 1.325241e+00 -4.784549e+01
      vertex   2.746641e+01 1.241734e+00 -4.792178e+01
    endloop
  endfacet
  facet normal 4.071092e-01 8.830882e-01 -2.332752e-01
    outer loop
      vertex   2.746641e+01 1.241734e+00 -4.792178e+01
      vertex   2.732898e+01 1.325241e+00 -4.784549e+01
      vertex   2.747342e+01 1.258656e+00 -4.784549e+01
    endloop
  endfacet
  facet normal 3.365680e-01 9.123074e-01 -2.332752e-01
    outer loop
      vertex   2.746641e+01 1.241734e+00 -4.792178e+01
      vertex   2.747342e+01 1.258656e+00 -4.784549e+01
      vertex   2.761697e+01 1.186189e+00 -4.792178e+01
    endloop
  endfacet
  facet normal 3.365680e-01 9.123074e-01 -2.332752e-01
    outer loop
      vertex   2.761697e+01 1.186189e+00 -4.792178e+01
      vertex   2.747342e+01 1.258656e+00 -4.784549e+01
      vertex   2.762263e+01 1.203608e+00 -4.784549e+01
    endloop
  endfacet
  facet normal 2.639516e-01 9.359018e-01 -2.332752e-01
    outer loop
      vertex   2.761697e+01 1.186189e+00 -4.792178e+01
      vertex   2.762263e+01 1.203608e+00 -4.784549e+01
      vertex   2.777143e+01 1.142627e+00 -4.792178e+01
    endloop
  endfacet
  facet normal 2.639516e-01 9.359018e-01 -2.332752e-01
    outer loop
      vertex   2.777143e+01 1.142627e+00 -4.792178e+01
      vertex   2.762263e+01 1.203608e+00 -4.784549e+01
      vertex   2.777570e+01 1.160437e+00 -4.784549e+01
    endloop
  endfacet
  facet normal 1.897079e-01 9.537262e-01 -2.332752e-01
    outer loop
      vertex   2.777143e+01 1.142627e+00 -4.792178e+01
      vertex   2.777570e+01 1.160437e+00 -4.784549e+01
      vertex   2.792883e+01 1.111319e+00 -4.792178e+01
    endloop
  endfacet
  facet normal 1.897079e-01 9.537262e-01 -2.332752e-01
    outer loop
      vertex   2.792883e+01 1.111319e+00 -4.792178e+01
      vertex   2.777570e+01 1.160437e+00 -4.784549e+01
      vertex   2.793169e+01 1.129409e+00 -4.784549e+01
    endloop
  endfacet
  facet normal 1.142946e-01 9.656705e-01 -2.332752e-01
    outer loop
      vertex   2.792883e+01 1.111319e+00 -4.792178e+01
      vertex   2.793169e+01 1.129409e+00 -4.784549e+01
      vertex   2.808820e+01 1.092456e+00 -4.792178e+01
    endloop
  endfacet
  facet normal 1.142946e-01 9.656705e-01 -2.332752e-01
    outer loop
      vertex   2.808820e+01 1.092456e+00 -4.792178e+01
      vertex   2.793169e+01 1.129409e+00 -4.784549e+01
      vertex   2.808963e+01 1.110716e+00 -4.784549e+01
    endloop
  endfacet
  facet normal 6.272009e-01 6.785021e-01 -3.824316e-01
    outer loop
      vertex   2.681629e+01 1.697735e+00 -4.784549e+01
      vertex   2.683752e+01 1.718966e+00 -4.777300e+01
      vertex   2.693308e+01 1.589776e+00 -4.784549e+01
    endloop
  endfacet
  facet normal 6.272009e-01 6.785021e-01 -3.824316e-01
    outer loop
      vertex   2.693308e+01 1.589776e+00 -4.784549e+01
      vertex   2.683752e+01 1.718966e+00 -4.777300e+01
      vertex   2.695258e+01 1.612607e+00 -4.777300e+01
    endloop
  endfacet
  facet normal 5.720328e-01 7.256201e-01 -3.824316e-01
    outer loop
      vertex   2.693308e+01 1.589776e+00 -4.784549e+01
      vertex   2.695258e+01 1.612607e+00 -4.777300e+01
      vertex   2.705798e+01 1.491313e+00 -4.784549e+01
    endloop
  endfacet
  facet normal 5.720328e-01 7.256201e-01 -3.824316e-01
    outer loop
      vertex   2.705798e+01 1.491313e+00 -4.784549e+01
      vertex   2.695258e+01 1.612607e+00 -4.777300e+01
      vertex   2.707563e+01 1.515604e+00 -4.777300e+01
    endloop
  endfacet
  facet normal 5.133379e-01 7.682645e-01 -3.824316e-01
    outer loop
      vertex   2.705798e+01 1.491313e+00 -4.784549e+01
      vertex   2.707563e+01 1.515604e+00 -4.777300e+01
      vertex   2.719022e+01 1.402953e+00 -4.784549e+01
    endloop
  endfacet
  facet normal 5.133379e-01 7.682645e-01 -3.824316e-01
    outer loop
      vertex   2.719022e+01 1.402953e+00 -4.784549e+01
      vertex   2.707563e+01 1.515604e+00 -4.777300e+01
      vertex   2.720591e+01 1.428554e+00 -4.777300e+01
    endloop
  endfacet
  facet normal 4.514781e-01 8.061722e-01 -3.824316e-01
    outer loop
      vertex   2.719022e+01 1.402953e+00 -4.784549e+01
      vertex   2.720591e+01 1.428554e+00 -4.777300e+01
      vertex   2.732898e+01 1.325241e+00 -4.784549e+01
    endloop
  endfacet
  facet normal 4.514781e-01 8.061722e-01 -3.824316e-01
    outer loop
      vertex   2.732898e+01 1.325241e+00 -4.784549e+01
      vertex   2.720591e+01 1.428554e+00 -4.777300e+01
      vertex   2.734261e+01 1.351994e+00 -4.777300e+01
    endloop
  endfacet
  facet normal 3.868348e-01 8.391096e-01 -3.824316e-01
    outer loop
      vertex   2.732898e+01 1.325241e+00 -4.784549e+01
      vertex   2.734261e+01 1.351994e+00 -4.777300e+01
      vertex   2.747342e+01 1.258656e+00 -4.784549e+01
    endloop
  endfacet
  facet normal 3.868348e-01 8.391096e-01 -3.824316e-01
    outer loop
      vertex   2.747342e+01 1.258656e+00 -4.784549e+01
      vertex   2.734261e+01 1.351994e+00 -4.777300e+01
      vertex   2.748491e+01 1.286395e+00 -4.777300e+01
    endloop
  endfacet
  facet normal 3.198066e-01 8.668736e-01 -3.824316e-01
    outer loop
      vertex   2.747342e+01 1.258656e+00 -4.784549e+01
      vertex   2.748491e+01 1.286395e+00 -4.777300e+01
      vertex   2.762263e+01 1.203608e+00 -4.784549e+01
    endloop
  endfacet
  facet normal 3.198066e-01 8.668736e-01 -3.824316e-01
    outer loop
      vertex   2.762263e+01 1.203608e+00 -4.784549e+01
      vertex   2.748491e+01 1.286395e+00 -4.777300e+01
      vertex   2.763191e+01 1.232164e+00 -4.777300e+01
    endloop
  endfacet
  facet normal 2.508066e-01 8.892931e-01 -3.824316e-01
    outer loop
      vertex   2.762263e+01 1.203608e+00 -4.784549e+01
      vertex   2.763191e+01 1.232164e+00 -4.777300e+01
      vertex   2.777570e+01 1.160437e+00 -4.784549e+01
    endloop
  endfacet
  facet normal 2.508066e-01 8.892931e-01 -3.824316e-01
    outer loop
      vertex   2.777570e+01 1.160437e+00 -4.784549e+01
      vertex   2.763191e+01 1.232164e+00 -4.777300e+01
      vertex   2.778271e+01 1.189633e+00 -4.777300e+01
    endloop
  endfacet
  facet normal 1.802603e-01 9.062297e-01 -3.824316e-01
    outer loop
      vertex   2.777570e+01 1.160437e+00 -4.784549e+01
      vertex   2.778271e+01 1.189633e+00 -4.777300e+01
      vertex   2.793169e+01 1.129409e+00 -4.784549e+01
    endloop
  endfacet
  facet normal 1.802603e-01 9.062297e-01 -3.824316e-01
    outer loop
      vertex   2.793169e+01 1.129409e+00 -4.784549e+01
      vertex   2.778271e+01 1.189633e+00 -4.777300e+01
      vertex   2.793639e+01 1.159065e+00 -4.777300e+01
    endloop
  endfacet
  facet normal 1.086027e-01 9.175792e-01 -3.824316e-01
    outer loop
      vertex   2.793169e+01 1.129409e+00 -4.784549e+01
      vertex   2.793639e+01 1.159065e+00 -4.777300e+01
      vertex   2.808963e+01 1.110716e+00 -4.784549e+01
    endloop
  endfacet
  facet normal 1.086027e-01 9.175792e-01 -3.824316e-01
    outer loop
      vertex   2.808963e+01 1.110716e+00 -4.784549e+01
      vertex   2.793639e+01 1.159065e+00 -4.777300e+01
      vertex   2.809199e+01 1.140648e+00 -4.777300e+01
    endloop
  endfacet
  facet normal 5.788946e-01 6.262446e-01 -5.222056e-01
    outer loop
      vertex   2.683752e+01 1.718966e+00 -4.777300e+01
      vertex   2.686651e+01 1.747954e+00 -4.770611e+01
      vertex   2.695258e+01 1.612607e+00 -4.777300e+01
    endloop
  endfacet
  facet normal 5.788946e-01 6.262446e-01 -5.222056e-01
    outer loop
      vertex   2.695258e+01 1.612607e+00 -4.777300e+01
      vertex   2.686651e+01 1.747954e+00 -4.770611e+01
      vertex   2.697920e+01 1.643780e+00 -4.770611e+01
    endloop
  endfacet
  facet normal 5.279755e-01 6.697337e-01 -5.222056e-01
    outer loop
      vertex   2.695258e+01 1.612607e+00 -4.777300e+01
      vertex   2.697920e+01 1.643780e+00 -4.770611e+01
      vertex   2.707563e+01 1.515604e+00 -4.777300e+01
    endloop
  endfacet
  facet normal 5.279755e-01 6.697337e-01 -5.222056e-01
    outer loop
      vertex   2.707563e+01 1.515604e+00 -4.777300e+01
      vertex   2.697920e+01 1.643780e+00 -4.770611e+01
      vertex   2.709972e+01 1.548769e+00 -4.770611e+01
    endloop
  endfacet
  facet normal 4.738012e-01 7.090936e-01 -5.222056e-01
    outer loop
      vertex   2.707563e+01 1.515604e+00 -4.777300e+01
      vertex   2.709972e+01 1.548769e+00 -4.770611e+01
      vertex   2.720591e+01 1.428554e+00 -4.777300e+01
    endloop
  endfacet
  facet normal 4.738012e-01 7.090936e-01 -5.222056e-01
    outer loop
      vertex   2.720591e+01 1.428554e+00 -4.777300e+01
      vertex   2.709972e+01 1.548769e+00 -4.770611e+01
      vertex   2.722733e+01 1.463508e+00 -4.770611e+01
    endloop
  endfacet
  facet normal 4.167058e-01 7.440817e-01 -5.222056e-01
    outer loop
      vertex   2.720591e+01 1.428554e+00 -4.777300e+01
      vertex   2.722733e+01 1.463508e+00 -4.770611e+01
      vertex   2.734261e+01 1.351994e+00 -4.777300e+01
    endloop
  endfacet
  facet normal 4.167058e-01 7.440817e-01 -5.222056e-01
    outer loop
      vertex   2.734261e+01 1.351994e+00 -4.777300e+01
      vertex   2.722733e+01 1.463508e+00 -4.770611e+01
      vertex   2.736123e+01 1.388520e+00 -4.770611e+01
    endloop
  endfacet
  facet normal 3.570412e-01 7.744823e-01 -5.222056e-01
    outer loop
      vertex   2.734261e+01 1.351994e+00 -4.777300e+01
      vertex   2.736123e+01 1.388520e+00 -4.770611e+01
      vertex   2.748491e+01 1.286395e+00 -4.777300e+01
    endloop
  endfacet
  facet normal 3.570412e-01 7.744823e-01 -5.222056e-01
    outer loop
      vertex   2.748491e+01 1.286395e+00 -4.777300e+01
      vertex   2.736123e+01 1.388520e+00 -4.770611e+01
      vertex   2.750060e+01 1.324270e+00 -4.770611e+01
    endloop
  endfacet
  facet normal 2.951754e-01 8.001080e-01 -5.222056e-01
    outer loop
      vertex   2.748491e+01 1.286395e+00 -4.777300e+01
      vertex   2.750060e+01 1.324270e+00 -4.770611e+01
      vertex   2.763191e+01 1.232164e+00 -4.777300e+01
    endloop
  endfacet
  facet normal 2.951754e-01 8.001080e-01 -5.222056e-01
    outer loop
      vertex   2.763191e+01 1.232164e+00 -4.777300e+01
      vertex   2.750060e+01 1.324270e+00 -4.770611e+01
      vertex   2.764458e+01 1.271152e+00 -4.770611e+01
    endloop
  endfacet
  facet normal 2.314897e-01 8.208007e-01 -5.222056e-01
    outer loop
      vertex   2.763191e+01 1.232164e+00 -4.777300e+01
      vertex   2.764458e+01 1.271152e+00 -4.770611e+01
      vertex   2.778271e+01 1.189633e+00 -4.777300e+01
    endloop
  endfacet
  facet normal 2.314897e-01 8.208007e-01 -5.222056e-01
    outer loop
      vertex   2.778271e+01 1.189633e+00 -4.777300e+01
      vertex   2.764458e+01 1.271152e+00 -4.770611e+01
      vertex   2.779228e+01 1.229495e+00 -4.770611e+01
    endloop
  endfacet
  facet normal 1.663769e-01 8.364329e-01 -5.222056e-01
    outer loop
      vertex   2.778271e+01 1.189633e+00 -4.777300e+01
      vertex   2.779228e+01 1.229495e+00 -4.770611e+01
      vertex   2.793639e+01 1.159065e+00 -4.777300e+01
    endloop
  endfacet
  facet normal 1.663769e-01 8.364329e-01 -5.222056e-01
    outer loop
      vertex   2.793639e+01 1.159065e+00 -4.777300e+01
      vertex   2.779228e+01 1.229495e+00 -4.770611e+01
      vertex   2.794280e+01 1.199555e+00 -4.770611e+01
    endloop
  endfacet
  facet normal 1.002382e-01 8.469083e-01 -5.222056e-01
    outer loop
      vertex   2.793639e+01 1.159065e+00 -4.777300e+01
      vertex   2.794280e+01 1.199555e+00 -4.770611e+01
      vertex   2.809199e+01 1.140648e+00 -4.777300e+01
    endloop
  endfacet
  facet normal 1.002382e-01 8.469083e-01 -5.222056e-01
    outer loop
      vertex   2.809199e+01 1.140648e+00 -4.777300e+01
      vertex   2.794280e+01 1.199555e+00 -4.770611e+01
      vertex   2.809520e+01 1.181517e+00 -4.770611e+01
    endloop
  endfacet
  facet normal 5.163320e-01 5.585648e-01 -6.491584e-01
    outer loop
      vertex   2.686651e+01 1.747954e+00 -4.770611e+01
      vertex   2.690254e+01 1.783984e+00 -4.764645e+01
      vertex   2.697920e+01 1.643780e+00 -4.770611e+01
    endloop
  endfacet
  facet normal 5.163320e-01 5.585648e-01 -6.491584e-01
    outer loop
      vertex   2.697920e+01 1.643780e+00 -4.770611e+01
      vertex   2.690254e+01 1.783984e+00 -4.764645e+01
      vertex   2.701229e+01 1.682527e+00 -4.764645e+01
    endloop
  endfacet
  facet normal 4.709158e-01 5.973539e-01 -6.491584e-01
    outer loop
      vertex   2.697920e+01 1.643780e+00 -4.770611e+01
      vertex   2.701229e+01 1.682527e+00 -4.764645e+01
      vertex   2.709972e+01 1.548769e+00 -4.770611e+01
    endloop
  endfacet
  facet normal 4.709158e-01 5.973539e-01 -6.491584e-01
    outer loop
      vertex   2.709972e+01 1.548769e+00 -4.770611e+01
      vertex   2.701229e+01 1.682527e+00 -4.764645e+01
      vertex   2.712967e+01 1.589993e+00 -4.764645e+01
    endloop
  endfacet
  facet normal 4.225963e-01 6.324601e-01 -6.491584e-01
    outer loop
      vertex   2.709972e+01 1.548769e+00 -4.770611e+01
      vertex   2.712967e+01 1.589993e+00 -4.764645e+01
      vertex   2.722733e+01 1.463508e+00 -4.770611e+01
    endloop
  endfacet
  facet normal 4.225963e-01 6.324601e-01 -6.491584e-01
    outer loop
      vertex   2.722733e+01 1.463508e+00 -4.770611e+01
      vertex   2.712967e+01 1.589993e+00 -4.764645e+01
      vertex   2.725395e+01 1.506954e+00 -4.764645e+01
    endloop
  endfacet
  facet normal 3.716713e-01 6.636669e-01 -6.491584e-01
    outer loop
      vertex   2.722733e+01 1.463508e+00 -4.770611e+01
      vertex   2.725395e+01 1.506954e+00 -4.764645e+01
      vertex   2.736123e+01 1.388520e+00 -4.770611e+01
    endloop
  endfacet
  facet normal 3.716713e-01 6.636669e-01 -6.491584e-01
    outer loop
      vertex   2.736123e+01 1.388520e+00 -4.770611e+01
      vertex   2.725395e+01 1.506954e+00 -4.764645e+01
      vertex   2.738436e+01 1.433922e+00 -4.764645e+01
    endloop
  endfacet
  facet normal 3.184549e-01 6.907821e-01 -6.491584e-01
    outer loop
      vertex   2.736123e+01 1.388520e+00 -4.770611e+01
      vertex   2.738436e+01 1.433922e+00 -4.764645e+01
      vertex   2.750060e+01 1.324270e+00 -4.770611e+01
    endloop
  endfacet
  facet normal 3.184549e-01 6.907821e-01 -6.491584e-01
    outer loop
      vertex   2.750060e+01 1.324270e+00 -4.770611e+01
      vertex   2.738436e+01 1.433922e+00 -4.764645e+01
      vertex   2.752010e+01 1.371346e+00 -4.764645e+01
    endloop
  endfacet
  facet normal 2.632751e-01 7.136383e-01 -6.491584e-01
    outer loop
      vertex   2.750060e+01 1.324270e+00 -4.770611e+01
      vertex   2.752010e+01 1.371346e+00 -4.764645e+01
      vertex   2.764458e+01 1.271152e+00 -4.770611e+01
    endloop
  endfacet
  facet normal 2.632751e-01 7.136383e-01 -6.491584e-01
    outer loop
      vertex   2.764458e+01 1.271152e+00 -4.770611e+01
      vertex   2.752010e+01 1.371346e+00 -4.764645e+01
      vertex   2.766032e+01 1.319613e+00 -4.764645e+01
    endloop
  endfacet
  facet normal 2.064721e-01 7.320947e-01 -6.491584e-01
    outer loop
      vertex   2.764458e+01 1.271152e+00 -4.770611e+01
      vertex   2.766032e+01 1.319613e+00 -4.764645e+01
      vertex   2.779228e+01 1.229495e+00 -4.770611e+01
    endloop
  endfacet
  facet normal 2.064721e-01 7.320947e-01 -6.491584e-01
    outer loop
      vertex   2.779228e+01 1.229495e+00 -4.770611e+01
      vertex   2.766032e+01 1.319613e+00 -4.764645e+01
      vertex   2.780418e+01 1.279042e+00 -4.764645e+01
    endloop
  endfacet
  facet normal 1.483961e-01 7.460375e-01 -6.491584e-01
    outer loop
      vertex   2.779228e+01 1.229495e+00 -4.770611e+01
      vertex   2.780418e+01 1.279042e+00 -4.764645e+01
      vertex   2.794280e+01 1.199555e+00 -4.770611e+01
    endloop
  endfacet
  facet normal 1.483961e-01 7.460375e-01 -6.491584e-01
    outer loop
      vertex   2.794280e+01 1.199555e+00 -4.770611e+01
      vertex   2.780418e+01 1.279042e+00 -4.764645e+01
      vertex   2.795077e+01 1.249883e+00 -4.764645e+01
    endloop
  endfacet
  facet normal 8.940520e-02 7.553808e-01 -6.491584e-01
    outer loop
      vertex   2.794280e+01 1.199555e+00 -4.770611e+01
      vertex   2.795077e+01 1.249883e+00 -4.764645e+01
      vertex   2.809520e+01 1.181517e+00 -4.770611e+01
    endloop
  endfacet
  facet normal 8.940520e-02 7.553808e-01 -6.491584e-01
    outer loop
      vertex   2.809520e+01 1.181517e+00 -4.770611e+01
      vertex   2.795077e+01 1.249883e+00 -4.764645e+01
      vertex   2.809920e+01 1.232315e+00 -4.764645e+01
    endloop
  endfacet
  facet normal 4.410424e-01 4.771170e-01 -7.601585e-01
    outer loop
      vertex   2.690254e+01 1.783984e+00 -4.764645e+01
      vertex   2.694472e+01 1.826171e+00 -4.759549e+01
      vertex   2.701229e+01 1.682527e+00 -4.764645e+01
    endloop
  endfacet
  facet normal 4.410424e-01 4.771170e-01 -7.601585e-01
    outer loop
      vertex   2.701229e+01 1.682527e+00 -4.764645e+01
      vertex   2.694472e+01 1.826171e+00 -4.759549e+01
      vertex   2.705104e+01 1.727893e+00 -4.759549e+01
    endloop
  endfacet
  facet normal 4.022486e-01 5.102500e-01 -7.601585e-01
    outer loop
      vertex   2.701229e+01 1.682527e+00 -4.764645e+01
      vertex   2.705104e+01 1.727893e+00 -4.759549e+01
      vertex   2.712967e+01 1.589993e+00 -4.764645e+01
    endloop
  endfacet
  facet normal 4.022486e-01 5.102500e-01 -7.601585e-01
    outer loop
      vertex   2.712967e+01 1.589993e+00 -4.764645e+01
      vertex   2.705104e+01 1.727893e+00 -4.759549e+01
      vertex   2.716474e+01 1.638260e+00 -4.759549e+01
    endloop
  endfacet
  facet normal 3.609749e-01 5.402371e-01 -7.601585e-01
    outer loop
      vertex   2.712967e+01 1.589993e+00 -4.764645e+01
      vertex   2.716474e+01 1.638260e+00 -4.759549e+01
      vertex   2.725395e+01 1.506954e+00 -4.764645e+01
    endloop
  endfacet
  facet normal 3.609749e-01 5.402371e-01 -7.601585e-01
    outer loop
      vertex   2.725395e+01 1.506954e+00 -4.764645e+01
      vertex   2.716474e+01 1.638260e+00 -4.759549e+01
      vertex   2.728512e+01 1.557823e+00 -4.759549e+01
    endloop
  endfacet
  facet normal 3.174756e-01 5.668935e-01 -7.601585e-01
    outer loop
      vertex   2.725395e+01 1.506954e+00 -4.764645e+01
      vertex   2.728512e+01 1.557823e+00 -4.759549e+01
      vertex   2.738436e+01 1.433922e+00 -4.764645e+01
    endloop
  endfacet
  facet normal 3.174756e-01 5.668935e-01 -7.601585e-01
    outer loop
      vertex   2.738436e+01 1.433922e+00 -4.764645e+01
      vertex   2.728512e+01 1.557823e+00 -4.759549e+01
      vertex   2.741144e+01 1.487080e+00 -4.759549e+01
    endloop
  endfacet
  facet normal 2.720190e-01 5.900548e-01 -7.601585e-01
    outer loop
      vertex   2.738436e+01 1.433922e+00 -4.764645e+01
      vertex   2.741144e+01 1.487080e+00 -4.759549e+01
      vertex   2.752010e+01 1.371346e+00 -4.764645e+01
    endloop
  endfacet
  facet normal 2.720190e-01 5.900548e-01 -7.601585e-01
    outer loop
      vertex   2.752010e+01 1.371346e+00 -4.764645e+01
      vertex   2.741144e+01 1.487080e+00 -4.759549e+01
      vertex   2.754293e+01 1.426465e+00 -4.759549e+01
    endloop
  endfacet
  facet normal 2.248853e-01 6.095782e-01 -7.601585e-01
    outer loop
      vertex   2.752010e+01 1.371346e+00 -4.764645e+01
      vertex   2.754293e+01 1.426465e+00 -4.759549e+01
      vertex   2.766032e+01 1.319613e+00 -4.764645e+01
    endloop
  endfacet
  facet normal 2.248853e-01 6.095782e-01 -7.601585e-01
    outer loop
      vertex   2.766032e+01 1.319613e+00 -4.764645e+01
      vertex   2.754293e+01 1.426465e+00 -4.759549e+01
      vertex   2.767876e+01 1.376354e+00 -4.759549e+01
    endloop
  endfacet
  facet normal 1.763651e-01 6.253434e-01 -7.601585e-01
    outer loop
      vertex   2.766032e+01 1.319613e+00 -4.764645e+01
      vertex   2.767876e+01 1.376354e+00 -4.759549e+01
      vertex   2.780418e+01 1.279042e+00 -4.764645e+01
    endloop
  endfacet
  facet normal 1.763651e-01 6.253434e-01 -7.601585e-01
    outer loop
      vertex   2.780418e+01 1.279042e+00 -4.764645e+01
      vertex   2.767876e+01 1.376354e+00 -4.759549e+01
      vertex   2.781811e+01 1.337054e+00 -4.759549e+01
    endloop
  endfacet
  facet normal 1.267575e-01 6.372531e-01 -7.601585e-01
    outer loop
      vertex   2.780418e+01 1.279042e+00 -4.764645e+01
      vertex   2.781811e+01 1.337054e+00 -4.759549e+01
      vertex   2.795077e+01 1.249883e+00 -4.764645e+01
    endloop
  endfacet
  facet normal 1.267575e-01 6.372531e-01 -7.601585e-01
    outer loop
      vertex   2.795077e+01 1.249883e+00 -4.764645e+01
      vertex   2.781811e+01 1.337054e+00 -4.759549e+01
      vertex   2.796011e+01 1.308809e+00 -4.759549e+01
    endloop
  endfacet
  facet normal 7.636847e-02 6.452340e-01 -7.601585e-01
    outer loop
      vertex   2.795077e+01 1.249883e+00 -4.764645e+01
      vertex   2.796011e+01 1.308809e+00 -4.759549e+01
      vertex   2.809920e+01 1.232315e+00 -4.764645e+01
    endloop
  endfacet
  facet normal 7.636847e-02 6.452340e-01 -7.601585e-01
    outer loop
      vertex   2.809920e+01 1.232315e+00 -4.764645e+01
      vertex   2.796011e+01 1.308809e+00 -4.759549e+01
      vertex   2.810388e+01 1.291791e+00 -4.759549e+01
    endloop
  endfacet
  facet normal 3.548713e-01 3.838976e-01 -8.524606e-01
    outer loop
      vertex   2.694472e+01 1.826171e+00 -4.759549e+01
      vertex   2.699203e+01 1.873475e+00 -4.755450e+01
      vertex   2.705104e+01 1.727893e+00 -4.759549e+01
    endloop
  endfacet
  facet normal 3.548713e-01 3.838976e-01 -8.524606e-01
    outer loop
      vertex   2.705104e+01 1.727893e+00 -4.759549e+01
      vertex   2.699203e+01 1.873475e+00 -4.755450e+01
      vertex   2.709449e+01 1.778762e+00 -4.755450e+01
    endloop
  endfacet
  facet normal 3.236571e-01 4.105571e-01 -8.524606e-01
    outer loop
      vertex   2.705104e+01 1.727893e+00 -4.759549e+01
      vertex   2.709449e+01 1.778762e+00 -4.755450e+01
      vertex   2.716474e+01 1.638260e+00 -4.759549e+01
    endloop
  endfacet
  facet normal 3.236571e-01 4.105571e-01 -8.524606e-01
    outer loop
      vertex   2.716474e+01 1.638260e+00 -4.759549e+01
      vertex   2.709449e+01 1.778762e+00 -4.755450e+01
      vertex   2.720406e+01 1.692381e+00 -4.755450e+01
    endloop
  endfacet
  facet normal 2.904474e-01 4.346853e-01 -8.524606e-01
    outer loop
      vertex   2.716474e+01 1.638260e+00 -4.759549e+01
      vertex   2.720406e+01 1.692381e+00 -4.755450e+01
      vertex   2.728512e+01 1.557823e+00 -4.759549e+01
    endloop
  endfacet
  facet normal 2.904474e-01 4.346853e-01 -8.524606e-01
    outer loop
      vertex   2.728512e+01 1.557823e+00 -4.759549e+01
      vertex   2.720406e+01 1.692381e+00 -4.755450e+01
      vertex   2.732008e+01 1.614862e+00 -4.755450e+01
    endloop
  endfacet
  facet normal 2.554471e-01 4.561335e-01 -8.524606e-01
    outer loop
      vertex   2.728512e+01 1.557823e+00 -4.759549e+01
      vertex   2.732008e+01 1.614862e+00 -4.755450e+01
      vertex   2.741144e+01 1.487080e+00 -4.759549e+01
    endloop
  endfacet
  facet normal 2.554471e-01 4.561335e-01 -8.524606e-01
    outer loop
      vertex   2.741144e+01 1.487080e+00 -4.759549e+01
      vertex   2.732008e+01 1.614862e+00 -4.755450e+01
      vertex   2.744181e+01 1.546686e+00 -4.755450e+01
    endloop
  endfacet
  facet normal 2.188718e-01 4.747696e-01 -8.524606e-01
    outer loop
      vertex   2.741144e+01 1.487080e+00 -4.759549e+01
      vertex   2.744181e+01 1.546686e+00 -4.755450e+01
      vertex   2.754293e+01 1.426465e+00 -4.759549e+01
    endloop
  endfacet
  facet normal 2.188718e-01 4.747696e-01 -8.524606e-01
    outer loop
      vertex   2.754293e+01 1.426465e+00 -4.759549e+01
      vertex   2.744181e+01 1.546686e+00 -4.755450e+01
      vertex   2.756853e+01 1.488270e+00 -4.755450e+01
    endloop
  endfacet
  facet normal 1.809471e-01 4.904785e-01 -8.524606e-01
    outer loop
      vertex   2.754293e+01 1.426465e+00 -4.759549e+01
      vertex   2.756853e+01 1.488270e+00 -4.755450e+01
      vertex   2.767876e+01 1.376354e+00 -4.759549e+01
    endloop
  endfacet
  facet normal 1.809471e-01 4.904785e-01 -8.524606e-01
    outer loop
      vertex   2.767876e+01 1.376354e+00 -4.759549e+01
      vertex   2.756853e+01 1.488270e+00 -4.755450e+01
      vertex   2.769943e+01 1.439977e+00 -4.755450e+01
    endloop
  endfacet
  facet normal 1.419068e-01 5.031635e-01 -8.524606e-01
    outer loop
      vertex   2.767876e+01 1.376354e+00 -4.759549e+01
      vertex   2.769943e+01 1.439977e+00 -4.755450e+01
      vertex   2.781811e+01 1.337054e+00 -4.759549e+01
    endloop
  endfacet
  facet normal 1.419068e-01 5.031635e-01 -8.524606e-01
    outer loop
      vertex   2.781811e+01 1.337054e+00 -4.759549e+01
      vertex   2.769943e+01 1.439977e+00 -4.755450e+01
      vertex   2.783372e+01 1.402103e+00 -4.755450e+01
    endloop
  endfacet
  facet normal 1.019916e-01 5.127463e-01 -8.524606e-01
    outer loop
      vertex   2.781811e+01 1.337054e+00 -4.759549e+01
      vertex   2.783372e+01 1.402103e+00 -4.755450e+01
      vertex   2.796011e+01 1.308809e+00 -4.759549e+01
    endloop
  endfacet
  facet normal 1.019916e-01 5.127463e-01 -8.524606e-01
    outer loop
      vertex   2.796011e+01 1.308809e+00 -4.759549e+01
      vertex   2.783372e+01 1.402103e+00 -4.755450e+01
      vertex   2.797057e+01 1.374883e+00 -4.755450e+01
    endloop
  endfacet
  facet normal 6.144756e-02 5.191678e-01 -8.524606e-01
    outer loop
      vertex   2.796011e+01 1.308809e+00 -4.759549e+01
      vertex   2.797057e+01 1.374883e+00 -4.755450e+01
      vertex   2.810388e+01 1.291791e+00 -4.759549e+01
    endloop
  endfacet
  facet normal 6.144756e-02 5.191678e-01 -8.524606e-01
    outer loop
      vertex   2.810388e+01 1.291791e+00 -4.759549e+01
      vertex   2.797057e+01 1.374883e+00 -4.755450e+01
      vertex   2.810913e+01 1.358483e+00 -4.755450e+01
    endloop
  endfacet
  facet normal 2.599368e-01 2.811981e-01 -9.237751e-01
    outer loop
      vertex   2.699203e+01 1.873475e+00 -4.755450e+01
      vertex   2.704328e+01 1.924730e+00 -4.752447e+01
      vertex   2.709449e+01 1.778762e+00 -4.755450e+01
    endloop
  endfacet
  facet normal 2.599368e-01 2.811981e-01 -9.237751e-01
    outer loop
      vertex   2.709449e+01 1.778762e+00 -4.755450e+01
      vertex   2.704328e+01 1.924730e+00 -4.752447e+01
      vertex   2.714156e+01 1.833882e+00 -4.752447e+01
    endloop
  endfacet
  facet normal 2.370730e-01 3.007257e-01 -9.237751e-01
    outer loop
      vertex   2.709449e+01 1.778762e+00 -4.755450e+01
      vertex   2.714156e+01 1.833882e+00 -4.752447e+01
      vertex   2.720406e+01 1.692381e+00 -4.755450e+01
    endloop
  endfacet
  facet normal 2.370730e-01 3.007257e-01 -9.237751e-01
    outer loop
      vertex   2.720406e+01 1.692381e+00 -4.755450e+01
      vertex   2.714156e+01 1.833882e+00 -4.752447e+01
      vertex   2.724667e+01 1.751024e+00 -4.752447e+01
    endloop
  endfacet
  facet normal 2.127475e-01 3.183992e-01 -9.237751e-01
    outer loop
      vertex   2.720406e+01 1.692381e+00 -4.755450e+01
      vertex   2.724667e+01 1.751024e+00 -4.752447e+01
      vertex   2.732008e+01 1.614862e+00 -4.755450e+01
    endloop
  endfacet
  facet normal 2.127475e-01 3.183992e-01 -9.237751e-01
    outer loop
      vertex   2.732008e+01 1.614862e+00 -4.755450e+01
      vertex   2.724667e+01 1.751024e+00 -4.752447e+01
      vertex   2.735795e+01 1.676668e+00 -4.752447e+01
    endloop
  endfacet
  facet normal 1.871104e-01 3.341096e-01 -9.237751e-01
    outer loop
      vertex   2.732008e+01 1.614862e+00 -4.755450e+01
      vertex   2.735795e+01 1.676668e+00 -4.752447e+01
      vertex   2.744181e+01 1.546686e+00 -4.755450e+01
    endloop
  endfacet
  facet normal 1.871104e-01 3.341096e-01 -9.237751e-01
    outer loop
      vertex   2.744181e+01 1.546686e+00 -4.755450e+01
      vertex   2.735795e+01 1.676668e+00 -4.752447e+01
      vertex   2.747472e+01 1.611272e+00 -4.752447e+01
    endloop
  endfacet
  facet normal 1.603196e-01 3.477602e-01 -9.237751e-01
    outer loop
      vertex   2.744181e+01 1.546686e+00 -4.755450e+01
      vertex   2.747472e+01 1.611272e+00 -4.752447e+01
      vertex   2.756853e+01 1.488270e+00 -4.755450e+01
    endloop
  endfacet
  facet normal 1.603196e-01 3.477602e-01 -9.237751e-01
    outer loop
      vertex   2.756853e+01 1.488270e+00 -4.755450e+01
      vertex   2.747472e+01 1.611272e+00 -4.752447e+01
      vertex   2.759627e+01 1.555239e+00 -4.752447e+01
    endloop
  endfacet
  facet normal 1.325405e-01 3.592667e-01 -9.237751e-01
    outer loop
      vertex   2.756853e+01 1.488270e+00 -4.755450e+01
      vertex   2.759627e+01 1.555239e+00 -4.752447e+01
      vertex   2.769943e+01 1.439977e+00 -4.755450e+01
    endloop
  endfacet
  facet normal 1.325405e-01 3.592667e-01 -9.237751e-01
    outer loop
      vertex   2.769943e+01 1.439977e+00 -4.755450e+01
      vertex   2.759627e+01 1.555239e+00 -4.752447e+01
      vertex   2.772183e+01 1.508916e+00 -4.752447e+01
    endloop
  endfacet
  facet normal 1.039442e-01 3.685582e-01 -9.237751e-01
    outer loop
      vertex   2.769943e+01 1.439977e+00 -4.755450e+01
      vertex   2.772183e+01 1.508916e+00 -4.752447e+01
      vertex   2.783372e+01 1.402103e+00 -4.755450e+01
    endloop
  endfacet
  facet normal 1.039442e-01 3.685582e-01 -9.237751e-01
    outer loop
      vertex   2.783372e+01 1.402103e+00 -4.755450e+01
      vertex   2.772183e+01 1.508916e+00 -4.752447e+01
      vertex   2.785064e+01 1.472587e+00 -4.752447e+01
    endloop
  endfacet
  facet normal 7.470699e-02 3.755774e-01 -9.237751e-01
    outer loop
      vertex   2.783372e+01 1.402103e+00 -4.755450e+01
      vertex   2.785064e+01 1.472587e+00 -4.752447e+01
      vertex   2.797057e+01 1.374883e+00 -4.755450e+01
    endloop
  endfacet
  facet normal 7.470699e-02 3.755774e-01 -9.237751e-01
    outer loop
      vertex   2.797057e+01 1.374883e+00 -4.755450e+01
      vertex   2.785064e+01 1.472587e+00 -4.752447e+01
      vertex   2.798191e+01 1.446477e+00 -4.752447e+01
    endloop
  endfacet
  facet normal 4.500923e-02 3.802811e-01 -9.237751e-01
    outer loop
      vertex   2.797057e+01 1.374883e+00 -4.755450e+01
      vertex   2.798191e+01 1.446477e+00 -4.752447e+01
      vertex   2.810913e+01 1.358483e+00 -4.755450e+01
    endloop
  endfacet
  facet normal 4.500923e-02 3.802811e-01 -9.237751e-01
    outer loop
      vertex   2.810913e+01 1.358483e+00 -4.755450e+01
      vertex   2.798191e+01 1.446477e+00 -4.752447e+01
      vertex   2.811482e+01 1.430746e+00 -4.752447e+01
    endloop
  endfacet
  facet normal 1.585785e-01 1.715492e-01 -9.723290e-01
    outer loop
      vertex   2.704328e+01 1.924730e+00 -4.752447e+01
      vertex   2.709723e+01 1.978677e+00 -4.750616e+01
      vertex   2.714156e+01 1.833882e+00 -4.752447e+01
    endloop
  endfacet
  facet normal 1.585785e-01 1.715492e-01 -9.723290e-01
    outer loop
      vertex   2.714156e+01 1.833882e+00 -4.752447e+01
      vertex   2.709723e+01 1.978677e+00 -4.750616e+01
      vertex   2.719111e+01 1.891894e+00 -4.750616e+01
    endloop
  endfacet
  facet normal 1.446300e-01 1.834623e-01 -9.723290e-01
    outer loop
      vertex   2.714156e+01 1.833882e+00 -4.752447e+01
      vertex   2.719111e+01 1.891894e+00 -4.750616e+01
      vertex   2.724667e+01 1.751024e+00 -4.752447e+01
    endloop
  endfacet
  facet normal 1.446300e-01 1.834623e-01 -9.723290e-01
    outer loop
      vertex   2.724667e+01 1.751024e+00 -4.752447e+01
      vertex   2.719111e+01 1.891894e+00 -4.750616e+01
      vertex   2.729151e+01 1.812745e+00 -4.750616e+01
    endloop
  endfacet
  facet normal 1.297899e-01 1.942443e-01 -9.723290e-01
    outer loop
      vertex   2.724667e+01 1.751024e+00 -4.752447e+01
      vertex   2.729151e+01 1.812745e+00 -4.750616e+01
      vertex   2.735795e+01 1.676668e+00 -4.752447e+01
    endloop
  endfacet
  facet normal 1.297899e-01 1.942443e-01 -9.723290e-01
    outer loop
      vertex   2.735795e+01 1.676668e+00 -4.752447e+01
      vertex   2.729151e+01 1.812745e+00 -4.750616e+01
      vertex   2.739781e+01 1.741717e+00 -4.750616e+01
    endloop
  endfacet
  facet normal 1.141496e-01 2.038287e-01 -9.723290e-01
    outer loop
      vertex   2.735795e+01 1.676668e+00 -4.752447e+01
      vertex   2.739781e+01 1.741717e+00 -4.750616e+01
      vertex   2.747472e+01 1.611272e+00 -4.752447e+01
    endloop
  endfacet
  facet normal 1.141496e-01 2.038287e-01 -9.723290e-01
    outer loop
      vertex   2.747472e+01 1.611272e+00 -4.752447e+01
      vertex   2.739781e+01 1.741717e+00 -4.750616e+01
      vertex   2.750936e+01 1.679248e+00 -4.750616e+01
    endloop
  endfacet
  facet normal 9.780547e-02 2.121565e-01 -9.723290e-01
    outer loop
      vertex   2.747472e+01 1.611272e+00 -4.752447e+01
      vertex   2.750936e+01 1.679248e+00 -4.750616e+01
      vertex   2.759627e+01 1.555239e+00 -4.752447e+01
    endloop
  endfacet
  facet normal 9.780547e-02 2.121565e-01 -9.723290e-01
    outer loop
      vertex   2.759627e+01 1.555239e+00 -4.752447e+01
      vertex   2.750936e+01 1.679248e+00 -4.750616e+01
      vertex   2.762546e+01 1.625723e+00 -4.750616e+01
    endloop
  endfacet
  facet normal 8.085836e-02 2.191762e-01 -9.723290e-01
    outer loop
      vertex   2.759627e+01 1.555239e+00 -4.752447e+01
      vertex   2.762546e+01 1.625723e+00 -4.750616e+01
      vertex   2.772183e+01 1.508916e+00 -4.752447e+01
    endloop
  endfacet
  facet normal 8.085836e-02 2.191762e-01 -9.723290e-01
    outer loop
      vertex   2.772183e+01 1.508916e+00 -4.752447e+01
      vertex   2.762546e+01 1.625723e+00 -4.750616e+01
      vertex   2.774541e+01 1.581473e+00 -4.750616e+01
    endloop
  endfacet
  facet normal 6.341274e-02 2.248446e-01 -9.723290e-01
    outer loop
      vertex   2.772183e+01 1.508916e+00 -4.752447e+01
      vertex   2.774541e+01 1.581473e+00 -4.750616e+01
      vertex   2.785064e+01 1.472587e+00 -4.752447e+01
    endloop
  endfacet
  facet normal 6.341274e-02 2.248446e-01 -9.723290e-01
    outer loop
      vertex   2.785064e+01 1.472587e+00 -4.752447e+01
      vertex   2.774541e+01 1.581473e+00 -4.750616e+01
      vertex   2.786845e+01 1.546771e+00 -4.750616e+01
    endloop
  endfacet
  facet normal 4.557615e-02 2.291268e-01 -9.723290e-01
    outer loop
      vertex   2.785064e+01 1.472587e+00 -4.752447e+01
      vertex   2.786845e+01 1.546771e+00 -4.750616e+01
      vertex   2.798191e+01 1.446477e+00 -4.752447e+01
    endloop
  endfacet
  facet normal 4.557615e-02 2.291268e-01 -9.723290e-01
    outer loop
      vertex   2.798191e+01 1.446477e+00 -4.752447e+01
      vertex   2.786845e+01 1.546771e+00 -4.750616e+01
      vertex   2.799384e+01 1.521829e+00 -4.750616e+01
    endloop
  endfacet
  facet normal 2.745858e-02 2.319963e-01 -9.723290e-01
    outer loop
      vertex   2.798191e+01 1.446477e+00 -4.752447e+01
      vertex   2.799384e+01 1.521829e+00 -4.750616e+01
      vertex   2.811482e+01 1.430746e+00 -4.752447e+01
    endloop
  endfacet
  facet normal 2.745858e-02 2.319963e-01 -9.723290e-01
    outer loop
      vertex   2.811482e+01 1.430746e+00 -4.752447e+01
      vertex   2.799384e+01 1.521829e+00 -4.750616e+01
      vertex   2.812081e+01 1.506802e+00 -4.750616e+01
    endloop
  endfacet
  facet normal 5.329893e-02 5.765846e-02 -9.969126e-01
    outer loop
      vertex   2.709723e+01 1.978677e+00 -4.750616e+01
      vertex   2.715254e+01 2.033984e+00 -4.750000e+01
      vertex   2.719111e+01 1.891894e+00 -4.750616e+01
    endloop
  endfacet
  facet normal 5.268261e-02 5.749298e-02 -9.969549e-01
    outer loop
      vertex   2.719111e+01 1.891894e+00 -4.750616e+01
      vertex   2.715254e+01 2.033984e+00 -4.750000e+01
      vertex   2.725223e+01 1.942631e+00 -4.750000e+01
    endloop
  endfacet
  facet normal 4.890435e-02 6.203487e-02 -9.968751e-01
    outer loop
      vertex   2.719111e+01 1.891894e+00 -4.750616e+01
      vertex   2.725223e+01 1.942631e+00 -4.750000e+01
      vertex   2.729151e+01 1.812745e+00 -4.750616e+01
    endloop
  endfacet
  facet normal 4.721257e-02 6.152861e-02 -9.969881e-01
    outer loop
      vertex   2.729151e+01 1.812745e+00 -4.750616e+01
      vertex   2.725223e+01 1.942631e+00 -4.750000e+01
      vertex   2.735951e+01 1.860314e+00 -4.750000e+01
    endloop
  endfacet
  facet normal 4.408607e-02 6.597947e-02 -9.968466e-01
    outer loop
      vertex   2.729151e+01 1.812745e+00 -4.750616e+01
      vertex   2.735951e+01 1.860314e+00 -4.750000e+01
      vertex   2.739781e+01 1.741717e+00 -4.750616e+01
    endloop
  endfacet
  facet normal 4.150873e-02 6.515565e-02 -9.970114e-01
    outer loop
      vertex   2.739781e+01 1.741717e+00 -4.750616e+01
      vertex   2.735951e+01 1.860314e+00 -4.750000e+01
      vertex   2.747355e+01 1.787661e+00 -4.750000e+01
    endloop
  endfacet
  facet normal 3.889146e-02 6.944569e-02 -9.968273e-01
    outer loop
      vertex   2.739781e+01 1.741717e+00 -4.750616e+01
      vertex   2.747355e+01 1.787661e+00 -4.750000e+01
      vertex   2.750936e+01 1.679248e+00 -4.750616e+01
    endloop
  endfacet
  facet normal 3.558926e-02 6.836634e-02 -9.970253e-01
    outer loop
      vertex   2.750936e+01 1.679248e+00 -4.750616e+01
      vertex   2.747355e+01 1.787661e+00 -4.750000e+01
      vertex   2.759350e+01 1.725223e+00 -4.750000e+01
    endloop
  endfacet
  facet normal 3.337369e-02 7.239314e-02 -9.968177e-01
    outer loop
      vertex   2.750936e+01 1.679248e+00 -4.750616e+01
      vertex   2.759350e+01 1.725223e+00 -4.750000e+01
      vertex   2.762546e+01 1.625723e+00 -4.750616e+01
    endloop
  endfacet
  facet normal 2.947251e-02 7.115292e-02 -9.970299e-01
    outer loop
      vertex   2.762546e+01 1.625723e+00 -4.750616e+01
      vertex   2.759350e+01 1.725223e+00 -4.750000e+01
      vertex   2.771842e+01 1.673476e+00 -4.750000e+01
    endloop
  endfacet
  facet normal 2.759091e-02 7.478844e-02 -9.968177e-01
    outer loop
      vertex   2.762546e+01 1.625723e+00 -4.750616e+01
      vertex   2.771842e+01 1.673476e+00 -4.750000e+01
      vertex   2.774541e+01 1.581473e+00 -4.750616e+01
    endloop
  endfacet
  facet normal 2.317689e-02 7.350771e-02 -9.970253e-01
    outer loop
      vertex   2.774541e+01 1.581473e+00 -4.750616e+01
      vertex   2.771842e+01 1.673476e+00 -4.750000e+01
      vertex   2.784738e+01 1.632815e+00 -4.750000e+01
    endloop
  endfacet
  facet normal 2.160511e-02 7.660593e-02 -9.968273e-01
    outer loop
      vertex   2.774541e+01 1.581473e+00 -4.750616e+01
      vertex   2.784738e+01 1.632815e+00 -4.750000e+01
      vertex   2.786845e+01 1.546771e+00 -4.750616e+01
    endloop
  endfacet
  facet normal 1.672090e-02 7.542310e-02 -9.970114e-01
    outer loop
      vertex   2.786845e+01 1.546771e+00 -4.750616e+01
      vertex   2.784738e+01 1.632815e+00 -4.750000e+01
      vertex   2.797940e+01 1.603548e+00 -4.750000e+01
    endloop
  endfacet
  facet normal 1.548097e-02 7.782809e-02 -9.968466e-01
    outer loop
      vertex   2.786845e+01 1.546771e+00 -4.750616e+01
      vertex   2.797940e+01 1.603548e+00 -4.750000e+01
      vertex   2.799384e+01 1.521829e+00 -4.750616e+01
    endloop
  endfacet
  facet normal 1.012297e-02 7.689163e-02 -9.969881e-01
    outer loop
      vertex   2.799384e+01 1.521829e+00 -4.750616e+01
      vertex   2.797940e+01 1.603548e+00 -4.750000e+01
      vertex   2.811346e+01 1.585898e+00 -4.750000e+01
    endloop
  endfacet
  facet normal 9.284681e-03 7.844587e-02 -9.968751e-01
    outer loop
      vertex   2.799384e+01 1.521829e+00 -4.750616e+01
      vertex   2.811346e+01 1.585898e+00 -4.750000e+01
      vertex   2.812081e+01 1.506802e+00 -4.750616e+01
    endloop
  endfacet
  facet normal 7.456422e-01 6.663466e-01 -5.918347e-16
    outer loop
      vertex   2.690254e+01 2.991091e+00 -4.700000e+01
      vertex   2.690254e+01 2.991091e+00 -4.750000e+01
      vertex   2.682408e+01 3.078889e+00 -4.700000e+01
    endloop
  endfacet
  facet normal 7.456422e-01 6.663466e-01 -5.918347e-16
    outer loop
      vertex   2.682408e+01 3.078889e+00 -4.700000e+01
      vertex   2.690254e+01 2.991091e+00 -4.750000e+01
      vertex   2.682408e+01 3.078889e+00 -4.750000e+01
    endloop
  endfacet
  facet normal 8.155609e-01 5.786713e-01 -5.139634e-16
    outer loop
      vertex   2.682408e+01 3.078889e+00 -4.700000e+01
      vertex   2.682408e+01 3.078889e+00 -4.750000e+01
      vertex   2.675594e+01 3.174920e+00 -4.700000e+01
    endloop
  endfacet
  facet normal 8.155609e-01 5.786713e-01 -5.139634e-16
    outer loop
      vertex   2.675594e+01 3.174920e+00 -4.700000e+01
      vertex   2.682408e+01 3.078889e+00 -4.750000e+01
      vertex   2.675594e+01 3.174920e+00 -4.750000e+01
    endloop
  endfacet
  facet normal 8.752234e-01 4.837189e-01 -4.296287e-16
    outer loop
      vertex   2.675594e+01 3.174920e+00 -4.700000e+01
      vertex   2.675594e+01 3.174920e+00 -4.750000e+01
      vertex   2.669898e+01 3.277975e+00 -4.700000e+01
    endloop
  endfacet
  facet normal 8.752234e-01 4.837189e-01 0.000000e+00
    outer loop
      vertex   2.669898e+01 3.277975e+00 -4.700000e+01
      vertex   2.675594e+01 3.174920e+00 -4.750000e+01
      vertex   2.669898e+01 3.277975e+00 -4.750000e+01
    endloop
  endfacet
  facet normal 9.238795e-01 3.826834e-01 0.000000e+00
    outer loop
      vertex   2.669898e+01 3.277975e+00 -4.700000e+01
      vertex   2.669898e+01 3.277975e+00 -4.750000e+01
      vertex   2.665392e+01 3.386760e+00 -4.700000e+01
    endloop
  endfacet
  facet normal 9.238795e-01 3.826834e-01 -3.398912e-16
    outer loop
      vertex   2.665392e+01 3.386760e+00 -4.700000e+01
      vertex   2.669898e+01 3.277975e+00 -4.750000e+01
      vertex   2.665392e+01 3.386760e+00 -4.750000e+01
    endloop
  endfacet
  facet normal 9.609173e-01 2.768355e-01 -2.458793e-16
    outer loop
      vertex   2.665392e+01 3.386760e+00 -4.700000e+01
      vertex   2.665392e+01 3.386760e+00 -4.750000e+01
      vertex   2.662133e+01 3.499906e+00 -4.700000e+01
    endloop
  endfacet
  facet normal 9.609173e-01 2.768355e-01 -2.458793e-16
    outer loop
      vertex   2.662133e+01 3.499906e+00 -4.700000e+01
      vertex   2.665392e+01 3.386760e+00 -4.750000e+01
      vertex   2.662133e+01 3.499906e+00 -4.750000e+01
    endloop
  endfacet
  facet normal 9.858710e-01 1.675062e-01 -1.487754e-16
    outer loop
      vertex   2.662133e+01 3.499906e+00 -4.700000e+01
      vertex   2.662133e+01 3.499906e+00 -4.750000e+01
      vertex   2.660160e+01 3.615991e+00 -4.700000e+01
    endloop
  endfacet
  facet normal 9.858710e-01 1.675062e-01 0.000000e+00
    outer loop
      vertex   2.660160e+01 3.615991e+00 -4.700000e+01
      vertex   2.662133e+01 3.499906e+00 -4.750000e+01
      vertex   2.660160e+01 3.615991e+00 -4.750000e+01
    endloop
  endfacet
  facet normal 9.984268e-01 5.607045e-02 0.000000e+00
    outer loop
      vertex   2.660160e+01 3.615991e+00 -4.700000e+01
      vertex   2.660160e+01 3.615991e+00 -4.750000e+01
      vertex   2.659500e+01 3.733553e+00 -4.700000e+01
    endloop
  endfacet
  facet normal 9.984268e-01 5.607045e-02 -4.980056e-17
    outer loop
      vertex   2.659500e+01 3.733553e+00 -4.700000e+01
      vertex   2.660160e+01 3.615991e+00 -4.750000e+01
      vertex   2.659500e+01 3.733553e+00 -4.750000e+01
    endloop
  endfacet
  facet normal 7.071068e-01 7.071068e-01 -0.000000e+00
    outer loop
      vertex   2.750609e+01 2.387538e+00 -4.750000e+01
      vertex   2.690254e+01 2.991091e+00 -4.750000e+01
      vertex   2.750609e+01 2.387538e+00 -4.700000e+01
    endloop
  endfacet
  facet normal 7.071068e-01 7.071068e-01 -6.503536e-16
    outer loop
      vertex   2.750609e+01 2.387538e+00 -4.700000e+01
      vertex   2.690254e+01 2.991091e+00 -4.750000e+01
      vertex   2.690254e+01 2.991091e+00 -4.700000e+01
    endloop
  endfacet
  facet normal 5.607045e-02 9.984268e-01 0.000000e+00
    outer loop
      vertex   2.824855e+01 2.080000e+00 -4.700000e+01
      vertex   2.824855e+01 2.080000e+00 -4.750000e+01
      vertex   2.813099e+01 2.086602e+00 -4.700000e+01
    endloop
  endfacet
  facet normal 5.607045e-02 9.984268e-01 -8.867812e-16
    outer loop
      vertex   2.813099e+01 2.086602e+00 -4.700000e+01
      vertex   2.824855e+01 2.080000e+00 -4.750000e+01
      vertex   2.813099e+01 2.086602e+00 -4.750000e+01
    endloop
  endfacet
  facet normal 1.675062e-01 9.858710e-01 -8.756294e-16
    outer loop
      vertex   2.813099e+01 2.086602e+00 -4.700000e+01
      vertex   2.813099e+01 2.086602e+00 -4.750000e+01
      vertex   2.801491e+01 2.106326e+00 -4.700000e+01
    endloop
  endfacet
  facet normal 1.675062e-01 9.858710e-01 -8.756294e-16
    outer loop
      vertex   2.801491e+01 2.106326e+00 -4.700000e+01
      vertex   2.813099e+01 2.086602e+00 -4.750000e+01
      vertex   2.801491e+01 2.106326e+00 -4.750000e+01
    endloop
  endfacet
  facet normal 2.768355e-01 9.609173e-01 -8.534660e-16
    outer loop
      vertex   2.801491e+01 2.106326e+00 -4.700000e+01
      vertex   2.801491e+01 2.106326e+00 -4.750000e+01
      vertex   2.790176e+01 2.138923e+00 -4.700000e+01
    endloop
  endfacet
  facet normal 2.768355e-01 9.609173e-01 -8.534660e-16
    outer loop
      vertex   2.790176e+01 2.138923e+00 -4.700000e+01
      vertex   2.801491e+01 2.106326e+00 -4.750000e+01
      vertex   2.790176e+01 2.138923e+00 -4.750000e+01
    endloop
  endfacet
  facet normal 3.826834e-01 9.238795e-01 -8.205699e-16
    outer loop
      vertex   2.790176e+01 2.138923e+00 -4.700000e+01
      vertex   2.790176e+01 2.138923e+00 -4.750000e+01
      vertex   2.779298e+01 2.183983e+00 -4.700000e+01
    endloop
  endfacet
  facet normal 3.826834e-01 9.238795e-01 -2.719129e-15
    outer loop
      vertex   2.779298e+01 2.183983e+00 -4.700000e+01
      vertex   2.790176e+01 2.138923e+00 -4.750000e+01
      vertex   2.779298e+01 2.183983e+00 -4.750000e+01
    endloop
  endfacet
  facet normal 4.837189e-01 8.752234e-01 -3.437029e-15
    outer loop
      vertex   2.779298e+01 2.183983e+00 -4.700000e+01
      vertex   2.779298e+01 2.183983e+00 -4.750000e+01
      vertex   2.768992e+01 2.240940e+00 -4.700000e+01
    endloop
  endfacet
  facet normal 4.837189e-01 8.752234e-01 -3.437029e-15
    outer loop
      vertex   2.768992e+01 2.240940e+00 -4.700000e+01
      vertex   2.779298e+01 2.183983e+00 -4.750000e+01
      vertex   2.768992e+01 2.240940e+00 -4.750000e+01
    endloop
  endfacet
  facet normal 5.786713e-01 8.155609e-01 -4.111707e-15
    outer loop
      vertex   2.768992e+01 2.240940e+00 -4.700000e+01
      vertex   2.768992e+01 2.240940e+00 -4.750000e+01
      vertex   2.759389e+01 2.309077e+00 -4.700000e+01
    endloop
  endfacet
  facet normal 5.786713e-01 8.155609e-01 -1.448727e-15
    outer loop
      vertex   2.759389e+01 2.309077e+00 -4.700000e+01
      vertex   2.768992e+01 2.240940e+00 -4.750000e+01
      vertex   2.759389e+01 2.309077e+00 -4.750000e+01
    endloop
  endfacet
  facet normal 6.663466e-01 7.456422e-01 -1.324527e-15
    outer loop
      vertex   2.759389e+01 2.309077e+00 -4.700000e+01
      vertex   2.759389e+01 2.309077e+00 -4.750000e+01
      vertex   2.750609e+01 2.387538e+00 -4.700000e+01
    endloop
  endfacet
  facet normal 6.663466e-01 7.456422e-01 0.000000e+00
    outer loop
      vertex   2.750609e+01 2.387538e+00 -4.700000e+01
      vertex   2.759389e+01 2.309077e+00 -4.750000e+01
      vertex   2.750609e+01 2.387538e+00 -4.750000e+01
    endloop
  endfacet
  facet normal -4.238360e-11 1.000000e+00 0.000000e+00
    outer loop
      vertex   3.424145e+01 2.080000e+00 -4.750000e+01
      vertex   2.824855e+01 2.080000e+00 -4.750000e+01
      vertex   3.424145e+01 2.080000e+00 -4.700000e+01
    endloop
  endfacet
  facet normal -4.238360e-11 1.000000e+00 0.000000e+00
    outer loop
      vertex   3.424145e+01 2.080000e+00 -4.700000e+01
      vertex   2.824855e+01 2.080000e+00 -4.750000e+01
      vertex   2.824855e+01 2.080000e+00 -4.700000e+01
    endloop
  endfacet
  facet normal 1.000000e+00 -1.009435e-10 8.965587e-26
    outer loop
      vertex   2.659500e+01 3.733553e+00 -4.750000e+01
      vertex   2.659500e+01 6.250000e+00 -4.750000e+01
      vertex   2.659500e+01 3.733553e+00 -4.700000e+01
    endloop
  endfacet
  facet normal 1.000000e+00 -1.009435e-10 0.000000e+00
    outer loop
      vertex   2.659500e+01 3.733553e+00 -4.700000e+01
      vertex   2.659500e+01 6.250000e+00 -4.750000e+01
      vertex   2.659500e+01 6.250000e+00 -4.700000e+01
    endloop
  endfacet
  facet normal 8.660254e-01 -5.000000e-01 -1.036208e-16
    outer loop
      vertex   2.091730e+01 2.596336e+00 -4.349972e+01
      vertex   2.091780e+01 2.597209e+00 -4.347728e+01
      vertex   2.091730e+01 2.596336e+00 -2.849972e+01
    endloop
  endfacet
  facet normal 8.660254e-01 -5.000000e-01 -1.039302e-16
    outer loop
      vertex   2.091730e+01 2.596336e+00 -2.849972e+01
      vertex   2.091780e+01 2.597209e+00 -4.347728e+01
      vertex   2.091780e+01 2.597209e+00 -2.852215e+01
    endloop
  endfacet
  facet normal 8.660254e-01 -5.000000e-01 -1.039317e-16
    outer loop
      vertex   2.091780e+01 2.597209e+00 -2.852215e+01
      vertex   2.091780e+01 2.597209e+00 -4.347728e+01
      vertex   2.091931e+01 2.599824e+00 -4.345489e+01
    endloop
  endfacet
  facet normal 8.660254e-01 -5.000000e-01 -1.042536e-16
    outer loop
      vertex   2.091780e+01 2.597209e+00 -2.852215e+01
      vertex   2.091931e+01 2.599824e+00 -4.345489e+01
      vertex   2.091931e+01 2.599824e+00 -2.854454e+01
    endloop
  endfacet
  facet normal 8.660254e-01 -5.000000e-01 -1.042439e-16
    outer loop
      vertex   2.091931e+01 2.599824e+00 -2.854454e+01
      vertex   2.091931e+01 2.599824e+00 -4.345489e+01
      vertex   2.092534e+01 2.610259e+00 -4.341042e+01
    endloop
  endfacet
  facet normal 8.660254e-01 -5.000000e-01 -1.199042e-16
    outer loop
      vertex   2.091931e+01 2.599824e+00 -2.854454e+01
      vertex   2.092534e+01 2.610259e+00 -4.341042e+01
      vertex   2.092534e+01 2.610259e+00 -2.858901e+01
    endloop
  endfacet
  facet normal 8.660254e-01 -5.000000e-01 -1.198507e-16
    outer loop
      vertex   2.092534e+01 2.610259e+00 -2.858901e+01
      vertex   2.092534e+01 2.610259e+00 -4.341042e+01
      vertex   2.093532e+01 2.627557e+00 -4.336667e+01
    endloop
  endfacet
  facet normal 8.660254e-01 -5.000000e-01 -1.356661e-16
    outer loop
      vertex   2.092534e+01 2.610259e+00 -2.858901e+01
      vertex   2.093532e+01 2.627557e+00 -4.336667e+01
      vertex   2.093532e+01 2.627557e+00 -2.863276e+01
    endloop
  endfacet
  facet normal 8.660254e-01 -5.000000e-01 -1.356327e-16
    outer loop
      vertex   2.093532e+01 2.627557e+00 -2.863276e+01
      vertex   2.093532e+01 2.627557e+00 -4.336667e+01
      vertex   2.094919e+01 2.651578e+00 -4.332400e+01
    endloop
  endfacet
  facet normal 8.660254e-01 -5.000000e-01 -1.211428e-16
    outer loop
      vertex   2.093532e+01 2.627557e+00 -2.863276e+01
      vertex   2.094919e+01 2.651578e+00 -4.332400e+01
      vertex   2.094919e+01 2.651578e+00 -2.867543e+01
    endloop
  endfacet
  facet normal 8.660254e-01 -5.000000e-01 -1.212649e-16
    outer loop
      vertex   2.094919e+01 2.651578e+00 -2.867543e+01
      vertex   2.094919e+01 2.651578e+00 -4.332400e+01
      vertex   2.096683e+01 2.682131e+00 -4.328274e+01
    endloop
  endfacet
  facet normal 8.660254e-01 -5.000000e-01 -1.219514e-16
    outer loop
      vertex   2.094919e+01 2.651578e+00 -2.867543e+01
      vertex   2.096683e+01 2.682131e+00 -4.328274e+01
      vertex   2.096683e+01 2.682131e+00 -2.871669e+01
    endloop
  endfacet
  facet normal 8.660254e-01 -5.000000e-01 -1.219519e-16
    outer loop
      vertex   2.096683e+01 2.682131e+00 -2.871669e+01
      vertex   2.096683e+01 2.682131e+00 -4.328274e+01
      vertex   2.098810e+01 2.718967e+00 -4.324322e+01
    endloop
  endfacet
  facet normal 8.660254e-01 -5.000000e-01 -1.073287e-16
    outer loop
      vertex   2.096683e+01 2.682131e+00 -2.871669e+01
      vertex   2.098810e+01 2.718967e+00 -4.324322e+01
      vertex   2.098810e+01 2.718967e+00 -2.875621e+01
    endloop
  endfacet
  facet normal 8.660254e-01 -5.000000e-01 -1.072900e-16
    outer loop
      vertex   2.098810e+01 2.718967e+00 -2.875621e+01
      vertex   2.098810e+01 2.718967e+00 -4.324322e+01
      vertex   2.101282e+01 2.761791e+00 -4.320578e+01
    endloop
  endfacet
  facet normal 8.660254e-01 -5.000000e-01 -1.232288e-16
    outer loop
      vertex   2.098810e+01 2.718967e+00 -2.875621e+01
      vertex   2.101282e+01 2.761791e+00 -4.320578e+01
      vertex   2.101282e+01 2.761791e+00 -2.879365e+01
    endloop
  endfacet
  facet normal 8.660254e-01 -5.000000e-01 -1.232544e-16
    outer loop
      vertex   2.101282e+01 2.761791e+00 -2.879365e+01
      vertex   2.101282e+01 2.761791e+00 -4.320578e+01
      vertex   2.104081e+01 2.810257e+00 -4.317070e+01
    endloop
  endfacet
  facet normal 8.660254e-01 -5.000000e-01 -1.086043e-16
    outer loop
      vertex   2.101282e+01 2.761791e+00 -2.879365e+01
      vertex   2.104081e+01 2.810257e+00 -4.317070e+01
      vertex   2.104081e+01 2.810257e+00 -2.882873e+01
    endloop
  endfacet
  facet normal 8.660254e-01 -5.000000e-01 -1.083751e-16
    outer loop
      vertex   2.104081e+01 2.810257e+00 -2.882873e+01
      vertex   2.104081e+01 2.810257e+00 -4.317070e+01
      vertex   2.107182e+01 2.863976e+00 -4.313827e+01
    endloop
  endfacet
  facet normal 8.660254e-01 -5.000000e-01 -1.089594e-16
    outer loop
      vertex   2.104081e+01 2.810257e+00 -2.882873e+01
      vertex   2.107182e+01 2.863976e+00 -4.313827e+01
      vertex   2.107182e+01 2.863976e+00 -2.886116e+01
    endloop
  endfacet
  facet normal 8.660254e-01 -5.000000e-01 -1.088675e-16
    outer loop
      vertex   2.107182e+01 2.863976e+00 -2.886116e+01
      vertex   2.107182e+01 2.863976e+00 -4.313827e+01
      vertex   2.110562e+01 2.922514e+00 -4.310875e+01
    endloop
  endfacet
  facet normal 8.660254e-01 -5.000000e-01 -1.249970e-16
    outer loop
      vertex   2.107182e+01 2.863976e+00 -2.886116e+01
      vertex   2.110562e+01 2.922514e+00 -4.310875e+01
      vertex   2.110562e+01 2.922514e+00 -2.889068e+01
    endloop
  endfacet
  facet normal 8.660254e-01 -5.000000e-01 -1.249366e-16
    outer loop
      vertex   2.110562e+01 2.922514e+00 -2.889068e+01
      vertex   2.110562e+01 2.922514e+00 -4.310875e+01
      vertex   2.114192e+01 2.985401e+00 -4.308238e+01
    endloop
  endfacet
  facet normal 8.660254e-01 -5.000000e-01 -3.041278e-16
    outer loop
      vertex   2.110562e+01 2.922514e+00 -2.889068e+01
      vertex   2.114192e+01 2.985401e+00 -4.308238e+01
      vertex   2.118045e+01 3.052129e+00 -4.305937e+01
    endloop
  endfacet
  facet normal 8.660254e-01 -5.000000e-01 -1.177946e-16
    outer loop
      vertex   2.118045e+01 3.052129e+00 -4.305937e+01
      vertex   2.122088e+01 3.122161e+00 -4.303991e+01
      vertex   2.110562e+01 2.922514e+00 -2.889068e+01
    endloop
  endfacet
  facet normal 8.660254e-01 -5.000000e-01 8.611102e-16
    outer loop
      vertex   2.110562e+01 2.922514e+00 -2.889068e+01
      vertex   2.122088e+01 3.122161e+00 -4.303991e+01
      vertex   2.126290e+01 3.194933e+00 -4.302415e+01
    endloop
  endfacet
  facet normal 8.660254e-01 -5.000000e-01 -6.901877e-16
    outer loop
      vertex   2.110562e+01 2.922514e+00 -2.889068e+01
      vertex   2.126290e+01 3.194933e+00 -4.302415e+01
      vertex   2.130616e+01 3.269860e+00 -4.301222e+01
    endloop
  endfacet
  facet normal 8.660254e-01 -5.000000e-01 4.335939e-15
    outer loop
      vertex   2.130616e+01 3.269860e+00 -4.301222e+01
      vertex   2.135031e+01 3.346336e+00 -4.300422e+01
      vertex   2.110562e+01 2.922514e+00 -2.889068e+01
    endloop
  endfacet
  facet normal 8.660254e-01 -5.000000e-01 -7.679784e-16
    outer loop
      vertex   2.110562e+01 2.922514e+00 -2.889068e+01
      vertex   2.135031e+01 3.346336e+00 -4.300422e+01
      vertex   2.114192e+01 2.985401e+00 -2.891705e+01
    endloop
  endfacet
  facet normal 8.660254e-01 -5.000000e-01 -7.997679e-16
    outer loop
      vertex   2.114192e+01 2.985401e+00 -2.891705e+01
      vertex   2.135031e+01 3.346336e+00 -4.300422e+01
      vertex   2.118045e+01 3.052129e+00 -2.894006e+01
    endloop
  endfacet
  facet normal 8.660254e-01 -5.000000e-01 -2.258338e-15
    outer loop
      vertex   2.118045e+01 3.052129e+00 -2.894006e+01
      vertex   2.135031e+01 3.346336e+00 -4.300422e+01
      vertex   2.122088e+01 3.122161e+00 -2.895952e+01
    endloop
  endfacet
  facet normal 8.660254e-01 -5.000000e-01 -4.365937e-16
    outer loop
      vertex   2.122088e+01 3.122161e+00 -2.895952e+01
      vertex   2.135031e+01 3.346336e+00 -4.300422e+01
      vertex   2.126290e+01 3.194933e+00 -2.897528e+01
    endloop
  endfacet
  facet normal 8.660254e-01 -5.000000e-01 -1.277782e-15
    outer loop
      vertex   2.126290e+01 3.194933e+00 -2.897528e+01
      vertex   2.135031e+01 3.346336e+00 -4.300422e+01
      vertex   2.130616e+01 3.269860e+00 -2.898721e+01
    endloop
  endfacet
  facet normal 8.660254e-01 -5.000000e-01 -1.269031e-16
    outer loop
      vertex   2.130616e+01 3.269860e+00 -2.898721e+01
      vertex   2.135031e+01 3.346336e+00 -4.300422e+01
      vertex   2.135031e+01 3.346336e+00 -2.899521e+01
    endloop
  endfacet
  facet normal 8.859683e-01 -4.637416e-01 1.968238e-03
    outer loop
      vertex   2.136947e+01 3.382946e+00 -4.300200e+01
      vertex   2.138559e+01 3.421107e+00 -4.126637e+01
      vertex   2.135031e+01 3.346336e+00 -4.300422e+01
    endloop
  endfacet
  facet normal 9.043979e-01 -4.266900e-01 0.000000e+00
    outer loop
      vertex   2.135031e+01 3.346336e+00 -4.300422e+01
      vertex   2.138559e+01 3.421107e+00 -4.126637e+01
      vertex   2.138559e+01 3.421107e+00 -3.951082e+01
    endloop
  endfacet
  facet normal 9.043979e-01 -4.266900e-01 2.151381e-16
    outer loop
      vertex   2.135031e+01 3.346336e+00 -4.300422e+01
      vertex   2.138559e+01 3.421107e+00 -3.951082e+01
      vertex   2.138559e+01 3.421107e+00 -3.775527e+01
    endloop
  endfacet
  facet normal 9.619112e-01 -2.733621e-01 1.383009e-16
    outer loop
      vertex   2.138559e+01 3.421107e+00 -3.775527e+01
      vertex   2.138559e+01 3.421107e+00 -3.951082e+01
      vertex   2.140775e+01 3.499104e+00 -3.775527e+01
    endloop
  endfacet
  facet normal 9.619112e-01 -2.733621e-01 -1.386206e-16
    outer loop
      vertex   2.138559e+01 3.421107e+00 -3.775527e+01
      vertex   2.140775e+01 3.499104e+00 -3.775527e+01
      vertex   2.140775e+01 3.499104e+00 -3.599972e+01
    endloop
  endfacet
  facet normal 9.935385e-01 -1.134958e-01 -5.742045e-17
    outer loop
      vertex   2.140775e+01 3.499104e+00 -3.599972e+01
      vertex   2.140775e+01 3.499104e+00 -3.775527e+01
      vertex   2.141705e+01 3.580454e+00 -3.599972e+01
    endloop
  endfacet
  facet normal 9.935385e-01 -1.134958e-01 -2.866181e-17
    outer loop
      vertex   2.140775e+01 3.499104e+00 -3.599972e+01
      vertex   2.141705e+01 3.580454e+00 -3.599972e+01
      vertex   2.141705e+01 3.580454e+00 -3.424416e+01
    endloop
  endfacet
  facet normal 9.987517e-01 4.994970e-02 1.263542e-17
    outer loop
      vertex   2.141705e+01 3.580454e+00 -3.424416e+01
      vertex   2.141705e+01 3.580454e+00 -3.599972e+01
      vertex   2.141297e+01 3.662001e+00 -3.424416e+01
    endloop
  endfacet
  facet normal 9.987517e-01 4.994970e-02 -1.138369e-16
    outer loop
      vertex   2.141705e+01 3.580454e+00 -3.424416e+01
      vertex   2.141297e+01 3.662001e+00 -3.424416e+01
      vertex   2.141297e+01 3.662001e+00 -3.248861e+01
    endloop
  endfacet
  facet normal 9.771644e-01 2.124846e-01 -4.837563e-16
    outer loop
      vertex   2.141297e+01 3.662001e+00 -3.248861e+01
      vertex   2.141297e+01 3.662001e+00 -3.424416e+01
      vertex   2.139548e+01 3.742435e+00 -3.248861e+01
    endloop
  endfacet
  facet normal 9.771644e-01 2.124846e-01 -5.912249e-16
    outer loop
      vertex   2.141297e+01 3.662001e+00 -3.248861e+01
      vertex   2.139548e+01 3.742435e+00 -3.248861e+01
      vertex   2.139548e+01 3.742435e+00 -3.073306e+01
    endloop
  endfacet
  facet normal 9.292969e-01 3.693336e-01 -1.027704e-15
    outer loop
      vertex   2.139548e+01 3.742435e+00 -3.073306e+01
      vertex   2.139548e+01 3.742435e+00 -3.248861e+01
      vertex   2.136531e+01 3.818337e+00 -3.073306e+01
    endloop
  endfacet
  facet normal 9.292969e-01 3.693336e-01 9.418883e-05
    outer loop
      vertex   2.139548e+01 3.742435e+00 -3.073306e+01
      vertex   2.136531e+01 3.818337e+00 -3.073306e+01
      vertex   2.139532e+01 3.742387e+00 -2.899937e+01
    endloop
  endfacet
  facet normal 9.296193e-01 3.685214e-01 5.303002e-05
    outer loop
      vertex   2.139532e+01 3.742387e+00 -2.899937e+01
      vertex   2.136531e+01 3.818337e+00 -3.073306e+01
      vertex   2.136482e+01 3.819323e+00 -2.899695e+01
    endloop
  endfacet
  facet normal 8.757427e-01 4.827782e-01 -2.701406e-05
    outer loop
      vertex   2.136482e+01 3.819323e+00 -2.899695e+01
      vertex   2.136531e+01 3.818337e+00 -3.073306e+01
      vertex   2.134489e+01 3.855471e+00 -2.899445e+01
    endloop
  endfacet
  facet normal 8.566620e-01 5.158773e-01 -9.580206e-04
    outer loop
      vertex   2.134489e+01 3.855471e+00 -2.899445e+01
      vertex   2.136531e+01 3.818337e+00 -3.073306e+01
      vertex   2.132307e+01 3.888481e+00 -3.073306e+01
    endloop
  endfacet
  facet normal 8.332543e-01 5.528900e-01 3.852154e-05
    outer loop
      vertex   2.134489e+01 3.855471e+00 -2.899445e+01
      vertex   2.132307e+01 3.888481e+00 -3.073306e+01
      vertex   2.132222e+01 3.889646e+00 -2.899060e+01
    endloop
  endfacet
  facet normal 7.855381e-01 6.188133e-01 -2.894370e-05
    outer loop
      vertex   2.132222e+01 3.889646e+00 -2.899060e+01
      vertex   2.132307e+01 3.888481e+00 -3.073306e+01
      vertex   2.129711e+01 3.921514e+00 -2.898505e+01
    endloop
  endfacet
  facet normal 7.327946e-01 6.804470e-01 -1.976927e-03
    outer loop
      vertex   2.129711e+01 3.921514e+00 -2.898505e+01
      vertex   2.132307e+01 3.888481e+00 -3.073306e+01
      vertex   2.126995e+01 3.950790e+00 -2.897751e+01
    endloop
  endfacet
  facet normal 7.609793e-01 6.487761e-01 0.000000e+00
    outer loop
      vertex   2.126995e+01 3.950790e+00 -2.897751e+01
      vertex   2.132307e+01 3.888481e+00 -3.073306e+01
      vertex   2.132307e+01 3.888481e+00 -3.248861e+01
    endloop
  endfacet
  facet normal 7.609793e-01 6.487761e-01 3.288565e-16
    outer loop
      vertex   2.126995e+01 3.950790e+00 -2.897751e+01
      vertex   2.132307e+01 3.888481e+00 -3.248861e+01
      vertex   2.132307e+01 3.888481e+00 -3.424416e+01
    endloop
  endfacet
  facet normal 8.566624e-01 5.158775e-01 2.609957e-16
    outer loop
      vertex   2.132307e+01 3.888481e+00 -3.424416e+01
      vertex   2.132307e+01 3.888481e+00 -3.248861e+01
      vertex   2.136531e+01 3.818337e+00 -3.424416e+01
    endloop
  endfacet
  facet normal 8.566624e-01 5.158775e-01 2.624818e-16
    outer loop
      vertex   2.132307e+01 3.888481e+00 -3.424416e+01
      vertex   2.136531e+01 3.818337e+00 -3.424416e+01
      vertex   2.136531e+01 3.818337e+00 -3.599972e+01
    endloop
  endfacet
  facet normal 9.292969e-01 3.693336e-01 1.868553e-16
    outer loop
      vertex   2.136531e+01 3.818337e+00 -3.599972e+01
      vertex   2.136531e+01 3.818337e+00 -3.424416e+01
      vertex   2.139548e+01 3.742435e+00 -3.599972e+01
    endloop
  endfacet
  facet normal 9.292969e-01 3.693336e-01 -1.028335e-15
    outer loop
      vertex   2.136531e+01 3.818337e+00 -3.599972e+01
      vertex   2.139548e+01 3.742435e+00 -3.599972e+01
      vertex   2.139548e+01 3.742435e+00 -3.775527e+01
    endloop
  endfacet
  facet normal 9.771644e-01 2.124846e-01 -5.912578e-16
    outer loop
      vertex   2.139548e+01 3.742435e+00 -3.775527e+01
      vertex   2.139548e+01 3.742435e+00 -3.599972e+01
      vertex   2.141297e+01 3.662001e+00 -3.775527e+01
    endloop
  endfacet
  facet normal 9.771644e-01 2.124846e-01 -5.372044e-16
    outer loop
      vertex   2.139548e+01 3.742435e+00 -3.775527e+01
      vertex   2.141297e+01 3.662001e+00 -3.775527e+01
      vertex   2.141297e+01 3.662001e+00 -3.951082e+01
    endloop
  endfacet
  facet normal 9.987517e-01 4.994970e-02 -1.263542e-16
    outer loop
      vertex   2.141297e+01 3.662001e+00 -3.951082e+01
      vertex   2.141297e+01 3.662001e+00 -3.775527e+01
      vertex   2.141705e+01 3.580454e+00 -3.951082e+01
    endloop
  endfacet
  facet normal 9.987517e-01 4.994970e-02 1.285866e-17
    outer loop
      vertex   2.141297e+01 3.662001e+00 -3.951082e+01
      vertex   2.141705e+01 3.580454e+00 -3.951082e+01
      vertex   2.141705e+01 3.580454e+00 -4.126637e+01
    endloop
  endfacet
  facet normal 9.935385e-01 -1.134958e-01 -2.871023e-17
    outer loop
      vertex   2.141705e+01 3.580454e+00 -4.126637e+01
      vertex   2.141705e+01 3.580454e+00 -3.951082e+01
      vertex   2.140775e+01 3.499104e+00 -4.126637e+01
    endloop
  endfacet
  facet normal 9.935385e-01 -1.134958e-01 -3.500085e-05
    outer loop
      vertex   2.141705e+01 3.580454e+00 -4.126637e+01
      vertex   2.140775e+01 3.499104e+00 -4.126637e+01
      vertex   2.140787e+01 3.500660e+00 -4.299965e+01
    endloop
  endfacet
  facet normal 9.626334e-01 -2.708078e-01 -1.783014e-04
    outer loop
      vertex   2.140787e+01 3.500660e+00 -4.299965e+01
      vertex   2.140775e+01 3.499104e+00 -4.126637e+01
      vertex   2.138550e+01 3.421140e+00 -4.300065e+01
    endloop
  endfacet
  facet normal 9.619112e-01 -2.733621e-01 -5.420661e-05
    outer loop
      vertex   2.138550e+01 3.421140e+00 -4.300065e+01
      vertex   2.140775e+01 3.499104e+00 -4.126637e+01
      vertex   2.138559e+01 3.421107e+00 -4.126637e+01
    endloop
  endfacet
  facet normal 9.220781e-01 -3.870039e-01 -5.434366e-05
    outer loop
      vertex   2.138550e+01 3.421140e+00 -4.300065e+01
      vertex   2.138559e+01 3.421107e+00 -4.126637e+01
      vertex   2.136947e+01 3.382946e+00 -4.300200e+01
    endloop
  endfacet
  facet normal 9.935880e-01 -1.130614e-01 -5.526230e-05
    outer loop
      vertex   2.140787e+01 3.500660e+00 -4.299965e+01
      vertex   2.141707e+01 3.581473e+00 -4.299971e+01
      vertex   2.141705e+01 3.580454e+00 -4.126637e+01
    endloop
  endfacet
  facet normal 9.987517e-01 4.994970e-02 4.060331e-05
    outer loop
      vertex   2.141705e+01 3.580454e+00 -4.126637e+01
      vertex   2.141707e+01 3.581473e+00 -4.299971e+01
      vertex   2.141297e+01 3.662001e+00 -4.126637e+01
    endloop
  endfacet
  facet normal 9.987517e-01 4.994970e-02 -1.134588e-16
    outer loop
      vertex   2.141705e+01 3.580454e+00 -4.126637e+01
      vertex   2.141297e+01 3.662001e+00 -4.126637e+01
      vertex   2.141297e+01 3.662001e+00 -3.951082e+01
    endloop
  endfacet
  facet normal 9.771644e-01 2.124846e-01 -4.837563e-16
    outer loop
      vertex   2.141297e+01 3.662001e+00 -3.951082e+01
      vertex   2.141297e+01 3.662001e+00 -4.126637e+01
      vertex   2.139548e+01 3.742435e+00 -3.951082e+01
    endloop
  endfacet
  facet normal 9.771644e-01 2.124846e-01 -6.452455e-16
    outer loop
      vertex   2.141297e+01 3.662001e+00 -3.951082e+01
      vertex   2.139548e+01 3.742435e+00 -3.951082e+01
      vertex   2.139548e+01 3.742435e+00 -3.775527e+01
    endloop
  endfacet
  facet normal 9.292969e-01 3.693336e-01 -1.121132e-15
    outer loop
      vertex   2.139548e+01 3.742435e+00 -3.775527e+01
      vertex   2.139548e+01 3.742435e+00 -3.951082e+01
      vertex   2.136531e+01 3.818337e+00 -3.775527e+01
    endloop
  endfacet
  facet normal 9.292969e-01 3.693336e-01 9.375999e-17
    outer loop
      vertex   2.139548e+01 3.742435e+00 -3.775527e+01
      vertex   2.136531e+01 3.818337e+00 -3.775527e+01
      vertex   2.136531e+01 3.818337e+00 -3.599972e+01
    endloop
  endfacet
  facet normal 8.566624e-01 5.158775e-01 1.304978e-16
    outer loop
      vertex   2.136531e+01 3.818337e+00 -3.599972e+01
      vertex   2.136531e+01 3.818337e+00 -3.775527e+01
      vertex   2.132307e+01 3.888481e+00 -3.599972e+01
    endloop
  endfacet
  facet normal 8.566624e-01 5.158775e-01 1.327494e-16
    outer loop
      vertex   2.136531e+01 3.818337e+00 -3.599972e+01
      vertex   2.132307e+01 3.888481e+00 -3.599972e+01
      vertex   2.132307e+01 3.888481e+00 -3.424416e+01
    endloop
  endfacet
  facet normal 7.609793e-01 6.487761e-01 1.641162e-16
    outer loop
      vertex   2.132307e+01 3.888481e+00 -3.424416e+01
      vertex   2.132307e+01 3.888481e+00 -3.599972e+01
      vertex   2.126995e+01 3.950790e+00 -2.897751e+01
    endloop
  endfacet
  facet normal 9.986234e-01 5.245260e-02 -7.598127e-05
    outer loop
      vertex   2.141707e+01 3.581473e+00 -4.299971e+01
      vertex   2.141284e+01 3.661984e+00 -4.299962e+01
      vertex   2.141297e+01 3.662001e+00 -4.126637e+01
    endloop
  endfacet
  facet normal 9.771644e-01 2.124846e-01 -7.596174e-05
    outer loop
      vertex   2.141297e+01 3.662001e+00 -4.126637e+01
      vertex   2.141284e+01 3.661984e+00 -4.299962e+01
      vertex   2.139548e+01 3.742435e+00 -4.126637e+01
    endloop
  endfacet
  facet normal 9.771644e-01 2.124846e-01 3.364280e-15
    outer loop
      vertex   2.141297e+01 3.662001e+00 -4.126637e+01
      vertex   2.139548e+01 3.742435e+00 -4.126637e+01
      vertex   2.139548e+01 3.742435e+00 -3.951082e+01
    endloop
  endfacet
  facet normal 9.292969e-01 3.693336e-01 2.733537e-15
    outer loop
      vertex   2.139548e+01 3.742435e+00 -3.951082e+01
      vertex   2.139548e+01 3.742435e+00 -4.126637e+01
      vertex   2.136531e+01 3.818337e+00 -3.951082e+01
    endloop
  endfacet
  facet normal 9.292969e-01 3.693336e-01 0.000000e+00
    outer loop
      vertex   2.139548e+01 3.742435e+00 -3.951082e+01
      vertex   2.136531e+01 3.818337e+00 -3.951082e+01
      vertex   2.136531e+01 3.818337e+00 -3.775527e+01
    endloop
  endfacet
  facet normal 8.566624e-01 5.158775e-01 0.000000e+00
    outer loop
      vertex   2.136531e+01 3.818337e+00 -3.775527e+01
      vertex   2.136531e+01 3.818337e+00 -3.951082e+01
      vertex   2.132307e+01 3.888481e+00 -3.775527e+01
    endloop
  endfacet
  facet normal 8.566624e-01 5.158775e-01 1.327494e-16
    outer loop
      vertex   2.136531e+01 3.818337e+00 -3.775527e+01
      vertex   2.132307e+01 3.888481e+00 -3.775527e+01
      vertex   2.132307e+01 3.888481e+00 -3.599972e+01
    endloop
  endfacet
  facet normal 7.609793e-01 6.487761e-01 1.641162e-16
    outer loop
      vertex   2.132307e+01 3.888481e+00 -3.599972e+01
      vertex   2.132307e+01 3.888481e+00 -3.775527e+01
      vertex   2.126995e+01 3.950790e+00 -2.897751e+01
    endloop
  endfacet
  facet normal 9.770828e-01 2.128596e-01 -9.418686e-05
    outer loop
      vertex   2.141284e+01 3.661984e+00 -4.299962e+01
      vertex   2.139532e+01 3.742387e+00 -4.300006e+01
      vertex   2.139548e+01 3.742435e+00 -4.126637e+01
    endloop
  endfacet
  facet normal 9.292969e-01 3.693336e-01 -9.418883e-05
    outer loop
      vertex   2.139548e+01 3.742435e+00 -4.126637e+01
      vertex   2.139532e+01 3.742387e+00 -4.300006e+01
      vertex   2.136531e+01 3.818337e+00 -4.126637e+01
    endloop
  endfacet
  facet normal 9.292969e-01 3.693336e-01 9.375999e-17
    outer loop
      vertex   2.139548e+01 3.742435e+00 -4.126637e+01
      vertex   2.136531e+01 3.818337e+00 -4.126637e+01
      vertex   2.136531e+01 3.818337e+00 -3.951082e+01
    endloop
  endfacet
  facet normal 8.566624e-01 5.158775e-01 1.304978e-16
    outer loop
      vertex   2.136531e+01 3.818337e+00 -3.951082e+01
      vertex   2.136531e+01 3.818337e+00 -4.126637e+01
      vertex   2.132307e+01 3.888481e+00 -3.951082e+01
    endloop
  endfacet
  facet normal 8.566624e-01 5.158775e-01 0.000000e+00
    outer loop
      vertex   2.136531e+01 3.818337e+00 -3.951082e+01
      vertex   2.132307e+01 3.888481e+00 -3.951082e+01
      vertex   2.132307e+01 3.888481e+00 -3.775527e+01
    endloop
  endfacet
  facet normal 7.862827e-01 6.178669e-01 0.000000e+00
    outer loop
      vertex   2.132307e+01 3.888481e+00 -3.775527e+01
      vertex   2.132307e+01 3.888481e+00 -3.951082e+01
      vertex   2.129711e+01 3.921514e+00 -4.301438e+01
    endloop
  endfacet
  facet normal 7.728055e-01 6.346429e-01 1.718945e-04
    outer loop
      vertex   2.132307e+01 3.888481e+00 -3.775527e+01
      vertex   2.129711e+01 3.921514e+00 -4.301438e+01
      vertex   2.126995e+01 3.950790e+00 -2.897751e+01
    endloop
  endfacet
  facet normal 7.330501e-01 6.801746e-01 2.109545e-15
    outer loop
      vertex   2.126995e+01 3.950790e+00 -2.897751e+01
      vertex   2.129711e+01 3.921514e+00 -4.301438e+01
      vertex   2.126995e+01 3.950790e+00 -4.302192e+01
    endloop
  endfacet
  facet normal 9.296193e-01 3.685214e-01 -5.303002e-05
    outer loop
      vertex   2.139532e+01 3.742387e+00 -4.300006e+01
      vertex   2.136482e+01 3.819323e+00 -4.300248e+01
      vertex   2.136531e+01 3.818337e+00 -4.126637e+01
    endloop
  endfacet
  facet normal 8.757427e-01 4.827782e-01 2.701406e-05
    outer loop
      vertex   2.136531e+01 3.818337e+00 -4.126637e+01
      vertex   2.136482e+01 3.819323e+00 -4.300248e+01
      vertex   2.134489e+01 3.855471e+00 -4.300498e+01
    endloop
  endfacet
  facet normal 8.566620e-01 5.158773e-01 9.580206e-04
    outer loop
      vertex   2.136531e+01 3.818337e+00 -4.126637e+01
      vertex   2.134489e+01 3.855471e+00 -4.300498e+01
      vertex   2.132307e+01 3.888481e+00 -4.126637e+01
    endloop
  endfacet
  facet normal 8.332543e-01 5.528900e-01 -3.852154e-05
    outer loop
      vertex   2.132307e+01 3.888481e+00 -4.126637e+01
      vertex   2.134489e+01 3.855471e+00 -4.300498e+01
      vertex   2.132222e+01 3.889646e+00 -4.300883e+01
    endloop
  endfacet
  facet normal 7.855381e-01 6.188133e-01 2.894370e-05
    outer loop
      vertex   2.132307e+01 3.888481e+00 -4.126637e+01
      vertex   2.132222e+01 3.889646e+00 -4.300883e+01
      vertex   2.129711e+01 3.921514e+00 -4.301438e+01
    endloop
  endfacet
  facet normal 9.770828e-01 2.128596e-01 9.418686e-05
    outer loop
      vertex   2.139532e+01 3.742387e+00 -2.899937e+01
      vertex   2.141284e+01 3.661984e+00 -2.899981e+01
      vertex   2.139548e+01 3.742435e+00 -3.073306e+01
    endloop
  endfacet
  facet normal 9.771644e-01 2.124846e-01 7.596174e-05
    outer loop
      vertex   2.139548e+01 3.742435e+00 -3.073306e+01
      vertex   2.141284e+01 3.661984e+00 -2.899981e+01
      vertex   2.141297e+01 3.662001e+00 -3.073306e+01
    endloop
  endfacet
  facet normal 9.771644e-01 2.124846e-01 -5.372044e-16
    outer loop
      vertex   2.139548e+01 3.742435e+00 -3.073306e+01
      vertex   2.141297e+01 3.662001e+00 -3.073306e+01
      vertex   2.141297e+01 3.662001e+00 -3.248861e+01
    endloop
  endfacet
  facet normal 9.987517e-01 4.994970e-02 -1.263542e-16
    outer loop
      vertex   2.141297e+01 3.662001e+00 -3.248861e+01
      vertex   2.141297e+01 3.662001e+00 -3.073306e+01
      vertex   2.141705e+01 3.580454e+00 -3.248861e+01
    endloop
  endfacet
  facet normal 9.987517e-01 4.994970e-02 1.248046e-17
    outer loop
      vertex   2.141297e+01 3.662001e+00 -3.248861e+01
      vertex   2.141705e+01 3.580454e+00 -3.248861e+01
      vertex   2.141705e+01 3.580454e+00 -3.424416e+01
    endloop
  endfacet
  facet normal 9.935385e-01 -1.134958e-01 -2.871023e-17
    outer loop
      vertex   2.141705e+01 3.580454e+00 -3.424416e+01
      vertex   2.141705e+01 3.580454e+00 -3.248861e+01
      vertex   2.140775e+01 3.499104e+00 -3.424416e+01
    endloop
  endfacet
  facet normal 9.935385e-01 -1.134958e-01 -2.866181e-17
    outer loop
      vertex   2.141705e+01 3.580454e+00 -3.424416e+01
      vertex   2.140775e+01 3.499104e+00 -3.424416e+01
      vertex   2.140775e+01 3.499104e+00 -3.599972e+01
    endloop
  endfacet
  facet normal 9.619112e-01 -2.733621e-01 -6.915046e-17
    outer loop
      vertex   2.140775e+01 3.499104e+00 -3.599972e+01
      vertex   2.140775e+01 3.499104e+00 -3.424416e+01
      vertex   2.138559e+01 3.421107e+00 -3.599972e+01
    endloop
  endfacet
  facet normal 9.619112e-01 -2.733621e-01 1.370973e-16
    outer loop
      vertex   2.140775e+01 3.499104e+00 -3.599972e+01
      vertex   2.138559e+01 3.421107e+00 -3.599972e+01
      vertex   2.138559e+01 3.421107e+00 -3.775527e+01
    endloop
  endfacet
  facet normal 9.043979e-01 -4.266900e-01 2.158734e-16
    outer loop
      vertex   2.138559e+01 3.421107e+00 -3.775527e+01
      vertex   2.138559e+01 3.421107e+00 -3.599972e+01
      vertex   2.135031e+01 3.346336e+00 -4.300422e+01
    endloop
  endfacet
  facet normal 9.986234e-01 5.245260e-02 7.598127e-05
    outer loop
      vertex   2.141284e+01 3.661984e+00 -2.899981e+01
      vertex   2.141707e+01 3.581473e+00 -2.899973e+01
      vertex   2.141297e+01 3.662001e+00 -3.073306e+01
    endloop
  endfacet
  facet normal 9.987517e-01 4.994970e-02 -4.060331e-05
    outer loop
      vertex   2.141297e+01 3.662001e+00 -3.073306e+01
      vertex   2.141707e+01 3.581473e+00 -2.899973e+01
      vertex   2.141705e+01 3.580454e+00 -3.073306e+01
    endloop
  endfacet
  facet normal 9.987517e-01 4.994970e-02 0.000000e+00
    outer loop
      vertex   2.141297e+01 3.662001e+00 -3.073306e+01
      vertex   2.141705e+01 3.580454e+00 -3.073306e+01
      vertex   2.141705e+01 3.580454e+00 -3.248861e+01
    endloop
  endfacet
  facet normal 9.935385e-01 -1.134958e-01 0.000000e+00
    outer loop
      vertex   2.141705e+01 3.580454e+00 -3.248861e+01
      vertex   2.141705e+01 3.580454e+00 -3.073306e+01
      vertex   2.140775e+01 3.499104e+00 -3.248861e+01
    endloop
  endfacet
  facet normal 9.935385e-01 -1.134958e-01 -2.866181e-17
    outer loop
      vertex   2.141705e+01 3.580454e+00 -3.248861e+01
      vertex   2.140775e+01 3.499104e+00 -3.248861e+01
      vertex   2.140775e+01 3.499104e+00 -3.424416e+01
    endloop
  endfacet
  facet normal 9.619112e-01 -2.733621e-01 -6.915046e-17
    outer loop
      vertex   2.140775e+01 3.499104e+00 -3.424416e+01
      vertex   2.140775e+01 3.499104e+00 -3.248861e+01
      vertex   2.138559e+01 3.421107e+00 -3.424416e+01
    endloop
  endfacet
  facet normal 9.619112e-01 -2.733621e-01 0.000000e+00
    outer loop
      vertex   2.140775e+01 3.499104e+00 -3.424416e+01
      vertex   2.138559e+01 3.421107e+00 -3.424416e+01
      vertex   2.138559e+01 3.421107e+00 -3.599972e+01
    endloop
  endfacet
  facet normal 9.043979e-01 -4.266900e-01 0.000000e+00
    outer loop
      vertex   2.138559e+01 3.421107e+00 -3.599972e+01
      vertex   2.138559e+01 3.421107e+00 -3.424416e+01
      vertex   2.135031e+01 3.346336e+00 -4.300422e+01
    endloop
  endfacet
  facet normal 9.935880e-01 -1.130614e-01 5.526230e-05
    outer loop
      vertex   2.141707e+01 3.581473e+00 -2.899973e+01
      vertex   2.140787e+01 3.500660e+00 -2.899979e+01
      vertex   2.141705e+01 3.580454e+00 -3.073306e+01
    endloop
  endfacet
  facet normal 9.935385e-01 -1.134958e-01 3.500085e-05
    outer loop
      vertex   2.141705e+01 3.580454e+00 -3.073306e+01
      vertex   2.140787e+01 3.500660e+00 -2.899979e+01
      vertex   2.140775e+01 3.499104e+00 -3.073306e+01
    endloop
  endfacet
  facet normal 9.935385e-01 -1.134958e-01 0.000000e+00
    outer loop
      vertex   2.141705e+01 3.580454e+00 -3.073306e+01
      vertex   2.140775e+01 3.499104e+00 -3.073306e+01
      vertex   2.140775e+01 3.499104e+00 -3.248861e+01
    endloop
  endfacet
  facet normal 9.619112e-01 -2.733621e-01 0.000000e+00
    outer loop
      vertex   2.140775e+01 3.499104e+00 -3.248861e+01
      vertex   2.140775e+01 3.499104e+00 -3.073306e+01
      vertex   2.138559e+01 3.421107e+00 -3.248861e+01
    endloop
  endfacet
  facet normal 9.619112e-01 -2.733621e-01 7.007195e-17
    outer loop
      vertex   2.140775e+01 3.499104e+00 -3.248861e+01
      vertex   2.138559e+01 3.421107e+00 -3.248861e+01
      vertex   2.138559e+01 3.421107e+00 -3.424416e+01
    endloop
  endfacet
  facet normal 9.211945e-01 -3.891023e-01 9.842843e-17
    outer loop
      vertex   2.138559e+01 3.421107e+00 -3.424416e+01
      vertex   2.138559e+01 3.421107e+00 -3.248861e+01
      vertex   2.136947e+01 3.382946e+00 -2.899743e+01
    endloop
  endfacet
  facet normal 9.122408e-01 -4.096544e-01 -1.769892e-04
    outer loop
      vertex   2.138559e+01 3.421107e+00 -3.424416e+01
      vertex   2.136947e+01 3.382946e+00 -2.899743e+01
      vertex   2.135031e+01 3.346336e+00 -4.300422e+01
    endloop
  endfacet
  facet normal 8.860191e-01 -4.636488e-01 -1.175823e-16
    outer loop
      vertex   2.135031e+01 3.346336e+00 -4.300422e+01
      vertex   2.136947e+01 3.382946e+00 -2.899743e+01
      vertex   2.135031e+01 3.346336e+00 -2.899521e+01
    endloop
  endfacet
  facet normal 9.626334e-01 -2.708078e-01 1.783014e-04
    outer loop
      vertex   2.140787e+01 3.500660e+00 -2.899979e+01
      vertex   2.138550e+01 3.421140e+00 -2.899878e+01
      vertex   2.140775e+01 3.499104e+00 -3.073306e+01
    endloop
  endfacet
  facet normal 9.619112e-01 -2.733621e-01 5.420661e-05
    outer loop
      vertex   2.140775e+01 3.499104e+00 -3.073306e+01
      vertex   2.138550e+01 3.421140e+00 -2.899878e+01
      vertex   2.138559e+01 3.421107e+00 -3.073306e+01
    endloop
  endfacet
  facet normal 9.619112e-01 -2.733621e-01 6.854865e-17
    outer loop
      vertex   2.140775e+01 3.499104e+00 -3.073306e+01
      vertex   2.138559e+01 3.421107e+00 -3.073306e+01
      vertex   2.138559e+01 3.421107e+00 -3.248861e+01
    endloop
  endfacet
  facet normal 9.211945e-01 -3.891023e-01 9.842843e-17
    outer loop
      vertex   2.138559e+01 3.421107e+00 -3.248861e+01
      vertex   2.138559e+01 3.421107e+00 -3.073306e+01
      vertex   2.136947e+01 3.382946e+00 -2.899743e+01
    endloop
  endfacet
  facet normal 9.220781e-01 -3.870039e-01 5.434366e-05
    outer loop
      vertex   2.138550e+01 3.421140e+00 -2.899878e+01
      vertex   2.136947e+01 3.382946e+00 -2.899743e+01
      vertex   2.138559e+01 3.421107e+00 -3.073306e+01
    endloop
  endfacet
  facet normal 9.619112e-01 -2.733621e-01 0.000000e+00
    outer loop
      vertex   2.138559e+01 3.421107e+00 -3.951082e+01
      vertex   2.138559e+01 3.421107e+00 -4.126637e+01
      vertex   2.140775e+01 3.499104e+00 -3.951082e+01
    endloop
  endfacet
  facet normal 9.619112e-01 -2.733621e-01 -6.915046e-17
    outer loop
      vertex   2.140775e+01 3.499104e+00 -3.951082e+01
      vertex   2.138559e+01 3.421107e+00 -4.126637e+01
      vertex   2.140775e+01 3.499104e+00 -4.126637e+01
    endloop
  endfacet
  facet normal 9.935385e-01 -1.134958e-01 -2.871023e-17
    outer loop
      vertex   2.140775e+01 3.499104e+00 -3.951082e+01
      vertex   2.140775e+01 3.499104e+00 -4.126637e+01
      vertex   2.141705e+01 3.580454e+00 -3.951082e+01
    endloop
  endfacet
  facet normal 9.619112e-01 -2.733621e-01 0.000000e+00
    outer loop
      vertex   2.138559e+01 3.421107e+00 -3.951082e+01
      vertex   2.140775e+01 3.499104e+00 -3.951082e+01
      vertex   2.140775e+01 3.499104e+00 -3.775527e+01
    endloop
  endfacet
  facet normal 9.935385e-01 -1.134958e-01 0.000000e+00
    outer loop
      vertex   2.140775e+01 3.499104e+00 -3.775527e+01
      vertex   2.140775e+01 3.499104e+00 -3.951082e+01
      vertex   2.141705e+01 3.580454e+00 -3.775527e+01
    endloop
  endfacet
  facet normal 9.935385e-01 -1.134958e-01 -5.732362e-17
    outer loop
      vertex   2.140775e+01 3.499104e+00 -3.775527e+01
      vertex   2.141705e+01 3.580454e+00 -3.775527e+01
      vertex   2.141705e+01 3.580454e+00 -3.599972e+01
    endloop
  endfacet
  facet normal 9.987517e-01 4.994970e-02 2.527084e-17
    outer loop
      vertex   2.141705e+01 3.580454e+00 -3.599972e+01
      vertex   2.141705e+01 3.580454e+00 -3.775527e+01
      vertex   2.141297e+01 3.662001e+00 -3.599972e+01
    endloop
  endfacet
  facet normal 9.987517e-01 4.994970e-02 1.907620e-15
    outer loop
      vertex   2.141705e+01 3.580454e+00 -3.599972e+01
      vertex   2.141297e+01 3.662001e+00 -3.599972e+01
      vertex   2.141297e+01 3.662001e+00 -3.424416e+01
    endloop
  endfacet
  facet normal 9.771644e-01 2.124846e-01 1.493734e-15
    outer loop
      vertex   2.141297e+01 3.662001e+00 -3.424416e+01
      vertex   2.141297e+01 3.662001e+00 -3.599972e+01
      vertex   2.139548e+01 3.742435e+00 -3.424416e+01
    endloop
  endfacet
  facet normal 9.771644e-01 2.124846e-01 -5.372044e-16
    outer loop
      vertex   2.141297e+01 3.662001e+00 -3.424416e+01
      vertex   2.139548e+01 3.742435e+00 -3.424416e+01
      vertex   2.139548e+01 3.742435e+00 -3.248861e+01
    endloop
  endfacet
  facet normal 9.292969e-01 3.693336e-01 -9.342767e-16
    outer loop
      vertex   2.139548e+01 3.742435e+00 -3.248861e+01
      vertex   2.139548e+01 3.742435e+00 -3.424416e+01
      vertex   2.136531e+01 3.818337e+00 -3.248861e+01
    endloop
  endfacet
  facet normal 9.292969e-01 3.693336e-01 0.000000e+00
    outer loop
      vertex   2.139548e+01 3.742435e+00 -3.248861e+01
      vertex   2.136531e+01 3.818337e+00 -3.248861e+01
      vertex   2.136531e+01 3.818337e+00 -3.073306e+01
    endloop
  endfacet
  facet normal 8.566624e-01 5.158775e-01 0.000000e+00
    outer loop
      vertex   2.136531e+01 3.818337e+00 -3.073306e+01
      vertex   2.136531e+01 3.818337e+00 -3.248861e+01
      vertex   2.132307e+01 3.888481e+00 -3.073306e+01
    endloop
  endfacet
  facet normal 9.935385e-01 -1.134958e-01 0.000000e+00
    outer loop
      vertex   2.141705e+01 3.580454e+00 -3.775527e+01
      vertex   2.140775e+01 3.499104e+00 -3.951082e+01
      vertex   2.141705e+01 3.580454e+00 -3.951082e+01
    endloop
  endfacet
  facet normal 9.987517e-01 4.994970e-02 -8.844792e-17
    outer loop
      vertex   2.141297e+01 3.662001e+00 -3.599972e+01
      vertex   2.141705e+01 3.580454e+00 -3.775527e+01
      vertex   2.141297e+01 3.662001e+00 -3.775527e+01
    endloop
  endfacet
  facet normal 9.987517e-01 4.994970e-02 0.000000e+00
    outer loop
      vertex   2.141297e+01 3.662001e+00 -3.775527e+01
      vertex   2.141705e+01 3.580454e+00 -3.775527e+01
      vertex   2.141705e+01 3.580454e+00 -3.951082e+01
    endloop
  endfacet
  facet normal 9.771644e-01 2.124846e-01 1.439983e-15
    outer loop
      vertex   2.139548e+01 3.742435e+00 -3.424416e+01
      vertex   2.141297e+01 3.662001e+00 -3.599972e+01
      vertex   2.139548e+01 3.742435e+00 -3.599972e+01
    endloop
  endfacet
  facet normal 9.771644e-01 2.124846e-01 -3.766433e-16
    outer loop
      vertex   2.139548e+01 3.742435e+00 -3.599972e+01
      vertex   2.141297e+01 3.662001e+00 -3.599972e+01
      vertex   2.141297e+01 3.662001e+00 -3.775527e+01
    endloop
  endfacet
  facet normal 9.292969e-01 3.693336e-01 9.342767e-17
    outer loop
      vertex   2.136531e+01 3.818337e+00 -3.248861e+01
      vertex   2.139548e+01 3.742435e+00 -3.424416e+01
      vertex   2.136531e+01 3.818337e+00 -3.424416e+01
    endloop
  endfacet
  facet normal 9.292969e-01 3.693336e-01 9.436490e-16
    outer loop
      vertex   2.136531e+01 3.818337e+00 -3.424416e+01
      vertex   2.139548e+01 3.742435e+00 -3.424416e+01
      vertex   2.139548e+01 3.742435e+00 -3.599972e+01
    endloop
  endfacet
  facet normal 8.566624e-01 5.158775e-01 0.000000e+00
    outer loop
      vertex   2.132307e+01 3.888481e+00 -3.073306e+01
      vertex   2.136531e+01 3.818337e+00 -3.248861e+01
      vertex   2.132307e+01 3.888481e+00 -3.248861e+01
    endloop
  endfacet
  facet normal 8.566624e-01 5.158775e-01 1.327494e-16
    outer loop
      vertex   2.132307e+01 3.888481e+00 -3.248861e+01
      vertex   2.136531e+01 3.818337e+00 -3.248861e+01
      vertex   2.136531e+01 3.818337e+00 -3.424416e+01
    endloop
  endfacet
  facet normal 7.862827e-01 6.178669e-01 1.558213e-16
    outer loop
      vertex   2.129711e+01 3.921514e+00 -4.301438e+01
      vertex   2.132307e+01 3.888481e+00 -3.951082e+01
      vertex   2.132307e+01 3.888481e+00 -4.126637e+01
    endloop
  endfacet
  facet normal 8.566624e-01 5.158775e-01 1.304978e-16
    outer loop
      vertex   2.132307e+01 3.888481e+00 -4.126637e+01
      vertex   2.132307e+01 3.888481e+00 -3.951082e+01
      vertex   2.136531e+01 3.818337e+00 -4.126637e+01
    endloop
  endfacet
  facet normal 7.395672e-01 6.730828e-01 2.134116e-15
    outer loop
      vertex   2.126995e+01 3.950790e+00 -2.897751e+01
      vertex   2.126995e+01 3.950790e+00 -4.302192e+01
      vertex   2.120927e+01 4.017461e+00 -2.895427e+01
    endloop
  endfacet
  facet normal 7.556109e-01 6.550207e-01 1.548043e-04
    outer loop
      vertex   2.120927e+01 4.017461e+00 -2.895427e+01
      vertex   2.126995e+01 3.950790e+00 -4.302192e+01
      vertex   2.119599e+01 4.033875e+00 -3.359121e+01
    endloop
  endfacet
  facet normal 7.774448e-01 6.289512e-01 0.000000e+00
    outer loop
      vertex   2.120927e+01 4.017461e+00 -2.895427e+01
      vertex   2.119599e+01 4.033875e+00 -3.359121e+01
      vertex   2.119599e+01 4.033875e+00 -3.118270e+01
    endloop
  endfacet
  facet normal 8.218688e-01 5.696768e-01 0.000000e+00
    outer loop
      vertex   2.119599e+01 4.033875e+00 -3.118270e+01
      vertex   2.119599e+01 4.033875e+00 -3.359121e+01
      vertex   2.113263e+01 4.125294e+00 -3.118270e+01
    endloop
  endfacet
  facet normal 8.218686e-01 5.696767e-01 6.643479e-04
    outer loop
      vertex   2.119599e+01 4.033875e+00 -3.118270e+01
      vertex   2.113263e+01 4.125294e+00 -3.118270e+01
      vertex   2.115539e+01 4.089817e+00 -2.892536e+01
    endloop
  endfacet
  facet normal 8.562560e-01 5.165514e-01 -5.173886e-04
    outer loop
      vertex   2.115539e+01 4.089817e+00 -2.892536e+01
      vertex   2.113263e+01 4.125294e+00 -3.118270e+01
      vertex   2.110881e+01 4.167071e+00 -2.889302e+01
    endloop
  endfacet
  facet normal 8.847260e-01 4.661110e-01 6.990981e-04
    outer loop
      vertex   2.110881e+01 4.167071e+00 -2.889302e+01
      vertex   2.113263e+01 4.125294e+00 -3.118270e+01
      vertex   2.108078e+01 4.223705e+00 -3.118270e+01
    endloop
  endfacet
  facet normal 9.026979e-01 4.302747e-01 -4.072878e-04
    outer loop
      vertex   2.110881e+01 4.167071e+00 -2.889302e+01
      vertex   2.108078e+01 4.223705e+00 -3.118270e+01
      vertex   2.107006e+01 4.248381e+00 -2.885948e+01
    endloop
  endfacet
  facet normal 9.345984e-01 3.557043e-01 5.318751e-04
    outer loop
      vertex   2.107006e+01 4.248381e+00 -2.885948e+01
      vertex   2.108078e+01 4.223705e+00 -3.118270e+01
      vertex   2.104121e+01 4.327663e+00 -3.118270e+01
    endloop
  endfacet
  facet normal 9.406547e-01 3.393650e-01 -1.009300e-04
    outer loop
      vertex   2.107006e+01 4.248381e+00 -2.885948e+01
      vertex   2.104121e+01 4.327663e+00 -3.118270e+01
      vertex   2.103955e+01 4.332985e+00 -2.882735e+01
    endloop
  endfacet
  facet normal 9.693936e-01 2.455119e-01 1.314772e-04
    outer loop
      vertex   2.103955e+01 4.332985e+00 -2.882735e+01
      vertex   2.104121e+01 4.327663e+00 -3.118270e+01
      vertex   2.101741e+01 4.420378e+00 -2.880013e+01
    endloop
  endfacet
  facet normal 9.707538e-01 2.400769e-01 3.565640e-04
    outer loop
      vertex   2.101741e+01 4.420378e+00 -2.880013e+01
      vertex   2.104121e+01 4.327663e+00 -3.118270e+01
      vertex   2.101451e+01 4.435643e+00 -3.118270e+01
    endloop
  endfacet
  facet normal 9.888888e-01 1.486571e-01 -2.512364e-04
    outer loop
      vertex   2.101741e+01 4.420378e+00 -2.880013e+01
      vertex   2.101451e+01 4.435643e+00 -3.118270e+01
      vertex   2.100393e+01 4.510096e+00 -2.878125e+01
    endloop
  endfacet
  facet normal 9.926613e-01 1.209258e-01 6.251526e-04
    outer loop
      vertex   2.100393e+01 4.510096e+00 -2.878125e+01
      vertex   2.101451e+01 4.435643e+00 -3.118270e+01
      vertex   2.100106e+01 4.546060e+00 -3.118270e+01
    endloop
  endfacet
  facet normal 9.972127e-01 7.461107e-02 -7.388668e-05
    outer loop
      vertex   2.100393e+01 4.510096e+00 -2.878125e+01
      vertex   2.100106e+01 4.546060e+00 -3.118270e+01
      vertex   2.100052e+01 4.555682e+00 -2.877603e+01
    endloop
  endfacet
  facet normal 9.996907e-01 2.486812e-02 1.255592e-04
    outer loop
      vertex   2.100052e+01 4.555682e+00 -2.877603e+01
      vertex   2.100106e+01 4.546060e+00 -3.118270e+01
      vertex   2.099937e+01 4.601676e+00 -2.877419e+01
    endloop
  endfacet
  facet normal 9.999998e-01 0.000000e+00 7.000226e-04
    outer loop
      vertex   2.099937e+01 4.601676e+00 -2.877419e+01
      vertex   2.100106e+01 4.546060e+00 -3.118270e+01
      vertex   2.100106e+01 4.657293e+00 -3.118270e+01
    endloop
  endfacet
  facet normal 9.996907e-01 -2.486812e-02 1.255592e-04
    outer loop
      vertex   2.099937e+01 4.601676e+00 -2.877419e+01
      vertex   2.100106e+01 4.657293e+00 -3.118270e+01
      vertex   2.100052e+01 4.647670e+00 -2.877603e+01
    endloop
  endfacet
  facet normal 9.972127e-01 -7.461107e-02 -7.388668e-05
    outer loop
      vertex   2.100052e+01 4.647670e+00 -2.877603e+01
      vertex   2.100106e+01 4.657293e+00 -3.118270e+01
      vertex   2.100393e+01 4.693257e+00 -2.878125e+01
    endloop
  endfacet
  facet normal 9.926613e-01 -1.209258e-01 6.251526e-04
    outer loop
      vertex   2.100393e+01 4.693257e+00 -2.878125e+01
      vertex   2.100106e+01 4.657293e+00 -3.118270e+01
      vertex   2.101451e+01 4.767710e+00 -3.118270e+01
    endloop
  endfacet
  facet normal 9.888888e-01 -1.486571e-01 -2.512364e-04
    outer loop
      vertex   2.100393e+01 4.693257e+00 -2.878125e+01
      vertex   2.101451e+01 4.767710e+00 -3.118270e+01
      vertex   2.101741e+01 4.782975e+00 -2.880013e+01
    endloop
  endfacet
  facet normal 9.707538e-01 -2.400769e-01 3.565640e-04
    outer loop
      vertex   2.101741e+01 4.782975e+00 -2.880013e+01
      vertex   2.101451e+01 4.767710e+00 -3.118270e+01
      vertex   2.104121e+01 4.875690e+00 -3.118270e+01
    endloop
  endfacet
  facet normal 9.693936e-01 -2.455119e-01 1.314772e-04
    outer loop
      vertex   2.101741e+01 4.782975e+00 -2.880013e+01
      vertex   2.104121e+01 4.875690e+00 -3.118270e+01
      vertex   2.103955e+01 4.870368e+00 -2.882735e+01
    endloop
  endfacet
  facet normal 9.406547e-01 -3.393650e-01 -1.009300e-04
    outer loop
      vertex   2.103955e+01 4.870368e+00 -2.882735e+01
      vertex   2.104121e+01 4.875690e+00 -3.118270e+01
      vertex   2.107006e+01 4.954972e+00 -2.885948e+01
    endloop
  endfacet
  facet normal 9.345984e-01 -3.557043e-01 5.318751e-04
    outer loop
      vertex   2.107006e+01 4.954972e+00 -2.885948e+01
      vertex   2.104121e+01 4.875690e+00 -3.118270e+01
      vertex   2.108078e+01 4.979648e+00 -3.118270e+01
    endloop
  endfacet
  facet normal 9.026979e-01 -4.302747e-01 -4.072878e-04
    outer loop
      vertex   2.107006e+01 4.954972e+00 -2.885948e+01
      vertex   2.108078e+01 4.979648e+00 -3.118270e+01
      vertex   2.110881e+01 5.036282e+00 -2.889302e+01
    endloop
  endfacet
  facet normal 8.847260e-01 -4.661110e-01 6.990981e-04
    outer loop
      vertex   2.110881e+01 5.036282e+00 -2.889302e+01
      vertex   2.108078e+01 4.979648e+00 -3.118270e+01
      vertex   2.113263e+01 5.078059e+00 -3.118270e+01
    endloop
  endfacet
  facet normal 8.562560e-01 -5.165514e-01 -5.173886e-04
    outer loop
      vertex   2.110881e+01 5.036282e+00 -2.889302e+01
      vertex   2.113263e+01 5.078059e+00 -3.118270e+01
      vertex   2.115539e+01 5.113535e+00 -2.892536e+01
    endloop
  endfacet
  facet normal 8.218686e-01 -5.696767e-01 6.643479e-04
    outer loop
      vertex   2.115539e+01 5.113535e+00 -2.892536e+01
      vertex   2.113263e+01 5.078059e+00 -3.118270e+01
      vertex   2.119599e+01 5.169478e+00 -3.118270e+01
    endloop
  endfacet
  facet normal 8.019837e-01 -5.973457e-01 -3.790119e-04
    outer loop
      vertex   2.115539e+01 5.113535e+00 -2.892536e+01
      vertex   2.119599e+01 5.169478e+00 -3.118270e+01
      vertex   2.120927e+01 5.185891e+00 -2.895427e+01
    endloop
  endfacet
  facet normal 7.396624e-01 -6.729779e-01 5.494151e-04
    outer loop
      vertex   2.120927e+01 5.185891e+00 -2.895427e+01
      vertex   2.119599e+01 5.169478e+00 -3.118270e+01
      vertex   2.126995e+01 5.252563e+00 -2.897751e+01
    endloop
  endfacet
  facet normal 7.469488e-01 -6.648816e-01 -2.460548e-16
    outer loop
      vertex   2.126995e+01 5.252563e+00 -2.897751e+01
      vertex   2.119599e+01 5.169478e+00 -3.118270e+01
      vertex   2.119599e+01 5.169478e+00 -3.359121e+01
    endloop
  endfacet
  facet normal 7.469488e-01 -6.648816e-01 0.000000e+00
    outer loop
      vertex   2.126995e+01 5.252563e+00 -2.897751e+01
      vertex   2.119599e+01 5.169478e+00 -3.359121e+01
      vertex   2.119599e+01 5.169478e+00 -3.599972e+01
    endloop
  endfacet
  facet normal 8.218688e-01 -5.696768e-01 0.000000e+00
    outer loop
      vertex   2.119599e+01 5.169478e+00 -3.599972e+01
      vertex   2.119599e+01 5.169478e+00 -3.359121e+01
      vertex   2.113263e+01 5.078059e+00 -3.599972e+01
    endloop
  endfacet
  facet normal 8.218688e-01 -5.696768e-01 -2.104416e-16
    outer loop
      vertex   2.119599e+01 5.169478e+00 -3.599972e+01
      vertex   2.113263e+01 5.078059e+00 -3.599972e+01
      vertex   2.113263e+01 5.078059e+00 -3.840822e+01
    endloop
  endfacet
  facet normal 8.847262e-01 -4.661111e-01 -1.718864e-16
    outer loop
      vertex   2.113263e+01 5.078059e+00 -3.840822e+01
      vertex   2.113263e+01 5.078059e+00 -3.599972e+01
      vertex   2.108078e+01 4.979648e+00 -3.840822e+01
    endloop
  endfacet
  facet normal 8.847262e-01 -4.661111e-01 -1.715908e-16
    outer loop
      vertex   2.113263e+01 5.078059e+00 -3.840822e+01
      vertex   2.108078e+01 4.979648e+00 -3.840822e+01
      vertex   2.108078e+01 4.979648e+00 -4.081673e+01
    endloop
  endfacet
  facet normal 9.345985e-01 -3.557043e-01 -1.311720e-16
    outer loop
      vertex   2.108078e+01 4.979648e+00 -4.081673e+01
      vertex   2.108078e+01 4.979648e+00 -3.840822e+01
      vertex   2.104121e+01 4.875690e+00 -4.081673e+01
    endloop
  endfacet
  facet normal 9.345984e-01 -3.557043e-01 -5.318751e-04
    outer loop
      vertex   2.108078e+01 4.979648e+00 -4.081673e+01
      vertex   2.104121e+01 4.875690e+00 -4.081673e+01
      vertex   2.107006e+01 4.954972e+00 -4.313995e+01
    endloop
  endfacet
  facet normal 9.406547e-01 -3.393650e-01 1.009300e-04
    outer loop
      vertex   2.107006e+01 4.954972e+00 -4.313995e+01
      vertex   2.104121e+01 4.875690e+00 -4.081673e+01
      vertex   2.103955e+01 4.870368e+00 -4.317208e+01
    endloop
  endfacet
  facet normal 9.693936e-01 -2.455119e-01 -1.314772e-04
    outer loop
      vertex   2.103955e+01 4.870368e+00 -4.317208e+01
      vertex   2.104121e+01 4.875690e+00 -4.081673e+01
      vertex   2.101741e+01 4.782975e+00 -4.319930e+01
    endloop
  endfacet
  facet normal 9.707538e-01 -2.400769e-01 -3.565640e-04
    outer loop
      vertex   2.101741e+01 4.782975e+00 -4.319930e+01
      vertex   2.104121e+01 4.875690e+00 -4.081673e+01
      vertex   2.101451e+01 4.767710e+00 -4.081673e+01
    endloop
  endfacet
  facet normal 9.888888e-01 -1.486571e-01 2.512364e-04
    outer loop
      vertex   2.101741e+01 4.782975e+00 -4.319930e+01
      vertex   2.101451e+01 4.767710e+00 -4.081673e+01
      vertex   2.100393e+01 4.693257e+00 -4.321818e+01
    endloop
  endfacet
  facet normal 9.926613e-01 -1.209258e-01 -6.251526e-04
    outer loop
      vertex   2.100393e+01 4.693257e+00 -4.321818e+01
      vertex   2.101451e+01 4.767710e+00 -4.081673e+01
      vertex   2.100106e+01 4.657293e+00 -4.081673e+01
    endloop
  endfacet
  facet normal 9.972127e-01 -7.461107e-02 7.388668e-05
    outer loop
      vertex   2.100393e+01 4.693257e+00 -4.321818e+01
      vertex   2.100106e+01 4.657293e+00 -4.081673e+01
      vertex   2.100052e+01 4.647670e+00 -4.322340e+01
    endloop
  endfacet
  facet normal 9.996907e-01 -2.486812e-02 -1.255592e-04
    outer loop
      vertex   2.100052e+01 4.647670e+00 -4.322340e+01
      vertex   2.100106e+01 4.657293e+00 -4.081673e+01
      vertex   2.099937e+01 4.601676e+00 -4.322524e+01
    endloop
  endfacet
  facet normal 9.999998e-01 0.000000e+00 -7.000226e-04
    outer loop
      vertex   2.099937e+01 4.601676e+00 -4.322524e+01
      vertex   2.100106e+01 4.657293e+00 -4.081673e+01
      vertex   2.100106e+01 4.546060e+00 -4.081673e+01
    endloop
  endfacet
  facet normal 9.996907e-01 2.486812e-02 -1.255592e-04
    outer loop
      vertex   2.099937e+01 4.601676e+00 -4.322524e+01
      vertex   2.100106e+01 4.546060e+00 -4.081673e+01
      vertex   2.100052e+01 4.555682e+00 -4.322340e+01
    endloop
  endfacet
  facet normal 9.972127e-01 7.461107e-02 7.388668e-05
    outer loop
      vertex   2.100052e+01 4.555682e+00 -4.322340e+01
      vertex   2.100106e+01 4.546060e+00 -4.081673e+01
      vertex   2.100393e+01 4.510096e+00 -4.321818e+01
    endloop
  endfacet
  facet normal 9.926613e-01 1.209258e-01 -6.251526e-04
    outer loop
      vertex   2.100393e+01 4.510096e+00 -4.321818e+01
      vertex   2.100106e+01 4.546060e+00 -4.081673e+01
      vertex   2.101451e+01 4.435643e+00 -4.081673e+01
    endloop
  endfacet
  facet normal 9.888888e-01 1.486571e-01 2.512364e-04
    outer loop
      vertex   2.100393e+01 4.510096e+00 -4.321818e+01
      vertex   2.101451e+01 4.435643e+00 -4.081673e+01
      vertex   2.101741e+01 4.420378e+00 -4.319930e+01
    endloop
  endfacet
  facet normal 9.707538e-01 2.400769e-01 -3.565640e-04
    outer loop
      vertex   2.101741e+01 4.420378e+00 -4.319930e+01
      vertex   2.101451e+01 4.435643e+00 -4.081673e+01
      vertex   2.104121e+01 4.327663e+00 -4.081673e+01
    endloop
  endfacet
  facet normal 9.693936e-01 2.455119e-01 -1.314772e-04
    outer loop
      vertex   2.101741e+01 4.420378e+00 -4.319930e+01
      vertex   2.104121e+01 4.327663e+00 -4.081673e+01
      vertex   2.103955e+01 4.332985e+00 -4.317208e+01
    endloop
  endfacet
  facet normal 9.406547e-01 3.393650e-01 1.009300e-04
    outer loop
      vertex   2.103955e+01 4.332985e+00 -4.317208e+01
      vertex   2.104121e+01 4.327663e+00 -4.081673e+01
      vertex   2.107006e+01 4.248381e+00 -4.313995e+01
    endloop
  endfacet
  facet normal 9.345984e-01 3.557043e-01 -5.318751e-04
    outer loop
      vertex   2.107006e+01 4.248381e+00 -4.313995e+01
      vertex   2.104121e+01 4.327663e+00 -4.081673e+01
      vertex   2.108078e+01 4.223705e+00 -4.081673e+01
    endloop
  endfacet
  facet normal 9.026979e-01 4.302747e-01 4.072878e-04
    outer loop
      vertex   2.107006e+01 4.248381e+00 -4.313995e+01
      vertex   2.108078e+01 4.223705e+00 -4.081673e+01
      vertex   2.110881e+01 4.167071e+00 -4.310641e+01
    endloop
  endfacet
  facet normal 8.847260e-01 4.661110e-01 -6.990981e-04
    outer loop
      vertex   2.110881e+01 4.167071e+00 -4.310641e+01
      vertex   2.108078e+01 4.223705e+00 -4.081673e+01
      vertex   2.113263e+01 4.125294e+00 -4.081673e+01
    endloop
  endfacet
  facet normal 8.562560e-01 5.165514e-01 5.173886e-04
    outer loop
      vertex   2.110881e+01 4.167071e+00 -4.310641e+01
      vertex   2.113263e+01 4.125294e+00 -4.081673e+01
      vertex   2.115539e+01 4.089817e+00 -4.307407e+01
    endloop
  endfacet
  facet normal 8.218686e-01 5.696767e-01 -6.643479e-04
    outer loop
      vertex   2.115539e+01 4.089817e+00 -4.307407e+01
      vertex   2.113263e+01 4.125294e+00 -4.081673e+01
      vertex   2.119599e+01 4.033875e+00 -4.081673e+01
    endloop
  endfacet
  facet normal 8.019837e-01 5.973457e-01 3.790119e-04
    outer loop
      vertex   2.115539e+01 4.089817e+00 -4.307407e+01
      vertex   2.119599e+01 4.033875e+00 -4.081673e+01
      vertex   2.120927e+01 4.017461e+00 -4.304516e+01
    endloop
  endfacet
  facet normal 7.396624e-01 6.729779e-01 -5.494151e-04
    outer loop
      vertex   2.120927e+01 4.017461e+00 -4.304516e+01
      vertex   2.119599e+01 4.033875e+00 -4.081673e+01
      vertex   2.126995e+01 3.950790e+00 -4.302192e+01
    endloop
  endfacet
  facet normal 7.469488e-01 6.648816e-01 2.460548e-16
    outer loop
      vertex   2.126995e+01 3.950790e+00 -4.302192e+01
      vertex   2.119599e+01 4.033875e+00 -4.081673e+01
      vertex   2.119599e+01 4.033875e+00 -3.840822e+01
    endloop
  endfacet
  facet normal 7.469488e-01 6.648816e-01 0.000000e+00
    outer loop
      vertex   2.126995e+01 3.950790e+00 -4.302192e+01
      vertex   2.119599e+01 4.033875e+00 -3.840822e+01
      vertex   2.119599e+01 4.033875e+00 -3.599972e+01
    endloop
  endfacet
  facet normal 8.218688e-01 5.696768e-01 0.000000e+00
    outer loop
      vertex   2.119599e+01 4.033875e+00 -3.599972e+01
      vertex   2.119599e+01 4.033875e+00 -3.840822e+01
      vertex   2.113263e+01 4.125294e+00 -3.599972e+01
    endloop
  endfacet
  facet normal 8.218688e-01 5.696768e-01 2.104416e-16
    outer loop
      vertex   2.119599e+01 4.033875e+00 -3.599972e+01
      vertex   2.113263e+01 4.125294e+00 -3.599972e+01
      vertex   2.113263e+01 4.125294e+00 -3.359121e+01
    endloop
  endfacet
  facet normal 8.847262e-01 4.661111e-01 1.718864e-16
    outer loop
      vertex   2.113263e+01 4.125294e+00 -3.359121e+01
      vertex   2.113263e+01 4.125294e+00 -3.599972e+01
      vertex   2.108078e+01 4.223705e+00 -3.359121e+01
    endloop
  endfacet
  facet normal 8.847262e-01 4.661111e-01 0.000000e+00
    outer loop
      vertex   2.113263e+01 4.125294e+00 -3.359121e+01
      vertex   2.108078e+01 4.223705e+00 -3.359121e+01
      vertex   2.108078e+01 4.223705e+00 -3.118270e+01
    endloop
  endfacet
  facet normal 9.345985e-01 3.557043e-01 0.000000e+00
    outer loop
      vertex   2.108078e+01 4.223705e+00 -3.118270e+01
      vertex   2.108078e+01 4.223705e+00 -3.359121e+01
      vertex   2.104121e+01 4.327663e+00 -3.118270e+01
    endloop
  endfacet
  facet normal 9.026979e-01 -4.302747e-01 4.072878e-04
    outer loop
      vertex   2.107006e+01 4.954972e+00 -4.313995e+01
      vertex   2.110881e+01 5.036282e+00 -4.310641e+01
      vertex   2.108078e+01 4.979648e+00 -4.081673e+01
    endloop
  endfacet
  facet normal 8.847260e-01 -4.661110e-01 -6.990981e-04
    outer loop
      vertex   2.108078e+01 4.979648e+00 -4.081673e+01
      vertex   2.110881e+01 5.036282e+00 -4.310641e+01
      vertex   2.113263e+01 5.078059e+00 -4.081673e+01
    endloop
  endfacet
  facet normal 8.847262e-01 -4.661111e-01 0.000000e+00
    outer loop
      vertex   2.108078e+01 4.979648e+00 -4.081673e+01
      vertex   2.113263e+01 5.078059e+00 -4.081673e+01
      vertex   2.113263e+01 5.078059e+00 -3.840822e+01
    endloop
  endfacet
  facet normal 8.218688e-01 -5.696768e-01 0.000000e+00
    outer loop
      vertex   2.113263e+01 5.078059e+00 -3.840822e+01
      vertex   2.113263e+01 5.078059e+00 -4.081673e+01
      vertex   2.119599e+01 5.169478e+00 -3.840822e+01
    endloop
  endfacet
  facet normal 8.218688e-01 -5.696768e-01 -2.104416e-16
    outer loop
      vertex   2.113263e+01 5.078059e+00 -3.840822e+01
      vertex   2.119599e+01 5.169478e+00 -3.840822e+01
      vertex   2.119599e+01 5.169478e+00 -3.599972e+01
    endloop
  endfacet
  facet normal 7.469488e-01 -6.648816e-01 -2.451864e-16
    outer loop
      vertex   2.119599e+01 5.169478e+00 -3.599972e+01
      vertex   2.119599e+01 5.169478e+00 -3.840822e+01
      vertex   2.126995e+01 5.252563e+00 -2.897751e+01
    endloop
  endfacet
  facet normal 8.562560e-01 -5.165514e-01 5.173886e-04
    outer loop
      vertex   2.110881e+01 5.036282e+00 -4.310641e+01
      vertex   2.115539e+01 5.113535e+00 -4.307407e+01
      vertex   2.113263e+01 5.078059e+00 -4.081673e+01
    endloop
  endfacet
  facet normal 8.218686e-01 -5.696767e-01 -6.643479e-04
    outer loop
      vertex   2.113263e+01 5.078059e+00 -4.081673e+01
      vertex   2.115539e+01 5.113535e+00 -4.307407e+01
      vertex   2.119599e+01 5.169478e+00 -4.081673e+01
    endloop
  endfacet
  facet normal 8.218688e-01 -5.696768e-01 0.000000e+00
    outer loop
      vertex   2.113263e+01 5.078059e+00 -4.081673e+01
      vertex   2.119599e+01 5.169478e+00 -4.081673e+01
      vertex   2.119599e+01 5.169478e+00 -3.840822e+01
    endloop
  endfacet
  facet normal 7.774448e-01 -6.289512e-01 0.000000e+00
    outer loop
      vertex   2.119599e+01 5.169478e+00 -3.840822e+01
      vertex   2.119599e+01 5.169478e+00 -4.081673e+01
      vertex   2.120927e+01 5.185891e+00 -4.304516e+01
    endloop
  endfacet
  facet normal 7.556109e-01 -6.550207e-01 -1.548043e-04
    outer loop
      vertex   2.119599e+01 5.169478e+00 -3.840822e+01
      vertex   2.120927e+01 5.185891e+00 -4.304516e+01
      vertex   2.126995e+01 5.252563e+00 -2.897751e+01
    endloop
  endfacet
  facet normal 7.395672e-01 -6.730828e-01 -2.048983e-15
    outer loop
      vertex   2.126995e+01 5.252563e+00 -2.897751e+01
      vertex   2.120927e+01 5.185891e+00 -4.304516e+01
      vertex   2.126995e+01 5.252563e+00 -4.302192e+01
    endloop
  endfacet
  facet normal 8.019837e-01 -5.973457e-01 3.790119e-04
    outer loop
      vertex   2.115539e+01 5.113535e+00 -4.307407e+01
      vertex   2.120927e+01 5.185891e+00 -4.304516e+01
      vertex   2.119599e+01 5.169478e+00 -4.081673e+01
    endloop
  endfacet
  facet normal 8.019837e-01 5.973457e-01 -3.790119e-04
    outer loop
      vertex   2.115539e+01 4.089817e+00 -2.892536e+01
      vertex   2.120927e+01 4.017461e+00 -2.895427e+01
      vertex   2.119599e+01 4.033875e+00 -3.118270e+01
    endloop
  endfacet
  facet normal 7.469488e-01 6.648816e-01 2.451864e-16
    outer loop
      vertex   2.119599e+01 4.033875e+00 -3.359121e+01
      vertex   2.126995e+01 3.950790e+00 -4.302192e+01
      vertex   2.119599e+01 4.033875e+00 -3.599972e+01
    endloop
  endfacet
  facet normal 8.218688e-01 5.696768e-01 2.100781e-16
    outer loop
      vertex   2.119599e+01 4.033875e+00 -3.840822e+01
      vertex   2.119599e+01 4.033875e+00 -4.081673e+01
      vertex   2.113263e+01 4.125294e+00 -3.840822e+01
    endloop
  endfacet
  facet normal 8.218688e-01 5.696768e-01 0.000000e+00
    outer loop
      vertex   2.113263e+01 4.125294e+00 -3.840822e+01
      vertex   2.119599e+01 4.033875e+00 -4.081673e+01
      vertex   2.113263e+01 4.125294e+00 -4.081673e+01
    endloop
  endfacet
  facet normal 8.847262e-01 4.661111e-01 0.000000e+00
    outer loop
      vertex   2.113263e+01 4.125294e+00 -3.840822e+01
      vertex   2.113263e+01 4.125294e+00 -4.081673e+01
      vertex   2.108078e+01 4.223705e+00 -3.840822e+01
    endloop
  endfacet
  facet normal 8.847262e-01 4.661111e-01 0.000000e+00
    outer loop
      vertex   2.108078e+01 4.223705e+00 -3.840822e+01
      vertex   2.113263e+01 4.125294e+00 -4.081673e+01
      vertex   2.108078e+01 4.223705e+00 -4.081673e+01
    endloop
  endfacet
  facet normal 9.345985e-01 3.557043e-01 0.000000e+00
    outer loop
      vertex   2.108078e+01 4.223705e+00 -3.840822e+01
      vertex   2.108078e+01 4.223705e+00 -4.081673e+01
      vertex   2.104121e+01 4.327663e+00 -3.840822e+01
    endloop
  endfacet
  facet normal 9.345985e-01 3.557043e-01 1.311720e-16
    outer loop
      vertex   2.104121e+01 4.327663e+00 -3.840822e+01
      vertex   2.108078e+01 4.223705e+00 -4.081673e+01
      vertex   2.104121e+01 4.327663e+00 -4.081673e+01
    endloop
  endfacet
  facet normal 9.707539e-01 2.400769e-01 8.853244e-17
    outer loop
      vertex   2.104121e+01 4.327663e+00 -3.840822e+01
      vertex   2.104121e+01 4.327663e+00 -4.081673e+01
      vertex   2.101451e+01 4.435643e+00 -3.840822e+01
    endloop
  endfacet
  facet normal 9.707539e-01 2.400769e-01 8.853244e-17
    outer loop
      vertex   2.101451e+01 4.435643e+00 -3.840822e+01
      vertex   2.104121e+01 4.327663e+00 -4.081673e+01
      vertex   2.101451e+01 4.435643e+00 -4.081673e+01
    endloop
  endfacet
  facet normal 9.926615e-01 1.209258e-01 4.459347e-17
    outer loop
      vertex   2.101451e+01 4.435643e+00 -3.840822e+01
      vertex   2.101451e+01 4.435643e+00 -4.081673e+01
      vertex   2.100106e+01 4.546060e+00 -3.840822e+01
    endloop
  endfacet
  facet normal 9.926615e-01 1.209258e-01 4.459347e-17
    outer loop
      vertex   2.100106e+01 4.546060e+00 -3.840822e+01
      vertex   2.101451e+01 4.435643e+00 -4.081673e+01
      vertex   2.100106e+01 4.546060e+00 -4.081673e+01
    endloop
  endfacet
  facet normal 1.000000e+00 -0.000000e+00 0.000000e+00
    outer loop
      vertex   2.100106e+01 4.546060e+00 -3.840822e+01
      vertex   2.100106e+01 4.546060e+00 -4.081673e+01
      vertex   2.100106e+01 4.657293e+00 -3.840822e+01
    endloop
  endfacet
  facet normal 1.000000e+00 0.000000e+00 0.000000e+00
    outer loop
      vertex   2.100106e+01 4.657293e+00 -3.840822e+01
      vertex   2.100106e+01 4.546060e+00 -4.081673e+01
      vertex   2.100106e+01 4.657293e+00 -4.081673e+01
    endloop
  endfacet
  facet normal 9.926615e-01 -1.209258e-01 0.000000e+00
    outer loop
      vertex   2.100106e+01 4.657293e+00 -3.840822e+01
      vertex   2.100106e+01 4.657293e+00 -4.081673e+01
      vertex   2.101451e+01 4.767710e+00 -3.840822e+01
    endloop
  endfacet
  facet normal 9.926615e-01 -1.209258e-01 0.000000e+00
    outer loop
      vertex   2.101451e+01 4.767710e+00 -3.840822e+01
      vertex   2.100106e+01 4.657293e+00 -4.081673e+01
      vertex   2.101451e+01 4.767710e+00 -4.081673e+01
    endloop
  endfacet
  facet normal 9.707539e-01 -2.400769e-01 0.000000e+00
    outer loop
      vertex   2.101451e+01 4.767710e+00 -3.840822e+01
      vertex   2.101451e+01 4.767710e+00 -4.081673e+01
      vertex   2.104121e+01 4.875690e+00 -3.840822e+01
    endloop
  endfacet
  facet normal 9.707539e-01 -2.400769e-01 0.000000e+00
    outer loop
      vertex   2.104121e+01 4.875690e+00 -3.840822e+01
      vertex   2.101451e+01 4.767710e+00 -4.081673e+01
      vertex   2.104121e+01 4.875690e+00 -4.081673e+01
    endloop
  endfacet
  facet normal 9.345985e-01 -3.557043e-01 0.000000e+00
    outer loop
      vertex   2.104121e+01 4.875690e+00 -3.840822e+01
      vertex   2.104121e+01 4.875690e+00 -4.081673e+01
      vertex   2.108078e+01 4.979648e+00 -3.840822e+01
    endloop
  endfacet
  facet normal 8.218688e-01 5.696768e-01 0.000000e+00
    outer loop
      vertex   2.113263e+01 4.125294e+00 -3.118270e+01
      vertex   2.119599e+01 4.033875e+00 -3.359121e+01
      vertex   2.113263e+01 4.125294e+00 -3.359121e+01
    endloop
  endfacet
  facet normal 8.218688e-01 5.696768e-01 2.104416e-16
    outer loop
      vertex   2.113263e+01 4.125294e+00 -3.359121e+01
      vertex   2.119599e+01 4.033875e+00 -3.359121e+01
      vertex   2.119599e+01 4.033875e+00 -3.599972e+01
    endloop
  endfacet
  facet normal 8.218688e-01 5.696768e-01 2.104416e-16
    outer loop
      vertex   2.119599e+01 4.033875e+00 -3.840822e+01
      vertex   2.113263e+01 4.125294e+00 -3.840822e+01
      vertex   2.113263e+01 4.125294e+00 -3.599972e+01
    endloop
  endfacet
  facet normal 8.847262e-01 4.661111e-01 1.718864e-16
    outer loop
      vertex   2.113263e+01 4.125294e+00 -3.599972e+01
      vertex   2.113263e+01 4.125294e+00 -3.840822e+01
      vertex   2.108078e+01 4.223705e+00 -3.599972e+01
    endloop
  endfacet
  facet normal 8.847262e-01 4.661111e-01 1.715908e-16
    outer loop
      vertex   2.113263e+01 4.125294e+00 -3.599972e+01
      vertex   2.108078e+01 4.223705e+00 -3.599972e+01
      vertex   2.108078e+01 4.223705e+00 -3.359121e+01
    endloop
  endfacet
  facet normal 9.345985e-01 3.557043e-01 1.311720e-16
    outer loop
      vertex   2.108078e+01 4.223705e+00 -3.359121e+01
      vertex   2.108078e+01 4.223705e+00 -3.599972e+01
      vertex   2.104121e+01 4.327663e+00 -3.359121e+01
    endloop
  endfacet
  facet normal 9.345985e-01 3.557043e-01 0.000000e+00
    outer loop
      vertex   2.108078e+01 4.223705e+00 -3.359121e+01
      vertex   2.104121e+01 4.327663e+00 -3.359121e+01
      vertex   2.104121e+01 4.327663e+00 -3.118270e+01
    endloop
  endfacet
  facet normal 9.707539e-01 2.400769e-01 0.000000e+00
    outer loop
      vertex   2.104121e+01 4.327663e+00 -3.118270e+01
      vertex   2.104121e+01 4.327663e+00 -3.359121e+01
      vertex   2.101451e+01 4.435643e+00 -3.118270e+01
    endloop
  endfacet
  facet normal 8.847262e-01 4.661111e-01 1.718864e-16
    outer loop
      vertex   2.108078e+01 4.223705e+00 -3.599972e+01
      vertex   2.113263e+01 4.125294e+00 -3.840822e+01
      vertex   2.108078e+01 4.223705e+00 -3.840822e+01
    endloop
  endfacet
  facet normal 8.847262e-01 4.661111e-01 0.000000e+00
    outer loop
      vertex   2.108078e+01 4.223705e+00 -3.118270e+01
      vertex   2.113263e+01 4.125294e+00 -3.118270e+01
      vertex   2.113263e+01 4.125294e+00 -3.359121e+01
    endloop
  endfacet
  facet normal 9.345985e-01 3.557043e-01 1.311720e-16
    outer loop
      vertex   2.108078e+01 4.223705e+00 -3.599972e+01
      vertex   2.108078e+01 4.223705e+00 -3.840822e+01
      vertex   2.104121e+01 4.327663e+00 -3.599972e+01
    endloop
  endfacet
  facet normal 9.345985e-01 3.557043e-01 0.000000e+00
    outer loop
      vertex   2.104121e+01 4.327663e+00 -3.599972e+01
      vertex   2.108078e+01 4.223705e+00 -3.840822e+01
      vertex   2.104121e+01 4.327663e+00 -3.840822e+01
    endloop
  endfacet
  facet normal 9.707539e-01 2.400769e-01 0.000000e+00
    outer loop
      vertex   2.104121e+01 4.327663e+00 -3.599972e+01
      vertex   2.104121e+01 4.327663e+00 -3.840822e+01
      vertex   2.101451e+01 4.435643e+00 -3.599972e+01
    endloop
  endfacet
  facet normal 9.707539e-01 2.400769e-01 8.853244e-17
    outer loop
      vertex   2.101451e+01 4.435643e+00 -3.599972e+01
      vertex   2.104121e+01 4.327663e+00 -3.840822e+01
      vertex   2.101451e+01 4.435643e+00 -3.840822e+01
    endloop
  endfacet
  facet normal 9.926615e-01 1.209258e-01 4.459347e-17
    outer loop
      vertex   2.101451e+01 4.435643e+00 -3.599972e+01
      vertex   2.101451e+01 4.435643e+00 -3.840822e+01
      vertex   2.100106e+01 4.546060e+00 -3.599972e+01
    endloop
  endfacet
  facet normal 9.926615e-01 1.209258e-01 0.000000e+00
    outer loop
      vertex   2.100106e+01 4.546060e+00 -3.599972e+01
      vertex   2.101451e+01 4.435643e+00 -3.840822e+01
      vertex   2.100106e+01 4.546060e+00 -3.840822e+01
    endloop
  endfacet
  facet normal 1.000000e+00 -0.000000e+00 0.000000e+00
    outer loop
      vertex   2.100106e+01 4.546060e+00 -3.599972e+01
      vertex   2.100106e+01 4.546060e+00 -3.840822e+01
      vertex   2.100106e+01 4.657293e+00 -3.599972e+01
    endloop
  endfacet
  facet normal 1.000000e+00 0.000000e+00 0.000000e+00
    outer loop
      vertex   2.100106e+01 4.657293e+00 -3.599972e+01
      vertex   2.100106e+01 4.546060e+00 -3.840822e+01
      vertex   2.100106e+01 4.657293e+00 -3.840822e+01
    endloop
  endfacet
  facet normal 9.926615e-01 -1.209258e-01 -4.459347e-17
    outer loop
      vertex   2.100106e+01 4.657293e+00 -3.599972e+01
      vertex   2.100106e+01 4.657293e+00 -3.840822e+01
      vertex   2.101451e+01 4.767710e+00 -3.599972e+01
    endloop
  endfacet
  facet normal 9.926615e-01 -1.209258e-01 -4.459347e-17
    outer loop
      vertex   2.101451e+01 4.767710e+00 -3.599972e+01
      vertex   2.100106e+01 4.657293e+00 -3.840822e+01
      vertex   2.101451e+01 4.767710e+00 -3.840822e+01
    endloop
  endfacet
  facet normal 9.707539e-01 -2.400769e-01 -8.853244e-17
    outer loop
      vertex   2.101451e+01 4.767710e+00 -3.599972e+01
      vertex   2.101451e+01 4.767710e+00 -3.840822e+01
      vertex   2.104121e+01 4.875690e+00 -3.599972e+01
    endloop
  endfacet
  facet normal 9.707539e-01 -2.400769e-01 -8.853244e-17
    outer loop
      vertex   2.104121e+01 4.875690e+00 -3.599972e+01
      vertex   2.101451e+01 4.767710e+00 -3.840822e+01
      vertex   2.104121e+01 4.875690e+00 -3.840822e+01
    endloop
  endfacet
  facet normal 9.345985e-01 -3.557043e-01 -1.311720e-16
    outer loop
      vertex   2.104121e+01 4.875690e+00 -3.599972e+01
      vertex   2.104121e+01 4.875690e+00 -3.840822e+01
      vertex   2.108078e+01 4.979648e+00 -3.599972e+01
    endloop
  endfacet
  facet normal 9.345985e-01 -3.557043e-01 0.000000e+00
    outer loop
      vertex   2.108078e+01 4.979648e+00 -3.599972e+01
      vertex   2.104121e+01 4.875690e+00 -3.840822e+01
      vertex   2.108078e+01 4.979648e+00 -3.840822e+01
    endloop
  endfacet
  facet normal 8.847262e-01 -4.661111e-01 0.000000e+00
    outer loop
      vertex   2.108078e+01 4.979648e+00 -3.599972e+01
      vertex   2.108078e+01 4.979648e+00 -3.840822e+01
      vertex   2.113263e+01 5.078059e+00 -3.599972e+01
    endloop
  endfacet
  facet normal 9.345985e-01 3.557043e-01 1.295025e-16
    outer loop
      vertex   2.108078e+01 4.223705e+00 -3.599972e+01
      vertex   2.104121e+01 4.327663e+00 -3.599972e+01
      vertex   2.104121e+01 4.327663e+00 -3.359121e+01
    endloop
  endfacet
  facet normal 9.707539e-01 2.400769e-01 8.853244e-17
    outer loop
      vertex   2.104121e+01 4.327663e+00 -3.359121e+01
      vertex   2.104121e+01 4.327663e+00 -3.599972e+01
      vertex   2.101451e+01 4.435643e+00 -3.359121e+01
    endloop
  endfacet
  facet normal 9.707539e-01 2.400769e-01 8.903298e-17
    outer loop
      vertex   2.104121e+01 4.327663e+00 -3.359121e+01
      vertex   2.101451e+01 4.435643e+00 -3.359121e+01
      vertex   2.101451e+01 4.435643e+00 -3.118270e+01
    endloop
  endfacet
  facet normal 9.926615e-01 1.209258e-01 4.459347e-17
    outer loop
      vertex   2.101451e+01 4.435643e+00 -3.118270e+01
      vertex   2.101451e+01 4.435643e+00 -3.359121e+01
      vertex   2.100106e+01 4.546060e+00 -3.118270e+01
    endloop
  endfacet
  facet normal 9.707539e-01 2.400769e-01 0.000000e+00
    outer loop
      vertex   2.101451e+01 4.435643e+00 -3.359121e+01
      vertex   2.104121e+01 4.327663e+00 -3.599972e+01
      vertex   2.101451e+01 4.435643e+00 -3.599972e+01
    endloop
  endfacet
  facet normal 9.926615e-01 1.209258e-01 0.000000e+00
    outer loop
      vertex   2.101451e+01 4.435643e+00 -3.359121e+01
      vertex   2.101451e+01 4.435643e+00 -3.599972e+01
      vertex   2.100106e+01 4.546060e+00 -3.359121e+01
    endloop
  endfacet
  facet normal 9.926615e-01 1.209258e-01 4.459347e-17
    outer loop
      vertex   2.100106e+01 4.546060e+00 -3.359121e+01
      vertex   2.101451e+01 4.435643e+00 -3.599972e+01
      vertex   2.100106e+01 4.546060e+00 -3.599972e+01
    endloop
  endfacet
  facet normal 1.000000e+00 -0.000000e+00 0.000000e+00
    outer loop
      vertex   2.100106e+01 4.546060e+00 -3.359121e+01
      vertex   2.100106e+01 4.546060e+00 -3.599972e+01
      vertex   2.100106e+01 4.657293e+00 -3.359121e+01
    endloop
  endfacet
  facet normal 1.000000e+00 0.000000e+00 0.000000e+00
    outer loop
      vertex   2.100106e+01 4.657293e+00 -3.359121e+01
      vertex   2.100106e+01 4.546060e+00 -3.599972e+01
      vertex   2.100106e+01 4.657293e+00 -3.599972e+01
    endloop
  endfacet
  facet normal 9.926615e-01 -1.209258e-01 0.000000e+00
    outer loop
      vertex   2.100106e+01 4.657293e+00 -3.359121e+01
      vertex   2.100106e+01 4.657293e+00 -3.599972e+01
      vertex   2.101451e+01 4.767710e+00 -3.359121e+01
    endloop
  endfacet
  facet normal 9.926615e-01 -1.209258e-01 -4.459347e-17
    outer loop
      vertex   2.101451e+01 4.767710e+00 -3.359121e+01
      vertex   2.100106e+01 4.657293e+00 -3.599972e+01
      vertex   2.101451e+01 4.767710e+00 -3.599972e+01
    endloop
  endfacet
  facet normal 9.707539e-01 -2.400769e-01 -8.853244e-17
    outer loop
      vertex   2.101451e+01 4.767710e+00 -3.359121e+01
      vertex   2.101451e+01 4.767710e+00 -3.599972e+01
      vertex   2.104121e+01 4.875690e+00 -3.359121e+01
    endloop
  endfacet
  facet normal 9.707539e-01 -2.400769e-01 0.000000e+00
    outer loop
      vertex   2.104121e+01 4.875690e+00 -3.359121e+01
      vertex   2.101451e+01 4.767710e+00 -3.599972e+01
      vertex   2.104121e+01 4.875690e+00 -3.599972e+01
    endloop
  endfacet
  facet normal 9.345985e-01 -3.557043e-01 0.000000e+00
    outer loop
      vertex   2.104121e+01 4.875690e+00 -3.359121e+01
      vertex   2.104121e+01 4.875690e+00 -3.599972e+01
      vertex   2.108078e+01 4.979648e+00 -3.359121e+01
    endloop
  endfacet
  facet normal 9.345985e-01 -3.557043e-01 -1.311720e-16
    outer loop
      vertex   2.108078e+01 4.979648e+00 -3.359121e+01
      vertex   2.104121e+01 4.875690e+00 -3.599972e+01
      vertex   2.108078e+01 4.979648e+00 -3.599972e+01
    endloop
  endfacet
  facet normal 8.847262e-01 -4.661111e-01 -1.718864e-16
    outer loop
      vertex   2.108078e+01 4.979648e+00 -3.359121e+01
      vertex   2.108078e+01 4.979648e+00 -3.599972e+01
      vertex   2.113263e+01 5.078059e+00 -3.359121e+01
    endloop
  endfacet
  facet normal 8.847262e-01 -4.661111e-01 0.000000e+00
    outer loop
      vertex   2.113263e+01 5.078059e+00 -3.359121e+01
      vertex   2.108078e+01 4.979648e+00 -3.599972e+01
      vertex   2.113263e+01 5.078059e+00 -3.599972e+01
    endloop
  endfacet
  facet normal 8.218688e-01 -5.696768e-01 0.000000e+00
    outer loop
      vertex   2.113263e+01 5.078059e+00 -3.359121e+01
      vertex   2.113263e+01 5.078059e+00 -3.599972e+01
      vertex   2.119599e+01 5.169478e+00 -3.359121e+01
    endloop
  endfacet
  facet normal 1.000000e+00 0.000000e+00 0.000000e+00
    outer loop
      vertex   2.100106e+01 4.657293e+00 -3.118270e+01
      vertex   2.100106e+01 4.546060e+00 -3.118270e+01
      vertex   2.100106e+01 4.546060e+00 -3.359121e+01
    endloop
  endfacet
  facet normal 9.926615e-01 1.209258e-01 4.459347e-17
    outer loop
      vertex   2.100106e+01 4.546060e+00 -3.359121e+01
      vertex   2.100106e+01 4.546060e+00 -3.118270e+01
      vertex   2.101451e+01 4.435643e+00 -3.359121e+01
    endloop
  endfacet
  facet normal 1.000000e+00 0.000000e+00 0.000000e+00
    outer loop
      vertex   2.100106e+01 4.657293e+00 -3.118270e+01
      vertex   2.100106e+01 4.546060e+00 -3.359121e+01
      vertex   2.100106e+01 4.657293e+00 -3.359121e+01
    endloop
  endfacet
  facet normal 9.926615e-01 -1.209258e-01 -4.451649e-17
    outer loop
      vertex   2.101451e+01 4.767710e+00 -3.118270e+01
      vertex   2.100106e+01 4.657293e+00 -3.118270e+01
      vertex   2.100106e+01 4.657293e+00 -3.359121e+01
    endloop
  endfacet
  facet normal 9.926615e-01 -1.209258e-01 0.000000e+00
    outer loop
      vertex   2.101451e+01 4.767710e+00 -3.118270e+01
      vertex   2.100106e+01 4.657293e+00 -3.359121e+01
      vertex   2.101451e+01 4.767710e+00 -3.359121e+01
    endloop
  endfacet
  facet normal 9.707539e-01 -2.400769e-01 0.000000e+00
    outer loop
      vertex   2.104121e+01 4.875690e+00 -3.118270e+01
      vertex   2.101451e+01 4.767710e+00 -3.118270e+01
      vertex   2.101451e+01 4.767710e+00 -3.359121e+01
    endloop
  endfacet
  facet normal 9.707539e-01 -2.400769e-01 -8.853244e-17
    outer loop
      vertex   2.104121e+01 4.875690e+00 -3.118270e+01
      vertex   2.101451e+01 4.767710e+00 -3.359121e+01
      vertex   2.104121e+01 4.875690e+00 -3.359121e+01
    endloop
  endfacet
  facet normal 9.345985e-01 -3.557043e-01 -1.295025e-16
    outer loop
      vertex   2.108078e+01 4.979648e+00 -3.118270e+01
      vertex   2.104121e+01 4.875690e+00 -3.118270e+01
      vertex   2.104121e+01 4.875690e+00 -3.359121e+01
    endloop
  endfacet
  facet normal 9.345985e-01 -3.557043e-01 -1.311720e-16
    outer loop
      vertex   2.108078e+01 4.979648e+00 -3.118270e+01
      vertex   2.104121e+01 4.875690e+00 -3.359121e+01
      vertex   2.108078e+01 4.979648e+00 -3.359121e+01
    endloop
  endfacet
  facet normal 8.847262e-01 -4.661111e-01 -1.715908e-16
    outer loop
      vertex   2.113263e+01 5.078059e+00 -3.118270e+01
      vertex   2.108078e+01 4.979648e+00 -3.118270e+01
      vertex   2.108078e+01 4.979648e+00 -3.359121e+01
    endloop
  endfacet
  facet normal 8.847262e-01 -4.661111e-01 -1.718864e-16
    outer loop
      vertex   2.113263e+01 5.078059e+00 -3.118270e+01
      vertex   2.108078e+01 4.979648e+00 -3.359121e+01
      vertex   2.113263e+01 5.078059e+00 -3.359121e+01
    endloop
  endfacet
  facet normal 8.218688e-01 -5.696768e-01 -2.104416e-16
    outer loop
      vertex   2.119599e+01 5.169478e+00 -3.118270e+01
      vertex   2.113263e+01 5.078059e+00 -3.118270e+01
      vertex   2.113263e+01 5.078059e+00 -3.359121e+01
    endloop
  endfacet
  facet normal 8.218688e-01 -5.696768e-01 -2.100781e-16
    outer loop
      vertex   2.119599e+01 5.169478e+00 -3.118270e+01
      vertex   2.113263e+01 5.078059e+00 -3.359121e+01
      vertex   2.119599e+01 5.169478e+00 -3.359121e+01
    endloop
  endfacet
  facet normal 7.359518e-01 -6.770340e-01 -2.034845e-15
    outer loop
      vertex   2.126995e+01 5.252563e+00 -2.897751e+01
      vertex   2.126995e+01 5.252563e+00 -4.302192e+01
      vertex   2.129988e+01 5.285098e+00 -2.898573e+01
    endloop
  endfacet
  facet normal 7.731217e-01 -6.342577e-01 -1.784140e-04
    outer loop
      vertex   2.129988e+01 5.285098e+00 -2.898573e+01
      vertex   2.126995e+01 5.252563e+00 -4.302192e+01
      vertex   2.132439e+01 5.316716e+00 -3.516638e+01
    endloop
  endfacet
  facet normal 7.903099e-01 -6.127073e-01 0.000000e+00
    outer loop
      vertex   2.129988e+01 5.285098e+00 -2.898573e+01
      vertex   2.132439e+01 5.316716e+00 -3.516638e+01
      vertex   2.132439e+01 5.316716e+00 -3.349972e+01
    endloop
  endfacet
  facet normal 8.601544e-01 -5.100337e-01 0.000000e+00
    outer loop
      vertex   2.132439e+01 5.316716e+00 -3.349972e+01
      vertex   2.132439e+01 5.316716e+00 -3.516638e+01
      vertex   2.136731e+01 5.389091e+00 -3.349972e+01
    endloop
  endfacet
  facet normal 8.601544e-01 -5.100337e-01 0.000000e+00
    outer loop
      vertex   2.132439e+01 5.316716e+00 -3.349972e+01
      vertex   2.136731e+01 5.389091e+00 -3.349972e+01
      vertex   2.136731e+01 5.389091e+00 -3.183305e+01
    endloop
  endfacet
  facet normal 9.335004e-01 -3.585763e-01 0.000000e+00
    outer loop
      vertex   2.136731e+01 5.389091e+00 -3.183305e+01
      vertex   2.136731e+01 5.389091e+00 -3.349972e+01
      vertex   2.139748e+01 5.467637e+00 -3.183305e+01
    endloop
  endfacet
  facet normal 9.335004e-01 -3.585763e-01 -1.917363e-16
    outer loop
      vertex   2.136731e+01 5.389091e+00 -3.183305e+01
      vertex   2.139748e+01 5.467637e+00 -3.183305e+01
      vertex   2.139748e+01 5.467637e+00 -3.016638e+01
    endloop
  endfacet
  facet normal 9.804106e-01 -1.969644e-01 -1.049637e-16
    outer loop
      vertex   2.139748e+01 5.467637e+00 -3.016638e+01
      vertex   2.139748e+01 5.467637e+00 -3.183305e+01
      vertex   2.141405e+01 5.550130e+00 -3.016638e+01
    endloop
  endfacet
  facet normal 9.804102e-01 -1.969643e-01 -9.444841e-04
    outer loop
      vertex   2.139748e+01 5.467637e+00 -3.016638e+01
      vertex   2.141405e+01 5.550130e+00 -3.016638e+01
      vertex   2.141132e+01 5.530930e+00 -2.899981e+01
    endloop
  endfacet
  facet normal 9.939305e-01 -1.100082e-01 5.183315e-04
    outer loop
      vertex   2.141132e+01 5.530930e+00 -2.899981e+01
      vertex   2.141405e+01 5.550130e+00 -3.016638e+01
      vertex   2.141627e+01 5.575671e+00 -2.899975e+01
    endloop
  endfacet
  facet normal 9.995559e-01 -2.977466e-02 -1.248970e-03
    outer loop
      vertex   2.141627e+01 5.575671e+00 -2.899975e+01
      vertex   2.141405e+01 5.550130e+00 -3.016638e+01
      vertex   2.141656e+01 5.634234e+00 -3.016638e+01
    endloop
  endfacet
  facet normal 9.998167e-01 -1.913260e-02 -7.146992e-04
    outer loop
      vertex   2.141627e+01 5.575671e+00 -2.899975e+01
      vertex   2.141656e+01 5.634234e+00 -3.016638e+01
      vertex   2.141712e+01 5.620042e+00 -2.899972e+01
    endloop
  endfacet
  facet normal 9.973274e-01 7.306101e-02 4.079626e-04
    outer loop
      vertex   2.141712e+01 5.620042e+00 -2.899972e+01
      vertex   2.141656e+01 5.634234e+00 -3.016638e+01
      vertex   2.141385e+01 5.664671e+00 -2.899980e+01
    endloop
  endfacet
  facet normal 9.903954e-01 1.382581e-01 -1.309194e-03
    outer loop
      vertex   2.141385e+01 5.664671e+00 -2.899980e+01
      vertex   2.141656e+01 5.634234e+00 -3.016638e+01
      vertex   2.140492e+01 5.717567e+00 -3.016638e+01
    endloop
  endfacet
  facet normal 9.867941e-01 1.619795e-01 -2.060557e-04
    outer loop
      vertex   2.141385e+01 5.664671e+00 -2.899980e+01
      vertex   2.140492e+01 5.717567e+00 -3.016638e+01
      vertex   2.140651e+01 5.709401e+00 -2.899976e+01
    endloop
  endfacet
  facet normal 9.685674e-01 2.487510e-01 4.260414e-04
    outer loop
      vertex   2.140651e+01 5.709401e+00 -2.899976e+01
      vertex   2.140492e+01 5.717567e+00 -3.016638e+01
      vertex   2.139514e+01 5.753647e+00 -2.899936e+01
    endloop
  endfacet
  facet normal 9.531879e-01 3.023755e-01 -1.360748e-03
    outer loop
      vertex   2.139514e+01 5.753647e+00 -2.899936e+01
      vertex   2.140492e+01 5.717567e+00 -3.016638e+01
      vertex   2.137948e+01 5.797769e+00 -3.016638e+01
    endloop
  endfacet
  facet normal 9.423435e-01 3.346470e-01 4.892473e-06
    outer loop
      vertex   2.139514e+01 5.753647e+00 -2.899936e+01
      vertex   2.137948e+01 5.797769e+00 -3.016638e+01
      vertex   2.137981e+01 5.796826e+00 -2.899836e+01
    endloop
  endfacet
  facet normal 9.072737e-01 4.205406e-01 8.416818e-05
    outer loop
      vertex   2.137981e+01 5.796826e+00 -2.899836e+01
      vertex   2.137948e+01 5.797769e+00 -3.016638e+01
      vertex   2.136056e+01 5.838353e+00 -2.899649e+01
    endloop
  endfacet
  facet normal 8.889870e-01 4.579299e-01 -1.508613e-03
    outer loop
      vertex   2.136056e+01 5.838353e+00 -2.899649e+01
      vertex   2.137948e+01 5.797769e+00 -3.016638e+01
      vertex   2.134095e+01 5.872570e+00 -3.016638e+01
    endloop
  endfacet
  facet normal 8.643822e-01 5.028353e-01 2.172104e-04
    outer loop
      vertex   2.136056e+01 5.838353e+00 -2.899649e+01
      vertex   2.134095e+01 5.872570e+00 -3.016638e+01
      vertex   2.133764e+01 5.877757e+00 -2.899333e+01
    endloop
  endfacet
  facet normal 8.154850e-01 5.787781e-01 -2.567048e-04
    outer loop
      vertex   2.133764e+01 5.877757e+00 -2.899333e+01
      vertex   2.134095e+01 5.872570e+00 -3.016638e+01
      vertex   2.131148e+01 5.914612e+00 -2.898839e+01
    endloop
  endfacet
  facet normal 7.996112e-01 6.005163e-01 -1.429621e-03
    outer loop
      vertex   2.131148e+01 5.914612e+00 -2.898839e+01
      vertex   2.134095e+01 5.872570e+00 -3.016638e+01
      vertex   2.129042e+01 5.939850e+00 -3.016638e+01
    endloop
  endfacet
  facet normal 7.601635e-01 6.497317e-01 3.300713e-04
    outer loop
      vertex   2.131148e+01 5.914612e+00 -2.898839e+01
      vertex   2.129042e+01 5.939850e+00 -3.016638e+01
      vertex   2.128254e+01 5.948472e+00 -2.898120e+01
    endloop
  endfacet
  facet normal 6.998350e-01 7.143043e-01 -5.410257e-04
    outer loop
      vertex   2.128254e+01 5.948472e+00 -2.898120e+01
      vertex   2.129042e+01 5.939850e+00 -3.016638e+01
      vertex   2.125137e+01 5.979013e+00 -2.897137e+01
    endloop
  endfacet
  facet normal 6.875913e-01 7.260967e-01 -1.327581e-03
    outer loop
      vertex   2.125137e+01 5.979013e+00 -2.897137e+01
      vertex   2.129042e+01 5.939850e+00 -3.016638e+01
      vertex   2.122933e+01 5.997705e+00 -3.016638e+01
    endloop
  endfacet
  facet normal 6.362757e-01 7.714616e-01 3.286530e-04
    outer loop
      vertex   2.125137e+01 5.979013e+00 -2.897137e+01
      vertex   2.122933e+01 5.997705e+00 -3.016638e+01
      vertex   2.121864e+01 6.006005e+00 -2.895856e+01
    endloop
  endfacet
  facet normal 5.670951e-01 8.236521e-01 -6.421659e-04
    outer loop
      vertex   2.121864e+01 6.006005e+00 -2.895856e+01
      vertex   2.122933e+01 5.997705e+00 -3.016638e+01
      vertex   2.118362e+01 6.030132e+00 -2.894171e+01
    endloop
  endfacet
  facet normal 5.560994e-01 8.311149e-01 -1.250185e-03
    outer loop
      vertex   2.118362e+01 6.030132e+00 -2.894171e+01
      vertex   2.122933e+01 5.997705e+00 -3.016638e+01
      vertex   2.115940e+01 6.044496e+00 -3.016638e+01
    endloop
  endfacet
  facet normal 4.974700e-01 8.674811e-01 3.358412e-04
    outer loop
      vertex   2.118362e+01 6.030132e+00 -2.894171e+01
      vertex   2.115940e+01 6.044496e+00 -3.016638e+01
      vertex   2.114693e+01 6.051161e+00 -2.892031e+01
    endloop
  endfacet
  facet normal 4.226098e-01 9.063115e-01 -6.207042e-04
    outer loop
      vertex   2.114693e+01 6.051161e+00 -2.892031e+01
      vertex   2.115940e+01 6.044496e+00 -3.016638e+01
      vertex   2.111062e+01 6.068110e+00 -2.889457e+01
    endloop
  endfacet
  facet normal 4.088592e-01 9.125966e-01 -1.264731e-03
    outer loop
      vertex   2.111062e+01 6.068110e+00 -2.889457e+01
      vertex   2.115940e+01 6.044496e+00 -3.016638e+01
      vertex   2.108261e+01 6.078898e+00 -3.016638e+01
    endloop
  endfacet
  facet normal 3.532595e-01 9.355254e-01 1.543978e-04
    outer loop
      vertex   2.111062e+01 6.068110e+00 -2.889457e+01
      vertex   2.108261e+01 6.078898e+00 -3.016638e+01
      vertex   2.107659e+01 6.080957e+00 -2.886564e+01
    endloop
  endfacet
  facet normal 2.879537e-01 9.576443e-01 -1.830072e-04
    outer loop
      vertex   2.107659e+01 6.080957e+00 -2.886564e+01
      vertex   2.108261e+01 6.078898e+00 -3.016638e+01
      vertex   2.104600e+01 6.090159e+00 -2.883454e+01
    endloop
  endfacet
  facet normal 2.500406e-01 9.682345e-01 -1.314620e-03
    outer loop
      vertex   2.104600e+01 6.090159e+00 -2.883454e+01
      vertex   2.108261e+01 6.078898e+00 -3.016638e+01
      vertex   2.100114e+01 6.099936e+00 -3.016638e+01
    endloop
  endfacet
  facet normal 2.279164e-01 9.736806e-01 -5.294062e-04
    outer loop
      vertex   2.104600e+01 6.090159e+00 -2.883454e+01
      vertex   2.100114e+01 6.099936e+00 -3.016638e+01
      vertex   2.101766e+01 6.096812e+00 -2.879999e+01
    endloop
  endfacet
  facet normal 1.753175e-01 9.845119e-01 1.314534e-04
    outer loop
      vertex   2.101766e+01 6.096812e+00 -2.879999e+01
      vertex   2.100114e+01 6.099936e+00 -3.016638e+01
      vertex   2.099192e+01 6.101390e+00 -2.876225e+01
    endloop
  endfacet
  facet normal 1.271952e-01 9.918777e-01 -1.920692e-04
    outer loop
      vertex   2.099192e+01 6.101390e+00 -2.876225e+01
      vertex   2.100114e+01 6.099936e+00 -3.016638e+01
      vertex   2.096937e+01 6.104290e+00 -2.872180e+01
    endloop
  endfacet
  facet normal 8.347685e-02 9.965090e-01 -1.167376e-03
    outer loop
      vertex   2.096937e+01 6.104290e+00 -2.872180e+01
      vertex   2.100114e+01 6.099936e+00 -3.016638e+01
      vertex   2.095061e+01 6.105911e+00 -2.867915e+01
    endloop
  endfacet
  facet normal 4.913362e-02 9.987895e-01 -2.343325e-03
    outer loop
      vertex   2.095061e+01 6.105911e+00 -2.867915e+01
      vertex   2.100114e+01 6.099936e+00 -3.016638e+01
      vertex   2.093602e+01 6.106733e+00 -2.863488e+01
    endloop
  endfacet
  facet normal 1.263231e-02 9.999126e-01 -3.900437e-03
    outer loop
      vertex   2.093602e+01 6.106733e+00 -2.863488e+01
      vertex   2.100114e+01 6.099936e+00 -3.016638e+01
      vertex   2.092561e+01 6.107041e+00 -2.858972e+01
    endloop
  endfacet
  facet normal 9.364513e-02 9.956056e-01 5.307719e-16
    outer loop
      vertex   2.092561e+01 6.107041e+00 -2.858972e+01
      vertex   2.100114e+01 6.099936e+00 -3.016638e+01
      vertex   2.100114e+01 6.099936e+00 -3.183305e+01
    endloop
  endfacet
  facet normal -1.546801e-02 9.998771e-01 -2.550434e-03
    outer loop
      vertex   2.092561e+01 6.107041e+00 -2.858972e+01
      vertex   2.100114e+01 6.099936e+00 -3.183305e+01
      vertex   2.091937e+01 6.107060e+00 -2.854442e+01
    endloop
  endfacet
  facet normal 8.679067e-02 9.962266e-01 0.000000e+00
    outer loop
      vertex   2.091937e+01 6.107060e+00 -2.854442e+01
      vertex   2.100114e+01 6.099936e+00 -3.183305e+01
      vertex   2.100114e+01 6.099936e+00 -3.349972e+01
    endloop
  endfacet
  facet normal 8.679067e-02 9.962266e-01 0.000000e+00
    outer loop
      vertex   2.091937e+01 6.107060e+00 -2.854442e+01
      vertex   2.100114e+01 6.099936e+00 -3.349972e+01
      vertex   2.100114e+01 6.099936e+00 -3.516638e+01
    endloop
  endfacet
  facet normal 2.500408e-01 9.682353e-01 -0.000000e+00
    outer loop
      vertex   2.100114e+01 6.099936e+00 -3.516638e+01
      vertex   2.100114e+01 6.099936e+00 -3.349972e+01
      vertex   2.108261e+01 6.078898e+00 -3.516638e+01
    endloop
  endfacet
  facet normal 2.500408e-01 9.682353e-01 5.164511e-16
    outer loop
      vertex   2.100114e+01 6.099936e+00 -3.516638e+01
      vertex   2.108261e+01 6.078898e+00 -3.516638e+01
      vertex   2.108261e+01 6.078898e+00 -3.683305e+01
    endloop
  endfacet
  facet normal 4.088596e-01 9.125973e-01 4.863295e-16
    outer loop
      vertex   2.108261e+01 6.078898e+00 -3.683305e+01
      vertex   2.108261e+01 6.078898e+00 -3.516638e+01
      vertex   2.115940e+01 6.044496e+00 -3.683305e+01
    endloop
  endfacet
  facet normal 4.088596e-01 9.125973e-01 0.000000e+00
    outer loop
      vertex   2.108261e+01 6.078898e+00 -3.683305e+01
      vertex   2.115940e+01 6.044496e+00 -3.683305e+01
      vertex   2.115940e+01 6.044496e+00 -3.849972e+01
    endloop
  endfacet
  facet normal 5.560998e-01 8.311155e-01 -0.000000e+00
    outer loop
      vertex   2.115940e+01 6.044496e+00 -3.849972e+01
      vertex   2.115940e+01 6.044496e+00 -3.683305e+01
      vertex   2.122933e+01 5.997705e+00 -3.849972e+01
    endloop
  endfacet
  facet normal 5.560998e-01 8.311155e-01 0.000000e+00
    outer loop
      vertex   2.115940e+01 6.044496e+00 -3.849972e+01
      vertex   2.122933e+01 5.997705e+00 -3.849972e+01
      vertex   2.122933e+01 5.997705e+00 -4.016638e+01
    endloop
  endfacet
  facet normal 6.875919e-01 7.260974e-01 -0.000000e+00
    outer loop
      vertex   2.122933e+01 5.997705e+00 -4.016638e+01
      vertex   2.122933e+01 5.997705e+00 -3.849972e+01
      vertex   2.129042e+01 5.939850e+00 -4.016638e+01
    endloop
  endfacet
  facet normal 6.875919e-01 7.260974e-01 3.865652e-16
    outer loop
      vertex   2.122933e+01 5.997705e+00 -4.016638e+01
      vertex   2.129042e+01 5.939850e+00 -4.016638e+01
      vertex   2.129042e+01 5.939850e+00 -4.183305e+01
    endloop
  endfacet
  facet normal 7.996121e-01 6.005169e-01 3.200197e-16
    outer loop
      vertex   2.129042e+01 5.939850e+00 -4.183305e+01
      vertex   2.129042e+01 5.939850e+00 -4.016638e+01
      vertex   2.134095e+01 5.872570e+00 -4.183305e+01
    endloop
  endfacet
  facet normal 7.996112e-01 6.005163e-01 1.429621e-03
    outer loop
      vertex   2.129042e+01 5.939850e+00 -4.183305e+01
      vertex   2.134095e+01 5.872570e+00 -4.183305e+01
      vertex   2.131148e+01 5.914612e+00 -4.301104e+01
    endloop
  endfacet
  facet normal 8.154850e-01 5.787781e-01 2.567048e-04
    outer loop
      vertex   2.131148e+01 5.914612e+00 -4.301104e+01
      vertex   2.134095e+01 5.872570e+00 -4.183305e+01
      vertex   2.133764e+01 5.877757e+00 -4.300610e+01
    endloop
  endfacet
  facet normal 8.643822e-01 5.028353e-01 -2.172104e-04
    outer loop
      vertex   2.133764e+01 5.877757e+00 -4.300610e+01
      vertex   2.134095e+01 5.872570e+00 -4.183305e+01
      vertex   2.136056e+01 5.838353e+00 -4.300294e+01
    endloop
  endfacet
  facet normal 8.889870e-01 4.579299e-01 1.508613e-03
    outer loop
      vertex   2.136056e+01 5.838353e+00 -4.300294e+01
      vertex   2.134095e+01 5.872570e+00 -4.183305e+01
      vertex   2.137948e+01 5.797769e+00 -4.183305e+01
    endloop
  endfacet
  facet normal 9.072737e-01 4.205406e-01 -8.416818e-05
    outer loop
      vertex   2.136056e+01 5.838353e+00 -4.300294e+01
      vertex   2.137948e+01 5.797769e+00 -4.183305e+01
      vertex   2.137981e+01 5.796826e+00 -4.300108e+01
    endloop
  endfacet
  facet normal 9.423435e-01 3.346470e-01 -4.892473e-06
    outer loop
      vertex   2.137981e+01 5.796826e+00 -4.300108e+01
      vertex   2.137948e+01 5.797769e+00 -4.183305e+01
      vertex   2.139514e+01 5.753647e+00 -4.300007e+01
    endloop
  endfacet
  facet normal 9.531879e-01 3.023755e-01 1.360748e-03
    outer loop
      vertex   2.139514e+01 5.753647e+00 -4.300007e+01
      vertex   2.137948e+01 5.797769e+00 -4.183305e+01
      vertex   2.140492e+01 5.717567e+00 -4.183305e+01
    endloop
  endfacet
  facet normal 9.685674e-01 2.487510e-01 -4.260414e-04
    outer loop
      vertex   2.139514e+01 5.753647e+00 -4.300007e+01
      vertex   2.140492e+01 5.717567e+00 -4.183305e+01
      vertex   2.140651e+01 5.709401e+00 -4.299967e+01
    endloop
  endfacet
  facet normal 9.867941e-01 1.619795e-01 2.060557e-04
    outer loop
      vertex   2.140651e+01 5.709401e+00 -4.299967e+01
      vertex   2.140492e+01 5.717567e+00 -4.183305e+01
      vertex   2.141385e+01 5.664671e+00 -4.299963e+01
    endloop
  endfacet
  facet normal 9.903954e-01 1.382581e-01 1.309194e-03
    outer loop
      vertex   2.141385e+01 5.664671e+00 -4.299963e+01
      vertex   2.140492e+01 5.717567e+00 -4.183305e+01
      vertex   2.141656e+01 5.634234e+00 -4.183305e+01
    endloop
  endfacet
  facet normal 9.973274e-01 7.306101e-02 -4.079626e-04
    outer loop
      vertex   2.141385e+01 5.664671e+00 -4.299963e+01
      vertex   2.141656e+01 5.634234e+00 -4.183305e+01
      vertex   2.141712e+01 5.620042e+00 -4.299971e+01
    endloop
  endfacet
  facet normal 9.998167e-01 -1.913260e-02 7.146992e-04
    outer loop
      vertex   2.141712e+01 5.620042e+00 -4.299971e+01
      vertex   2.141656e+01 5.634234e+00 -4.183305e+01
      vertex   2.141627e+01 5.575671e+00 -4.299968e+01
    endloop
  endfacet
  facet normal 9.995559e-01 -2.977466e-02 1.248970e-03
    outer loop
      vertex   2.141627e+01 5.575671e+00 -4.299968e+01
      vertex   2.141656e+01 5.634234e+00 -4.183305e+01
      vertex   2.141405e+01 5.550130e+00 -4.183305e+01
    endloop
  endfacet
  facet normal 9.939305e-01 -1.100082e-01 -5.183315e-04
    outer loop
      vertex   2.141627e+01 5.575671e+00 -4.299968e+01
      vertex   2.141405e+01 5.550130e+00 -4.183305e+01
      vertex   2.141132e+01 5.530930e+00 -4.299962e+01
    endloop
  endfacet
  facet normal 9.804102e-01 -1.969643e-01 9.444841e-04
    outer loop
      vertex   2.141132e+01 5.530930e+00 -4.299962e+01
      vertex   2.141405e+01 5.550130e+00 -4.183305e+01
      vertex   2.139748e+01 5.467637e+00 -4.183305e+01
    endloop
  endfacet
  facet normal 9.802259e-01 -1.978796e-01 8.926402e-04
    outer loop
      vertex   2.141132e+01 5.530930e+00 -4.299962e+01
      vertex   2.139748e+01 5.467637e+00 -4.183305e+01
      vertex   2.140231e+01 5.486328e+00 -4.299977e+01
    endloop
  endfacet
  facet normal 9.587817e-01 -2.841431e-01 -5.782383e-04
    outer loop
      vertex   2.140231e+01 5.486328e+00 -4.299977e+01
      vertex   2.139748e+01 5.467637e+00 -4.183305e+01
      vertex   2.138931e+01 5.442451e+00 -4.300039e+01
    endloop
  endfacet
  facet normal 9.334997e-01 -3.585760e-01 1.204570e-03
    outer loop
      vertex   2.138931e+01 5.442451e+00 -4.300039e+01
      vertex   2.139748e+01 5.467637e+00 -4.183305e+01
      vertex   2.136731e+01 5.389091e+00 -4.183305e+01
    endloop
  endfacet
  facet normal 9.290336e-01 -3.699950e-01 5.984212e-04
    outer loop
      vertex   2.138931e+01 5.442451e+00 -4.300039e+01
      vertex   2.136731e+01 5.389091e+00 -4.183305e+01
      vertex   2.137236e+01 5.399882e+00 -4.300173e+01
    endloop
  endfacet
  facet normal 8.903550e-01 -4.552668e-01 -3.561231e-04
    outer loop
      vertex   2.137236e+01 5.399882e+00 -4.300173e+01
      vertex   2.136731e+01 5.389091e+00 -4.183305e+01
      vertex   2.135155e+01 5.359182e+00 -4.300406e+01
    endloop
  endfacet
  facet normal 8.601535e-01 -5.100331e-01 1.449215e-03
    outer loop
      vertex   2.135155e+01 5.359182e+00 -4.300406e+01
      vertex   2.136731e+01 5.389091e+00 -4.183305e+01
      vertex   2.132439e+01 5.316716e+00 -4.183305e+01
    endloop
  endfacet
  facet normal 8.450084e-01 -5.347530e-01 2.016022e-04
    outer loop
      vertex   2.135155e+01 5.359182e+00 -4.300406e+01
      vertex   2.132439e+01 5.316716e+00 -4.183305e+01
      vertex   2.132724e+01 5.320772e+00 -4.300789e+01
    endloop
  endfacet
  facet normal 7.935159e-01 -6.085494e-01 -1.779143e-04
    outer loop
      vertex   2.132724e+01 5.320772e+00 -4.300789e+01
      vertex   2.132439e+01 5.316716e+00 -4.183305e+01
      vertex   2.129988e+01 5.285098e+00 -4.301370e+01
    endloop
  endfacet
  facet normal 7.355874e-01 -6.774238e-01 2.869283e-03
    outer loop
      vertex   2.129988e+01 5.285098e+00 -4.301370e+01
      vertex   2.132439e+01 5.316716e+00 -4.183305e+01
      vertex   2.126995e+01 5.252563e+00 -4.302192e+01
    endloop
  endfacet
  facet normal 7.624496e-01 -6.470476e-01 -3.432699e-16
    outer loop
      vertex   2.126995e+01 5.252563e+00 -4.302192e+01
      vertex   2.132439e+01 5.316716e+00 -4.183305e+01
      vertex   2.132439e+01 5.316716e+00 -4.016638e+01
    endloop
  endfacet
  facet normal 7.624496e-01 -6.470476e-01 0.000000e+00
    outer loop
      vertex   2.126995e+01 5.252563e+00 -4.302192e+01
      vertex   2.132439e+01 5.316716e+00 -4.016638e+01
      vertex   2.132439e+01 5.316716e+00 -3.849972e+01
    endloop
  endfacet
  facet normal 8.601544e-01 -5.100337e-01 0.000000e+00
    outer loop
      vertex   2.132439e+01 5.316716e+00 -3.849972e+01
      vertex   2.132439e+01 5.316716e+00 -4.016638e+01
      vertex   2.136731e+01 5.389091e+00 -3.849972e+01
    endloop
  endfacet
  facet normal 8.601544e-01 -5.100337e-01 0.000000e+00
    outer loop
      vertex   2.132439e+01 5.316716e+00 -3.849972e+01
      vertex   2.136731e+01 5.389091e+00 -3.849972e+01
      vertex   2.136731e+01 5.389091e+00 -3.683305e+01
    endloop
  endfacet
  facet normal 9.335004e-01 -3.585763e-01 0.000000e+00
    outer loop
      vertex   2.136731e+01 5.389091e+00 -3.683305e+01
      vertex   2.136731e+01 5.389091e+00 -3.849972e+01
      vertex   2.139748e+01 5.467637e+00 -3.683305e+01
    endloop
  endfacet
  facet normal 9.335004e-01 -3.585763e-01 -1.917363e-16
    outer loop
      vertex   2.136731e+01 5.389091e+00 -3.683305e+01
      vertex   2.139748e+01 5.467637e+00 -3.683305e+01
      vertex   2.139748e+01 5.467637e+00 -3.516638e+01
    endloop
  endfacet
  facet normal 9.804106e-01 -1.969644e-01 -1.049637e-16
    outer loop
      vertex   2.139748e+01 5.467637e+00 -3.516638e+01
      vertex   2.139748e+01 5.467637e+00 -3.683305e+01
      vertex   2.141405e+01 5.550130e+00 -3.516638e+01
    endloop
  endfacet
  facet normal 9.804106e-01 -1.969644e-01 0.000000e+00
    outer loop
      vertex   2.139748e+01 5.467637e+00 -3.516638e+01
      vertex   2.141405e+01 5.550130e+00 -3.516638e+01
      vertex   2.141405e+01 5.550130e+00 -3.349972e+01
    endloop
  endfacet
  facet normal 9.995566e-01 -2.977468e-02 0.000000e+00
    outer loop
      vertex   2.141405e+01 5.550130e+00 -3.349972e+01
      vertex   2.141405e+01 5.550130e+00 -3.516638e+01
      vertex   2.141656e+01 5.634234e+00 -3.349972e+01
    endloop
  endfacet
  facet normal 9.995566e-01 -2.977468e-02 0.000000e+00
    outer loop
      vertex   2.141405e+01 5.550130e+00 -3.349972e+01
      vertex   2.141656e+01 5.634234e+00 -3.349972e+01
      vertex   2.141656e+01 5.634234e+00 -3.183305e+01
    endloop
  endfacet
  facet normal 9.903962e-01 1.382582e-01 0.000000e+00
    outer loop
      vertex   2.141656e+01 5.634234e+00 -3.183305e+01
      vertex   2.141656e+01 5.634234e+00 -3.349972e+01
      vertex   2.140492e+01 5.717567e+00 -3.183305e+01
    endloop
  endfacet
  facet normal 9.903962e-01 1.382582e-01 7.344739e-17
    outer loop
      vertex   2.141656e+01 5.634234e+00 -3.183305e+01
      vertex   2.140492e+01 5.717567e+00 -3.183305e+01
      vertex   2.140492e+01 5.717567e+00 -3.016638e+01
    endloop
  endfacet
  facet normal 9.531888e-01 3.023758e-01 1.611382e-16
    outer loop
      vertex   2.140492e+01 5.717567e+00 -3.016638e+01
      vertex   2.140492e+01 5.717567e+00 -3.183305e+01
      vertex   2.137948e+01 5.797769e+00 -3.016638e+01
    endloop
  endfacet
  facet normal 7.601635e-01 6.497317e-01 -3.300713e-04
    outer loop
      vertex   2.131148e+01 5.914612e+00 -4.301104e+01
      vertex   2.128254e+01 5.948472e+00 -4.301823e+01
      vertex   2.129042e+01 5.939850e+00 -4.183305e+01
    endloop
  endfacet
  facet normal 6.998350e-01 7.143043e-01 5.410257e-04
    outer loop
      vertex   2.129042e+01 5.939850e+00 -4.183305e+01
      vertex   2.128254e+01 5.948472e+00 -4.301823e+01
      vertex   2.125137e+01 5.979013e+00 -4.302806e+01
    endloop
  endfacet
  facet normal 6.875913e-01 7.260967e-01 1.327581e-03
    outer loop
      vertex   2.129042e+01 5.939850e+00 -4.183305e+01
      vertex   2.125137e+01 5.979013e+00 -4.302806e+01
      vertex   2.122933e+01 5.997705e+00 -4.183305e+01
    endloop
  endfacet
  facet normal 6.362757e-01 7.714616e-01 -3.286530e-04
    outer loop
      vertex   2.122933e+01 5.997705e+00 -4.183305e+01
      vertex   2.125137e+01 5.979013e+00 -4.302806e+01
      vertex   2.121864e+01 6.006005e+00 -4.304088e+01
    endloop
  endfacet
  facet normal 5.670951e-01 8.236521e-01 6.421659e-04
    outer loop
      vertex   2.122933e+01 5.997705e+00 -4.183305e+01
      vertex   2.121864e+01 6.006005e+00 -4.304088e+01
      vertex   2.118362e+01 6.030132e+00 -4.305772e+01
    endloop
  endfacet
  facet normal 5.560994e-01 8.311149e-01 1.250185e-03
    outer loop
      vertex   2.122933e+01 5.997705e+00 -4.183305e+01
      vertex   2.118362e+01 6.030132e+00 -4.305772e+01
      vertex   2.115940e+01 6.044496e+00 -4.183305e+01
    endloop
  endfacet
  facet normal 4.974700e-01 8.674811e-01 -3.358412e-04
    outer loop
      vertex   2.115940e+01 6.044496e+00 -4.183305e+01
      vertex   2.118362e+01 6.030132e+00 -4.305772e+01
      vertex   2.114693e+01 6.051161e+00 -4.307912e+01
    endloop
  endfacet
  facet normal 4.226098e-01 9.063115e-01 6.207042e-04
    outer loop
      vertex   2.115940e+01 6.044496e+00 -4.183305e+01
      vertex   2.114693e+01 6.051161e+00 -4.307912e+01
      vertex   2.111062e+01 6.068110e+00 -4.310487e+01
    endloop
  endfacet
  facet normal 4.088592e-01 9.125966e-01 1.264731e-03
    outer loop
      vertex   2.115940e+01 6.044496e+00 -4.183305e+01
      vertex   2.111062e+01 6.068110e+00 -4.310487e+01
      vertex   2.108261e+01 6.078898e+00 -4.183305e+01
    endloop
  endfacet
  facet normal 3.532595e-01 9.355254e-01 -1.543978e-04
    outer loop
      vertex   2.108261e+01 6.078898e+00 -4.183305e+01
      vertex   2.111062e+01 6.068110e+00 -4.310487e+01
      vertex   2.107659e+01 6.080957e+00 -4.313379e+01
    endloop
  endfacet
  facet normal 2.879537e-01 9.576443e-01 1.830072e-04
    outer loop
      vertex   2.108261e+01 6.078898e+00 -4.183305e+01
      vertex   2.107659e+01 6.080957e+00 -4.313379e+01
      vertex   2.104600e+01 6.090159e+00 -4.316489e+01
    endloop
  endfacet
  facet normal 2.500406e-01 9.682345e-01 1.314620e-03
    outer loop
      vertex   2.108261e+01 6.078898e+00 -4.183305e+01
      vertex   2.104600e+01 6.090159e+00 -4.316489e+01
      vertex   2.100114e+01 6.099936e+00 -4.183305e+01
    endloop
  endfacet
  facet normal 2.279164e-01 9.736806e-01 5.294062e-04
    outer loop
      vertex   2.100114e+01 6.099936e+00 -4.183305e+01
      vertex   2.104600e+01 6.090159e+00 -4.316489e+01
      vertex   2.101766e+01 6.096812e+00 -4.319944e+01
    endloop
  endfacet
  facet normal 1.753175e-01 9.845119e-01 -1.314534e-04
    outer loop
      vertex   2.100114e+01 6.099936e+00 -4.183305e+01
      vertex   2.101766e+01 6.096812e+00 -4.319944e+01
      vertex   2.099192e+01 6.101390e+00 -4.323719e+01
    endloop
  endfacet
  facet normal 1.271952e-01 9.918777e-01 1.920692e-04
    outer loop
      vertex   2.099192e+01 6.101390e+00 -4.323719e+01
      vertex   2.096937e+01 6.104290e+00 -4.327763e+01
      vertex   2.100114e+01 6.099936e+00 -4.183305e+01
    endloop
  endfacet
  facet normal 8.347685e-02 9.965090e-01 1.167376e-03
    outer loop
      vertex   2.100114e+01 6.099936e+00 -4.183305e+01
      vertex   2.096937e+01 6.104290e+00 -4.327763e+01
      vertex   2.095061e+01 6.105911e+00 -4.332028e+01
    endloop
  endfacet
  facet normal 4.913362e-02 9.987895e-01 2.343325e-03
    outer loop
      vertex   2.100114e+01 6.099936e+00 -4.183305e+01
      vertex   2.095061e+01 6.105911e+00 -4.332028e+01
      vertex   2.093602e+01 6.106733e+00 -4.336455e+01
    endloop
  endfacet
  facet normal 1.263231e-02 9.999126e-01 3.900437e-03
    outer loop
      vertex   2.093602e+01 6.106733e+00 -4.336455e+01
      vertex   2.092561e+01 6.107041e+00 -4.340971e+01
      vertex   2.100114e+01 6.099936e+00 -4.183305e+01
    endloop
  endfacet
  facet normal 9.364513e-02 9.956056e-01 5.305653e-16
    outer loop
      vertex   2.100114e+01 6.099936e+00 -4.183305e+01
      vertex   2.092561e+01 6.107041e+00 -4.340971e+01
      vertex   2.100114e+01 6.099936e+00 -4.016638e+01
    endloop
  endfacet
  facet normal 2.500408e-01 9.682353e-01 5.159794e-16
    outer loop
      vertex   2.100114e+01 6.099936e+00 -4.183305e+01
      vertex   2.100114e+01 6.099936e+00 -4.016638e+01
      vertex   2.108261e+01 6.078898e+00 -4.183305e+01
    endloop
  endfacet
  facet normal 2.500408e-01 9.682353e-01 1.031959e-15
    outer loop
      vertex   2.108261e+01 6.078898e+00 -4.183305e+01
      vertex   2.100114e+01 6.099936e+00 -4.016638e+01
      vertex   2.108261e+01 6.078898e+00 -4.016638e+01
    endloop
  endfacet
  facet normal 4.088596e-01 9.125973e-01 9.726591e-16
    outer loop
      vertex   2.108261e+01 6.078898e+00 -4.183305e+01
      vertex   2.108261e+01 6.078898e+00 -4.016638e+01
      vertex   2.115940e+01 6.044496e+00 -4.183305e+01
    endloop
  endfacet
  facet normal 4.088596e-01 9.125973e-01 4.863295e-16
    outer loop
      vertex   2.115940e+01 6.044496e+00 -4.183305e+01
      vertex   2.108261e+01 6.078898e+00 -4.016638e+01
      vertex   2.115940e+01 6.044496e+00 -4.016638e+01
    endloop
  endfacet
  facet normal 5.560998e-01 8.311155e-01 4.429073e-16
    outer loop
      vertex   2.115940e+01 6.044496e+00 -4.183305e+01
      vertex   2.115940e+01 6.044496e+00 -4.016638e+01
      vertex   2.122933e+01 5.997705e+00 -4.183305e+01
    endloop
  endfacet
  facet normal 5.560998e-01 8.311155e-01 8.858146e-16
    outer loop
      vertex   2.122933e+01 5.997705e+00 -4.183305e+01
      vertex   2.115940e+01 6.044496e+00 -4.016638e+01
      vertex   2.122933e+01 5.997705e+00 -4.016638e+01
    endloop
  endfacet
  facet normal 6.875919e-01 7.260974e-01 7.738848e-16
    outer loop
      vertex   2.122933e+01 5.997705e+00 -4.183305e+01
      vertex   2.122933e+01 5.997705e+00 -4.016638e+01
      vertex   2.129042e+01 5.939850e+00 -4.183305e+01
    endloop
  endfacet
  facet normal -1.546801e-02 9.998771e-01 2.550434e-03
    outer loop
      vertex   2.092561e+01 6.107041e+00 -4.340971e+01
      vertex   2.091937e+01 6.107060e+00 -4.345501e+01
      vertex   2.100114e+01 6.099936e+00 -4.016638e+01
    endloop
  endfacet
  facet normal 8.679067e-02 9.962266e-01 -0.000000e+00
    outer loop
      vertex   2.100114e+01 6.099936e+00 -4.016638e+01
      vertex   2.091937e+01 6.107060e+00 -4.345501e+01
      vertex   2.100114e+01 6.099936e+00 -3.849972e+01
    endloop
  endfacet
  facet normal 2.500408e-01 9.682353e-01 -0.000000e+00
    outer loop
      vertex   2.100114e+01 6.099936e+00 -4.016638e+01
      vertex   2.100114e+01 6.099936e+00 -3.849972e+01
      vertex   2.108261e+01 6.078898e+00 -4.016638e+01
    endloop
  endfacet
  facet normal 2.500408e-01 9.682353e-01 -0.000000e+00
    outer loop
      vertex   2.108261e+01 6.078898e+00 -4.016638e+01
      vertex   2.100114e+01 6.099936e+00 -3.849972e+01
      vertex   2.108261e+01 6.078898e+00 -3.849972e+01
    endloop
  endfacet
  facet normal 4.088596e-01 9.125973e-01 -0.000000e+00
    outer loop
      vertex   2.108261e+01 6.078898e+00 -4.016638e+01
      vertex   2.108261e+01 6.078898e+00 -3.849972e+01
      vertex   2.115940e+01 6.044496e+00 -4.016638e+01
    endloop
  endfacet
  facet normal 4.088596e-01 9.125973e-01 -0.000000e+00
    outer loop
      vertex   2.115940e+01 6.044496e+00 -4.016638e+01
      vertex   2.108261e+01 6.078898e+00 -3.849972e+01
      vertex   2.115940e+01 6.044496e+00 -3.849972e+01
    endloop
  endfacet
  facet normal 5.560998e-01 8.311155e-01 -0.000000e+00
    outer loop
      vertex   2.115940e+01 6.044496e+00 -4.016638e+01
      vertex   2.115940e+01 6.044496e+00 -3.849972e+01
      vertex   2.122933e+01 5.997705e+00 -4.016638e+01
    endloop
  endfacet
  facet normal -2.109214e-02 9.997775e-01 6.457939e-17
    outer loop
      vertex   2.091730e+01 6.107016e+00 -4.349972e+01
      vertex   2.091937e+01 6.107060e+00 -2.854442e+01
      vertex   2.091937e+01 6.107060e+00 -4.345501e+01
    endloop
  endfacet
  facet normal 8.679067e-02 9.962266e-01 3.866275e-17
    outer loop
      vertex   2.091937e+01 6.107060e+00 -4.345501e+01
      vertex   2.091937e+01 6.107060e+00 -2.854442e+01
      vertex   2.100114e+01 6.099936e+00 -3.683305e+01
    endloop
  endfacet
  facet normal 8.679067e-02 9.962266e-01 0.000000e+00
    outer loop
      vertex   2.091937e+01 6.107060e+00 -4.345501e+01
      vertex   2.100114e+01 6.099936e+00 -3.683305e+01
      vertex   2.100114e+01 6.099936e+00 -3.849972e+01
    endloop
  endfacet
  facet normal 2.500408e-01 9.682353e-01 -0.000000e+00
    outer loop
      vertex   2.100114e+01 6.099936e+00 -3.849972e+01
      vertex   2.100114e+01 6.099936e+00 -3.683305e+01
      vertex   2.108261e+01 6.078898e+00 -3.849972e+01
    endloop
  endfacet
  facet normal -2.109214e-02 9.997775e-01 2.367949e-16
    outer loop
      vertex   2.091730e+01 6.107016e+00 -4.349972e+01
      vertex   2.091730e+01 6.107016e+00 -2.849972e+01
      vertex   2.091937e+01 6.107060e+00 -2.854442e+01
    endloop
  endfacet
  facet normal 9.802259e-01 -1.978796e-01 -8.926402e-04
    outer loop
      vertex   2.141132e+01 5.530930e+00 -2.899981e+01
      vertex   2.140231e+01 5.486328e+00 -2.899966e+01
      vertex   2.139748e+01 5.467637e+00 -3.016638e+01
    endloop
  endfacet
  facet normal 9.587817e-01 -2.841431e-01 5.782383e-04
    outer loop
      vertex   2.139748e+01 5.467637e+00 -3.016638e+01
      vertex   2.140231e+01 5.486328e+00 -2.899966e+01
      vertex   2.138931e+01 5.442451e+00 -2.899904e+01
    endloop
  endfacet
  facet normal 9.334997e-01 -3.585760e-01 -1.204570e-03
    outer loop
      vertex   2.139748e+01 5.467637e+00 -3.016638e+01
      vertex   2.138931e+01 5.442451e+00 -2.899904e+01
      vertex   2.136731e+01 5.389091e+00 -3.016638e+01
    endloop
  endfacet
  facet normal 9.290336e-01 -3.699950e-01 -5.984212e-04
    outer loop
      vertex   2.136731e+01 5.389091e+00 -3.016638e+01
      vertex   2.138931e+01 5.442451e+00 -2.899904e+01
      vertex   2.137236e+01 5.399882e+00 -2.899771e+01
    endloop
  endfacet
  facet normal 8.903550e-01 -4.552668e-01 3.561231e-04
    outer loop
      vertex   2.136731e+01 5.389091e+00 -3.016638e+01
      vertex   2.137236e+01 5.399882e+00 -2.899771e+01
      vertex   2.135155e+01 5.359182e+00 -2.899538e+01
    endloop
  endfacet
  facet normal 8.601535e-01 -5.100331e-01 -1.449215e-03
    outer loop
      vertex   2.136731e+01 5.389091e+00 -3.016638e+01
      vertex   2.135155e+01 5.359182e+00 -2.899538e+01
      vertex   2.132439e+01 5.316716e+00 -3.016638e+01
    endloop
  endfacet
  facet normal 8.450084e-01 -5.347530e-01 -2.016022e-04
    outer loop
      vertex   2.132439e+01 5.316716e+00 -3.016638e+01
      vertex   2.135155e+01 5.359182e+00 -2.899538e+01
      vertex   2.132724e+01 5.320772e+00 -2.899154e+01
    endloop
  endfacet
  facet normal 7.935159e-01 -6.085494e-01 1.779143e-04
    outer loop
      vertex   2.132439e+01 5.316716e+00 -3.016638e+01
      vertex   2.132724e+01 5.320772e+00 -2.899154e+01
      vertex   2.129988e+01 5.285098e+00 -2.898573e+01
    endloop
  endfacet
  facet normal 8.601544e-01 -5.100337e-01 -2.718005e-16
    outer loop
      vertex   2.132439e+01 5.316716e+00 -4.016638e+01
      vertex   2.132439e+01 5.316716e+00 -4.183305e+01
      vertex   2.136731e+01 5.389091e+00 -4.016638e+01
    endloop
  endfacet
  facet normal 8.601544e-01 -5.100337e-01 -2.718005e-16
    outer loop
      vertex   2.136731e+01 5.389091e+00 -4.016638e+01
      vertex   2.132439e+01 5.316716e+00 -4.183305e+01
      vertex   2.136731e+01 5.389091e+00 -4.183305e+01
    endloop
  endfacet
  facet normal 9.335004e-01 -3.585763e-01 -1.910878e-16
    outer loop
      vertex   2.136731e+01 5.389091e+00 -4.016638e+01
      vertex   2.136731e+01 5.389091e+00 -4.183305e+01
      vertex   2.139748e+01 5.467637e+00 -4.016638e+01
    endloop
  endfacet
  facet normal 9.335004e-01 -3.585763e-01 -3.821757e-16
    outer loop
      vertex   2.139748e+01 5.467637e+00 -4.016638e+01
      vertex   2.136731e+01 5.389091e+00 -4.183305e+01
      vertex   2.139748e+01 5.467637e+00 -4.183305e+01
    endloop
  endfacet
  facet normal 9.804106e-01 -1.969644e-01 -2.099274e-16
    outer loop
      vertex   2.139748e+01 5.467637e+00 -4.016638e+01
      vertex   2.139748e+01 5.467637e+00 -4.183305e+01
      vertex   2.141405e+01 5.550130e+00 -4.016638e+01
    endloop
  endfacet
  facet normal 9.804106e-01 -1.969644e-01 -1.049637e-16
    outer loop
      vertex   2.141405e+01 5.550130e+00 -4.016638e+01
      vertex   2.139748e+01 5.467637e+00 -4.183305e+01
      vertex   2.141405e+01 5.550130e+00 -4.183305e+01
    endloop
  endfacet
  facet normal 9.995566e-01 -2.977468e-02 -1.586714e-17
    outer loop
      vertex   2.141405e+01 5.550130e+00 -4.016638e+01
      vertex   2.141405e+01 5.550130e+00 -4.183305e+01
      vertex   2.141656e+01 5.634234e+00 -4.016638e+01
    endloop
  endfacet
  facet normal 9.995566e-01 -2.977468e-02 -1.586714e-17
    outer loop
      vertex   2.141656e+01 5.634234e+00 -4.016638e+01
      vertex   2.141405e+01 5.550130e+00 -4.183305e+01
      vertex   2.141656e+01 5.634234e+00 -4.183305e+01
    endloop
  endfacet
  facet normal 9.903962e-01 1.382582e-01 7.367879e-17
    outer loop
      vertex   2.141656e+01 5.634234e+00 -4.016638e+01
      vertex   2.141656e+01 5.634234e+00 -4.183305e+01
      vertex   2.140492e+01 5.717567e+00 -4.016638e+01
    endloop
  endfacet
  facet normal 9.903962e-01 1.382582e-01 1.473576e-16
    outer loop
      vertex   2.140492e+01 5.717567e+00 -4.016638e+01
      vertex   2.141656e+01 5.634234e+00 -4.183305e+01
      vertex   2.140492e+01 5.717567e+00 -4.183305e+01
    endloop
  endfacet
  facet normal 9.531888e-01 3.023758e-01 3.222764e-16
    outer loop
      vertex   2.140492e+01 5.717567e+00 -4.016638e+01
      vertex   2.140492e+01 5.717567e+00 -4.183305e+01
      vertex   2.137948e+01 5.797769e+00 -4.016638e+01
    endloop
  endfacet
  facet normal 9.531888e-01 3.023758e-01 1.611382e-16
    outer loop
      vertex   2.137948e+01 5.797769e+00 -4.016638e+01
      vertex   2.140492e+01 5.717567e+00 -4.183305e+01
      vertex   2.137948e+01 5.797769e+00 -4.183305e+01
    endloop
  endfacet
  facet normal 8.889880e-01 4.579304e-01 2.440344e-16
    outer loop
      vertex   2.137948e+01 5.797769e+00 -4.016638e+01
      vertex   2.137948e+01 5.797769e+00 -4.183305e+01
      vertex   2.134095e+01 5.872570e+00 -4.016638e+01
    endloop
  endfacet
  facet normal 8.889880e-01 4.579304e-01 2.440344e-16
    outer loop
      vertex   2.134095e+01 5.872570e+00 -4.016638e+01
      vertex   2.137948e+01 5.797769e+00 -4.183305e+01
      vertex   2.134095e+01 5.872570e+00 -4.183305e+01
    endloop
  endfacet
  facet normal 7.996121e-01 6.005169e-01 3.200197e-16
    outer loop
      vertex   2.134095e+01 5.872570e+00 -4.016638e+01
      vertex   2.134095e+01 5.872570e+00 -4.183305e+01
      vertex   2.129042e+01 5.939850e+00 -4.016638e+01
    endloop
  endfacet
  facet normal 7.624496e-01 -6.470476e-01 -6.896324e-16
    outer loop
      vertex   2.132439e+01 5.316716e+00 -3.516638e+01
      vertex   2.126995e+01 5.252563e+00 -4.302192e+01
      vertex   2.132439e+01 5.316716e+00 -3.683305e+01
    endloop
  endfacet
  facet normal 7.624496e-01 -6.470476e-01 0.000000e+00
    outer loop
      vertex   2.132439e+01 5.316716e+00 -3.683305e+01
      vertex   2.126995e+01 5.252563e+00 -4.302192e+01
      vertex   2.132439e+01 5.316716e+00 -3.849972e+01
    endloop
  endfacet
  facet normal 8.601544e-01 -5.100337e-01 0.000000e+00
    outer loop
      vertex   2.132439e+01 5.316716e+00 -3.683305e+01
      vertex   2.132439e+01 5.316716e+00 -3.849972e+01
      vertex   2.136731e+01 5.389091e+00 -3.683305e+01
    endloop
  endfacet
  facet normal 8.601544e-01 -5.100337e-01 -5.436011e-16
    outer loop
      vertex   2.132439e+01 5.316716e+00 -3.516638e+01
      vertex   2.132439e+01 5.316716e+00 -3.683305e+01
      vertex   2.136731e+01 5.389091e+00 -3.516638e+01
    endloop
  endfacet
  facet normal 8.601544e-01 -5.100337e-01 -2.718005e-16
    outer loop
      vertex   2.136731e+01 5.389091e+00 -3.516638e+01
      vertex   2.132439e+01 5.316716e+00 -3.683305e+01
      vertex   2.136731e+01 5.389091e+00 -3.683305e+01
    endloop
  endfacet
  facet normal 9.335004e-01 -3.585763e-01 -1.910878e-16
    outer loop
      vertex   2.136731e+01 5.389091e+00 -3.516638e+01
      vertex   2.136731e+01 5.389091e+00 -3.683305e+01
      vertex   2.139748e+01 5.467637e+00 -3.516638e+01
    endloop
  endfacet
  facet normal 7.903099e-01 -6.127073e-01 -3.265161e-16
    outer loop
      vertex   2.132439e+01 5.316716e+00 -3.016638e+01
      vertex   2.129988e+01 5.285098e+00 -2.898573e+01
      vertex   2.132439e+01 5.316716e+00 -3.183305e+01
    endloop
  endfacet
  facet normal 7.903099e-01 -6.127073e-01 0.000000e+00
    outer loop
      vertex   2.132439e+01 5.316716e+00 -3.183305e+01
      vertex   2.129988e+01 5.285098e+00 -2.898573e+01
      vertex   2.132439e+01 5.316716e+00 -3.349972e+01
    endloop
  endfacet
  facet normal 8.601544e-01 -5.100337e-01 0.000000e+00
    outer loop
      vertex   2.132439e+01 5.316716e+00 -3.183305e+01
      vertex   2.132439e+01 5.316716e+00 -3.349972e+01
      vertex   2.136731e+01 5.389091e+00 -3.183305e+01
    endloop
  endfacet
  facet normal 8.601544e-01 -5.100337e-01 -2.721419e-16
    outer loop
      vertex   2.136731e+01 5.389091e+00 -3.016638e+01
      vertex   2.132439e+01 5.316716e+00 -3.016638e+01
      vertex   2.132439e+01 5.316716e+00 -3.183305e+01
    endloop
  endfacet
  facet normal 8.601544e-01 -5.100337e-01 -2.718005e-16
    outer loop
      vertex   2.136731e+01 5.389091e+00 -3.016638e+01
      vertex   2.132439e+01 5.316716e+00 -3.183305e+01
      vertex   2.136731e+01 5.389091e+00 -3.183305e+01
    endloop
  endfacet
  facet normal 8.601544e-01 -5.100337e-01 0.000000e+00
    outer loop
      vertex   2.132439e+01 5.316716e+00 -4.016638e+01
      vertex   2.136731e+01 5.389091e+00 -4.016638e+01
      vertex   2.136731e+01 5.389091e+00 -3.849972e+01
    endloop
  endfacet
  facet normal 9.335004e-01 -3.585763e-01 0.000000e+00
    outer loop
      vertex   2.136731e+01 5.389091e+00 -3.849972e+01
      vertex   2.136731e+01 5.389091e+00 -4.016638e+01
      vertex   2.139748e+01 5.467637e+00 -3.849972e+01
    endloop
  endfacet
  facet normal 9.335004e-01 -3.585763e-01 0.000000e+00
    outer loop
      vertex   2.136731e+01 5.389091e+00 -3.849972e+01
      vertex   2.139748e+01 5.467637e+00 -3.849972e+01
      vertex   2.139748e+01 5.467637e+00 -3.683305e+01
    endloop
  endfacet
  facet normal 9.804106e-01 -1.969644e-01 0.000000e+00
    outer loop
      vertex   2.139748e+01 5.467637e+00 -3.683305e+01
      vertex   2.139748e+01 5.467637e+00 -3.849972e+01
      vertex   2.141405e+01 5.550130e+00 -3.683305e+01
    endloop
  endfacet
  facet normal 9.804106e-01 -1.969644e-01 -2.102915e-16
    outer loop
      vertex   2.139748e+01 5.467637e+00 -3.683305e+01
      vertex   2.141405e+01 5.550130e+00 -3.683305e+01
      vertex   2.141405e+01 5.550130e+00 -3.516638e+01
    endloop
  endfacet
  facet normal 9.995566e-01 -2.977468e-02 -3.173427e-17
    outer loop
      vertex   2.141405e+01 5.550130e+00 -3.516638e+01
      vertex   2.141405e+01 5.550130e+00 -3.683305e+01
      vertex   2.141656e+01 5.634234e+00 -3.516638e+01
    endloop
  endfacet
  facet normal 9.995566e-01 -2.977468e-02 0.000000e+00
    outer loop
      vertex   2.141405e+01 5.550130e+00 -3.516638e+01
      vertex   2.141656e+01 5.634234e+00 -3.516638e+01
      vertex   2.141656e+01 5.634234e+00 -3.349972e+01
    endloop
  endfacet
  facet normal 9.903962e-01 1.382582e-01 0.000000e+00
    outer loop
      vertex   2.141656e+01 5.634234e+00 -3.349972e+01
      vertex   2.141656e+01 5.634234e+00 -3.516638e+01
      vertex   2.140492e+01 5.717567e+00 -3.349972e+01
    endloop
  endfacet
  facet normal 9.903962e-01 1.382582e-01 0.000000e+00
    outer loop
      vertex   2.141656e+01 5.634234e+00 -3.349972e+01
      vertex   2.140492e+01 5.717567e+00 -3.349972e+01
      vertex   2.140492e+01 5.717567e+00 -3.183305e+01
    endloop
  endfacet
  facet normal 9.531888e-01 3.023758e-01 0.000000e+00
    outer loop
      vertex   2.140492e+01 5.717567e+00 -3.183305e+01
      vertex   2.140492e+01 5.717567e+00 -3.349972e+01
      vertex   2.137948e+01 5.797769e+00 -3.183305e+01
    endloop
  endfacet
  facet normal 9.531888e-01 3.023758e-01 1.608111e-16
    outer loop
      vertex   2.140492e+01 5.717567e+00 -3.183305e+01
      vertex   2.137948e+01 5.797769e+00 -3.183305e+01
      vertex   2.137948e+01 5.797769e+00 -3.016638e+01
    endloop
  endfacet
  facet normal 8.889880e-01 4.579304e-01 2.440344e-16
    outer loop
      vertex   2.137948e+01 5.797769e+00 -3.016638e+01
      vertex   2.137948e+01 5.797769e+00 -3.183305e+01
      vertex   2.134095e+01 5.872570e+00 -3.016638e+01
    endloop
  endfacet
  facet normal 9.335004e-01 -3.585763e-01 0.000000e+00
    outer loop
      vertex   2.139748e+01 5.467637e+00 -3.849972e+01
      vertex   2.136731e+01 5.389091e+00 -4.016638e+01
      vertex   2.139748e+01 5.467637e+00 -4.016638e+01
    endloop
  endfacet
  facet normal 8.601544e-01 -5.100337e-01 0.000000e+00
    outer loop
      vertex   2.132439e+01 5.316716e+00 -3.516638e+01
      vertex   2.136731e+01 5.389091e+00 -3.516638e+01
      vertex   2.136731e+01 5.389091e+00 -3.349972e+01
    endloop
  endfacet
  facet normal 9.335004e-01 -3.585763e-01 0.000000e+00
    outer loop
      vertex   2.136731e+01 5.389091e+00 -3.349972e+01
      vertex   2.136731e+01 5.389091e+00 -3.516638e+01
      vertex   2.139748e+01 5.467637e+00 -3.349972e+01
    endloop
  endfacet
  facet normal 9.335004e-01 -3.585763e-01 0.000000e+00
    outer loop
      vertex   2.136731e+01 5.389091e+00 -3.349972e+01
      vertex   2.139748e+01 5.467637e+00 -3.349972e+01
      vertex   2.139748e+01 5.467637e+00 -3.183305e+01
    endloop
  endfacet
  facet normal 9.804106e-01 -1.969644e-01 0.000000e+00
    outer loop
      vertex   2.139748e+01 5.467637e+00 -3.183305e+01
      vertex   2.139748e+01 5.467637e+00 -3.349972e+01
      vertex   2.141405e+01 5.550130e+00 -3.183305e+01
    endloop
  endfacet
  facet normal 9.804106e-01 -1.969644e-01 -1.051457e-16
    outer loop
      vertex   2.139748e+01 5.467637e+00 -3.183305e+01
      vertex   2.141405e+01 5.550130e+00 -3.183305e+01
      vertex   2.141405e+01 5.550130e+00 -3.016638e+01
    endloop
  endfacet
  facet normal 9.995566e-01 -2.977468e-02 -1.586714e-17
    outer loop
      vertex   2.141405e+01 5.550130e+00 -3.016638e+01
      vertex   2.141405e+01 5.550130e+00 -3.183305e+01
      vertex   2.141656e+01 5.634234e+00 -3.016638e+01
    endloop
  endfacet
  facet normal 9.335004e-01 -3.585763e-01 0.000000e+00
    outer loop
      vertex   2.139748e+01 5.467637e+00 -3.349972e+01
      vertex   2.136731e+01 5.389091e+00 -3.516638e+01
      vertex   2.139748e+01 5.467637e+00 -3.516638e+01
    endloop
  endfacet
  facet normal 9.335004e-01 -3.585763e-01 -1.917363e-16
    outer loop
      vertex   2.139748e+01 5.467637e+00 -3.016638e+01
      vertex   2.136731e+01 5.389091e+00 -3.016638e+01
      vertex   2.136731e+01 5.389091e+00 -3.183305e+01
    endloop
  endfacet
  facet normal 9.804106e-01 -1.969644e-01 0.000000e+00
    outer loop
      vertex   2.139748e+01 5.467637e+00 -3.849972e+01
      vertex   2.139748e+01 5.467637e+00 -4.016638e+01
      vertex   2.141405e+01 5.550130e+00 -3.849972e+01
    endloop
  endfacet
  facet normal 9.804106e-01 -1.969644e-01 0.000000e+00
    outer loop
      vertex   2.141405e+01 5.550130e+00 -3.849972e+01
      vertex   2.139748e+01 5.467637e+00 -4.016638e+01
      vertex   2.141405e+01 5.550130e+00 -4.016638e+01
    endloop
  endfacet
  facet normal 9.995566e-01 -2.977468e-02 0.000000e+00
    outer loop
      vertex   2.141405e+01 5.550130e+00 -3.849972e+01
      vertex   2.141405e+01 5.550130e+00 -4.016638e+01
      vertex   2.141656e+01 5.634234e+00 -3.849972e+01
    endloop
  endfacet
  facet normal 9.995566e-01 -2.977468e-02 0.000000e+00
    outer loop
      vertex   2.141656e+01 5.634234e+00 -3.849972e+01
      vertex   2.141405e+01 5.550130e+00 -4.016638e+01
      vertex   2.141656e+01 5.634234e+00 -4.016638e+01
    endloop
  endfacet
  facet normal 9.903962e-01 1.382582e-01 0.000000e+00
    outer loop
      vertex   2.141656e+01 5.634234e+00 -3.849972e+01
      vertex   2.141656e+01 5.634234e+00 -4.016638e+01
      vertex   2.140492e+01 5.717567e+00 -3.849972e+01
    endloop
  endfacet
  facet normal 9.903962e-01 1.382582e-01 0.000000e+00
    outer loop
      vertex   2.140492e+01 5.717567e+00 -3.849972e+01
      vertex   2.141656e+01 5.634234e+00 -4.016638e+01
      vertex   2.140492e+01 5.717567e+00 -4.016638e+01
    endloop
  endfacet
  facet normal 9.531888e-01 3.023758e-01 0.000000e+00
    outer loop
      vertex   2.140492e+01 5.717567e+00 -3.849972e+01
      vertex   2.140492e+01 5.717567e+00 -4.016638e+01
      vertex   2.137948e+01 5.797769e+00 -3.849972e+01
    endloop
  endfacet
  facet normal 9.531888e-01 3.023758e-01 0.000000e+00
    outer loop
      vertex   2.137948e+01 5.797769e+00 -3.849972e+01
      vertex   2.140492e+01 5.717567e+00 -4.016638e+01
      vertex   2.137948e+01 5.797769e+00 -4.016638e+01
    endloop
  endfacet
  facet normal 8.889880e-01 4.579304e-01 0.000000e+00
    outer loop
      vertex   2.137948e+01 5.797769e+00 -3.849972e+01
      vertex   2.137948e+01 5.797769e+00 -4.016638e+01
      vertex   2.134095e+01 5.872570e+00 -3.849972e+01
    endloop
  endfacet
  facet normal 8.889880e-01 4.579304e-01 0.000000e+00
    outer loop
      vertex   2.134095e+01 5.872570e+00 -3.849972e+01
      vertex   2.137948e+01 5.797769e+00 -4.016638e+01
      vertex   2.134095e+01 5.872570e+00 -4.016638e+01
    endloop
  endfacet
  facet normal 7.996121e-01 6.005169e-01 0.000000e+00
    outer loop
      vertex   2.134095e+01 5.872570e+00 -3.849972e+01
      vertex   2.134095e+01 5.872570e+00 -4.016638e+01
      vertex   2.129042e+01 5.939850e+00 -3.849972e+01
    endloop
  endfacet
  facet normal 7.996121e-01 6.005169e-01 0.000000e+00
    outer loop
      vertex   2.129042e+01 5.939850e+00 -3.849972e+01
      vertex   2.134095e+01 5.872570e+00 -4.016638e+01
      vertex   2.129042e+01 5.939850e+00 -4.016638e+01
    endloop
  endfacet
  facet normal 6.875919e-01 7.260974e-01 0.000000e+00
    outer loop
      vertex   2.129042e+01 5.939850e+00 -3.849972e+01
      vertex   2.129042e+01 5.939850e+00 -4.016638e+01
      vertex   2.122933e+01 5.997705e+00 -3.849972e+01
    endloop
  endfacet
  facet normal 9.804106e-01 -1.969644e-01 0.000000e+00
    outer loop
      vertex   2.141405e+01 5.550130e+00 -3.183305e+01
      vertex   2.139748e+01 5.467637e+00 -3.349972e+01
      vertex   2.141405e+01 5.550130e+00 -3.349972e+01
    endloop
  endfacet
  facet normal 9.804106e-01 -1.969644e-01 0.000000e+00
    outer loop
      vertex   2.141405e+01 5.550130e+00 -3.349972e+01
      vertex   2.139748e+01 5.467637e+00 -3.349972e+01
      vertex   2.139748e+01 5.467637e+00 -3.516638e+01
    endloop
  endfacet
  facet normal 9.804106e-01 -1.969644e-01 0.000000e+00
    outer loop
      vertex   2.139748e+01 5.467637e+00 -3.849972e+01
      vertex   2.141405e+01 5.550130e+00 -3.849972e+01
      vertex   2.141405e+01 5.550130e+00 -3.683305e+01
    endloop
  endfacet
  facet normal 9.995566e-01 -2.977468e-02 0.000000e+00
    outer loop
      vertex   2.141405e+01 5.550130e+00 -3.683305e+01
      vertex   2.141405e+01 5.550130e+00 -3.849972e+01
      vertex   2.141656e+01 5.634234e+00 -3.683305e+01
    endloop
  endfacet
  facet normal 9.995566e-01 -2.977468e-02 -1.604246e-17
    outer loop
      vertex   2.141405e+01 5.550130e+00 -3.683305e+01
      vertex   2.141656e+01 5.634234e+00 -3.683305e+01
      vertex   2.141656e+01 5.634234e+00 -3.516638e+01
    endloop
  endfacet
  facet normal 9.903962e-01 1.382582e-01 7.367879e-17
    outer loop
      vertex   2.141656e+01 5.634234e+00 -3.516638e+01
      vertex   2.141656e+01 5.634234e+00 -3.683305e+01
      vertex   2.140492e+01 5.717567e+00 -3.516638e+01
    endloop
  endfacet
  facet normal 9.903962e-01 1.382582e-01 0.000000e+00
    outer loop
      vertex   2.141656e+01 5.634234e+00 -3.516638e+01
      vertex   2.140492e+01 5.717567e+00 -3.516638e+01
      vertex   2.140492e+01 5.717567e+00 -3.349972e+01
    endloop
  endfacet
  facet normal 9.531888e-01 3.023758e-01 0.000000e+00
    outer loop
      vertex   2.140492e+01 5.717567e+00 -3.349972e+01
      vertex   2.140492e+01 5.717567e+00 -3.516638e+01
      vertex   2.137948e+01 5.797769e+00 -3.349972e+01
    endloop
  endfacet
  facet normal 9.531888e-01 3.023758e-01 0.000000e+00
    outer loop
      vertex   2.140492e+01 5.717567e+00 -3.349972e+01
      vertex   2.137948e+01 5.797769e+00 -3.349972e+01
      vertex   2.137948e+01 5.797769e+00 -3.183305e+01
    endloop
  endfacet
  facet normal 8.889880e-01 4.579304e-01 0.000000e+00
    outer loop
      vertex   2.137948e+01 5.797769e+00 -3.183305e+01
      vertex   2.137948e+01 5.797769e+00 -3.349972e+01
      vertex   2.134095e+01 5.872570e+00 -3.183305e+01
    endloop
  endfacet
  facet normal 8.889880e-01 4.579304e-01 4.886184e-16
    outer loop
      vertex   2.137948e+01 5.797769e+00 -3.183305e+01
      vertex   2.134095e+01 5.872570e+00 -3.183305e+01
      vertex   2.134095e+01 5.872570e+00 -3.016638e+01
    endloop
  endfacet
  facet normal 7.996121e-01 6.005169e-01 6.400394e-16
    outer loop
      vertex   2.134095e+01 5.872570e+00 -3.016638e+01
      vertex   2.134095e+01 5.872570e+00 -3.183305e+01
      vertex   2.129042e+01 5.939850e+00 -3.016638e+01
    endloop
  endfacet
  facet normal 9.995566e-01 -2.977468e-02 0.000000e+00
    outer loop
      vertex   2.141656e+01 5.634234e+00 -3.683305e+01
      vertex   2.141405e+01 5.550130e+00 -3.849972e+01
      vertex   2.141656e+01 5.634234e+00 -3.849972e+01
    endloop
  endfacet
  facet normal 9.995566e-01 -2.977468e-02 -1.586714e-17
    outer loop
      vertex   2.141656e+01 5.634234e+00 -3.016638e+01
      vertex   2.141405e+01 5.550130e+00 -3.183305e+01
      vertex   2.141656e+01 5.634234e+00 -3.183305e+01
    endloop
  endfacet
  facet normal 9.995566e-01 -2.977468e-02 0.000000e+00
    outer loop
      vertex   2.141656e+01 5.634234e+00 -3.183305e+01
      vertex   2.141405e+01 5.550130e+00 -3.183305e+01
      vertex   2.141405e+01 5.550130e+00 -3.349972e+01
    endloop
  endfacet
  facet normal 9.903962e-01 1.382582e-01 0.000000e+00
    outer loop
      vertex   2.141656e+01 5.634234e+00 -3.683305e+01
      vertex   2.141656e+01 5.634234e+00 -3.849972e+01
      vertex   2.140492e+01 5.717567e+00 -3.683305e+01
    endloop
  endfacet
  facet normal 9.903962e-01 1.382582e-01 0.000000e+00
    outer loop
      vertex   2.140492e+01 5.717567e+00 -3.683305e+01
      vertex   2.141656e+01 5.634234e+00 -3.849972e+01
      vertex   2.140492e+01 5.717567e+00 -3.849972e+01
    endloop
  endfacet
  facet normal 9.531888e-01 3.023758e-01 0.000000e+00
    outer loop
      vertex   2.140492e+01 5.717567e+00 -3.683305e+01
      vertex   2.140492e+01 5.717567e+00 -3.849972e+01
      vertex   2.137948e+01 5.797769e+00 -3.683305e+01
    endloop
  endfacet
  facet normal 9.531888e-01 3.023758e-01 0.000000e+00
    outer loop
      vertex   2.137948e+01 5.797769e+00 -3.683305e+01
      vertex   2.140492e+01 5.717567e+00 -3.849972e+01
      vertex   2.137948e+01 5.797769e+00 -3.849972e+01
    endloop
  endfacet
  facet normal 8.889880e-01 4.579304e-01 0.000000e+00
    outer loop
      vertex   2.137948e+01 5.797769e+00 -3.683305e+01
      vertex   2.137948e+01 5.797769e+00 -3.849972e+01
      vertex   2.134095e+01 5.872570e+00 -3.683305e+01
    endloop
  endfacet
  facet normal 8.889880e-01 4.579304e-01 0.000000e+00
    outer loop
      vertex   2.134095e+01 5.872570e+00 -3.683305e+01
      vertex   2.137948e+01 5.797769e+00 -3.849972e+01
      vertex   2.134095e+01 5.872570e+00 -3.849972e+01
    endloop
  endfacet
  facet normal 7.996121e-01 6.005169e-01 0.000000e+00
    outer loop
      vertex   2.134095e+01 5.872570e+00 -3.683305e+01
      vertex   2.134095e+01 5.872570e+00 -3.849972e+01
      vertex   2.129042e+01 5.939850e+00 -3.683305e+01
    endloop
  endfacet
  facet normal 7.996121e-01 6.005169e-01 0.000000e+00
    outer loop
      vertex   2.129042e+01 5.939850e+00 -3.683305e+01
      vertex   2.134095e+01 5.872570e+00 -3.849972e+01
      vertex   2.129042e+01 5.939850e+00 -3.849972e+01
    endloop
  endfacet
  facet normal 6.875919e-01 7.260974e-01 0.000000e+00
    outer loop
      vertex   2.129042e+01 5.939850e+00 -3.683305e+01
      vertex   2.129042e+01 5.939850e+00 -3.849972e+01
      vertex   2.122933e+01 5.997705e+00 -3.683305e+01
    endloop
  endfacet
  facet normal 6.875919e-01 7.260974e-01 0.000000e+00
    outer loop
      vertex   2.122933e+01 5.997705e+00 -3.683305e+01
      vertex   2.129042e+01 5.939850e+00 -3.849972e+01
      vertex   2.122933e+01 5.997705e+00 -3.849972e+01
    endloop
  endfacet
  facet normal 5.560998e-01 8.311155e-01 0.000000e+00
    outer loop
      vertex   2.122933e+01 5.997705e+00 -3.683305e+01
      vertex   2.122933e+01 5.997705e+00 -3.849972e+01
      vertex   2.115940e+01 6.044496e+00 -3.683305e+01
    endloop
  endfacet
  facet normal 9.903962e-01 1.382582e-01 7.344739e-17
    outer loop
      vertex   2.140492e+01 5.717567e+00 -3.016638e+01
      vertex   2.141656e+01 5.634234e+00 -3.016638e+01
      vertex   2.141656e+01 5.634234e+00 -3.183305e+01
    endloop
  endfacet
  facet normal 9.903962e-01 1.382582e-01 7.344739e-17
    outer loop
      vertex   2.141656e+01 5.634234e+00 -3.683305e+01
      vertex   2.140492e+01 5.717567e+00 -3.683305e+01
      vertex   2.140492e+01 5.717567e+00 -3.516638e+01
    endloop
  endfacet
  facet normal 9.531888e-01 3.023758e-01 1.611382e-16
    outer loop
      vertex   2.140492e+01 5.717567e+00 -3.516638e+01
      vertex   2.140492e+01 5.717567e+00 -3.683305e+01
      vertex   2.137948e+01 5.797769e+00 -3.516638e+01
    endloop
  endfacet
  facet normal 9.531888e-01 3.023758e-01 0.000000e+00
    outer loop
      vertex   2.140492e+01 5.717567e+00 -3.516638e+01
      vertex   2.137948e+01 5.797769e+00 -3.516638e+01
      vertex   2.137948e+01 5.797769e+00 -3.349972e+01
    endloop
  endfacet
  facet normal 8.889880e-01 4.579304e-01 0.000000e+00
    outer loop
      vertex   2.137948e+01 5.797769e+00 -3.349972e+01
      vertex   2.137948e+01 5.797769e+00 -3.516638e+01
      vertex   2.134095e+01 5.872570e+00 -3.349972e+01
    endloop
  endfacet
  facet normal 8.889880e-01 4.579304e-01 0.000000e+00
    outer loop
      vertex   2.137948e+01 5.797769e+00 -3.349972e+01
      vertex   2.134095e+01 5.872570e+00 -3.349972e+01
      vertex   2.134095e+01 5.872570e+00 -3.183305e+01
    endloop
  endfacet
  facet normal 7.996121e-01 6.005169e-01 0.000000e+00
    outer loop
      vertex   2.134095e+01 5.872570e+00 -3.183305e+01
      vertex   2.134095e+01 5.872570e+00 -3.349972e+01
      vertex   2.129042e+01 5.939850e+00 -3.183305e+01
    endloop
  endfacet
  facet normal 7.996121e-01 6.005169e-01 6.401520e-16
    outer loop
      vertex   2.134095e+01 5.872570e+00 -3.183305e+01
      vertex   2.129042e+01 5.939850e+00 -3.183305e+01
      vertex   2.129042e+01 5.939850e+00 -3.016638e+01
    endloop
  endfacet
  facet normal 6.875919e-01 7.260974e-01 7.738848e-16
    outer loop
      vertex   2.129042e+01 5.939850e+00 -3.016638e+01
      vertex   2.129042e+01 5.939850e+00 -3.183305e+01
      vertex   2.122933e+01 5.997705e+00 -3.016638e+01
    endloop
  endfacet
  facet normal 9.531888e-01 3.023758e-01 1.611382e-16
    outer loop
      vertex   2.137948e+01 5.797769e+00 -3.516638e+01
      vertex   2.140492e+01 5.717567e+00 -3.683305e+01
      vertex   2.137948e+01 5.797769e+00 -3.683305e+01
    endloop
  endfacet
  facet normal 8.889880e-01 4.579304e-01 2.440344e-16
    outer loop
      vertex   2.137948e+01 5.797769e+00 -3.516638e+01
      vertex   2.137948e+01 5.797769e+00 -3.683305e+01
      vertex   2.134095e+01 5.872570e+00 -3.516638e+01
    endloop
  endfacet
  facet normal 8.889880e-01 4.579304e-01 2.440344e-16
    outer loop
      vertex   2.134095e+01 5.872570e+00 -3.516638e+01
      vertex   2.137948e+01 5.797769e+00 -3.683305e+01
      vertex   2.134095e+01 5.872570e+00 -3.683305e+01
    endloop
  endfacet
  facet normal 7.996121e-01 6.005169e-01 3.200197e-16
    outer loop
      vertex   2.134095e+01 5.872570e+00 -3.516638e+01
      vertex   2.134095e+01 5.872570e+00 -3.683305e+01
      vertex   2.129042e+01 5.939850e+00 -3.516638e+01
    endloop
  endfacet
  facet normal 7.996121e-01 6.005169e-01 3.200197e-16
    outer loop
      vertex   2.129042e+01 5.939850e+00 -3.516638e+01
      vertex   2.134095e+01 5.872570e+00 -3.683305e+01
      vertex   2.129042e+01 5.939850e+00 -3.683305e+01
    endloop
  endfacet
  facet normal 6.875919e-01 7.260974e-01 3.869424e-16
    outer loop
      vertex   2.129042e+01 5.939850e+00 -3.516638e+01
      vertex   2.129042e+01 5.939850e+00 -3.683305e+01
      vertex   2.122933e+01 5.997705e+00 -3.516638e+01
    endloop
  endfacet
  facet normal 6.875919e-01 7.260974e-01 3.869424e-16
    outer loop
      vertex   2.122933e+01 5.997705e+00 -3.516638e+01
      vertex   2.129042e+01 5.939850e+00 -3.683305e+01
      vertex   2.122933e+01 5.997705e+00 -3.683305e+01
    endloop
  endfacet
  facet normal 5.560998e-01 8.311155e-01 4.429073e-16
    outer loop
      vertex   2.122933e+01 5.997705e+00 -3.516638e+01
      vertex   2.122933e+01 5.997705e+00 -3.683305e+01
      vertex   2.115940e+01 6.044496e+00 -3.516638e+01
    endloop
  endfacet
  facet normal 5.560998e-01 8.311155e-01 4.429073e-16
    outer loop
      vertex   2.115940e+01 6.044496e+00 -3.516638e+01
      vertex   2.122933e+01 5.997705e+00 -3.683305e+01
      vertex   2.115940e+01 6.044496e+00 -3.683305e+01
    endloop
  endfacet
  facet normal 4.088596e-01 9.125973e-01 4.863295e-16
    outer loop
      vertex   2.115940e+01 6.044496e+00 -3.516638e+01
      vertex   2.115940e+01 6.044496e+00 -3.683305e+01
      vertex   2.108261e+01 6.078898e+00 -3.516638e+01
    endloop
  endfacet
  facet normal 8.889880e-01 4.579304e-01 0.000000e+00
    outer loop
      vertex   2.137948e+01 5.797769e+00 -3.516638e+01
      vertex   2.134095e+01 5.872570e+00 -3.516638e+01
      vertex   2.134095e+01 5.872570e+00 -3.349972e+01
    endloop
  endfacet
  facet normal 7.996121e-01 6.005169e-01 0.000000e+00
    outer loop
      vertex   2.134095e+01 5.872570e+00 -3.349972e+01
      vertex   2.134095e+01 5.872570e+00 -3.516638e+01
      vertex   2.129042e+01 5.939850e+00 -3.349972e+01
    endloop
  endfacet
  facet normal 7.996121e-01 6.005169e-01 0.000000e+00
    outer loop
      vertex   2.134095e+01 5.872570e+00 -3.349972e+01
      vertex   2.129042e+01 5.939850e+00 -3.349972e+01
      vertex   2.129042e+01 5.939850e+00 -3.183305e+01
    endloop
  endfacet
  facet normal 6.875919e-01 7.260974e-01 0.000000e+00
    outer loop
      vertex   2.129042e+01 5.939850e+00 -3.183305e+01
      vertex   2.129042e+01 5.939850e+00 -3.349972e+01
      vertex   2.122933e+01 5.997705e+00 -3.183305e+01
    endloop
  endfacet
  facet normal 6.875919e-01 7.260974e-01 3.865652e-16
    outer loop
      vertex   2.129042e+01 5.939850e+00 -3.183305e+01
      vertex   2.122933e+01 5.997705e+00 -3.183305e+01
      vertex   2.122933e+01 5.997705e+00 -3.016638e+01
    endloop
  endfacet
  facet normal 5.560998e-01 8.311155e-01 4.429073e-16
    outer loop
      vertex   2.122933e+01 5.997705e+00 -3.016638e+01
      vertex   2.122933e+01 5.997705e+00 -3.183305e+01
      vertex   2.115940e+01 6.044496e+00 -3.016638e+01
    endloop
  endfacet
  facet normal 7.996121e-01 6.005169e-01 0.000000e+00
    outer loop
      vertex   2.129042e+01 5.939850e+00 -3.349972e+01
      vertex   2.134095e+01 5.872570e+00 -3.516638e+01
      vertex   2.129042e+01 5.939850e+00 -3.516638e+01
    endloop
  endfacet
  facet normal 6.875919e-01 7.260974e-01 0.000000e+00
    outer loop
      vertex   2.129042e+01 5.939850e+00 -3.349972e+01
      vertex   2.129042e+01 5.939850e+00 -3.516638e+01
      vertex   2.122933e+01 5.997705e+00 -3.349972e+01
    endloop
  endfacet
  facet normal 6.875919e-01 7.260974e-01 0.000000e+00
    outer loop
      vertex   2.122933e+01 5.997705e+00 -3.349972e+01
      vertex   2.129042e+01 5.939850e+00 -3.516638e+01
      vertex   2.122933e+01 5.997705e+00 -3.516638e+01
    endloop
  endfacet
  facet normal 5.560998e-01 8.311155e-01 0.000000e+00
    outer loop
      vertex   2.122933e+01 5.997705e+00 -3.349972e+01
      vertex   2.122933e+01 5.997705e+00 -3.516638e+01
      vertex   2.115940e+01 6.044496e+00 -3.349972e+01
    endloop
  endfacet
  facet normal 5.560998e-01 8.311155e-01 0.000000e+00
    outer loop
      vertex   2.115940e+01 6.044496e+00 -3.349972e+01
      vertex   2.122933e+01 5.997705e+00 -3.516638e+01
      vertex   2.115940e+01 6.044496e+00 -3.516638e+01
    endloop
  endfacet
  facet normal 4.088596e-01 9.125973e-01 0.000000e+00
    outer loop
      vertex   2.115940e+01 6.044496e+00 -3.349972e+01
      vertex   2.115940e+01 6.044496e+00 -3.516638e+01
      vertex   2.108261e+01 6.078898e+00 -3.349972e+01
    endloop
  endfacet
  facet normal 4.088596e-01 9.125973e-01 0.000000e+00
    outer loop
      vertex   2.108261e+01 6.078898e+00 -3.349972e+01
      vertex   2.115940e+01 6.044496e+00 -3.516638e+01
      vertex   2.108261e+01 6.078898e+00 -3.516638e+01
    endloop
  endfacet
  facet normal 2.500408e-01 9.682353e-01 0.000000e+00
    outer loop
      vertex   2.108261e+01 6.078898e+00 -3.349972e+01
      vertex   2.108261e+01 6.078898e+00 -3.516638e+01
      vertex   2.100114e+01 6.099936e+00 -3.349972e+01
    endloop
  endfacet
  facet normal 6.875919e-01 7.260974e-01 0.000000e+00
    outer loop
      vertex   2.129042e+01 5.939850e+00 -3.349972e+01
      vertex   2.122933e+01 5.997705e+00 -3.349972e+01
      vertex   2.122933e+01 5.997705e+00 -3.183305e+01
    endloop
  endfacet
  facet normal 5.560998e-01 8.311155e-01 0.000000e+00
    outer loop
      vertex   2.122933e+01 5.997705e+00 -3.183305e+01
      vertex   2.122933e+01 5.997705e+00 -3.349972e+01
      vertex   2.115940e+01 6.044496e+00 -3.183305e+01
    endloop
  endfacet
  facet normal 5.560998e-01 8.311155e-01 4.422306e-16
    outer loop
      vertex   2.122933e+01 5.997705e+00 -3.183305e+01
      vertex   2.115940e+01 6.044496e+00 -3.183305e+01
      vertex   2.115940e+01 6.044496e+00 -3.016638e+01
    endloop
  endfacet
  facet normal 4.088596e-01 9.125973e-01 4.863295e-16
    outer loop
      vertex   2.115940e+01 6.044496e+00 -3.016638e+01
      vertex   2.115940e+01 6.044496e+00 -3.183305e+01
      vertex   2.108261e+01 6.078898e+00 -3.016638e+01
    endloop
  endfacet
  facet normal 5.560998e-01 8.311155e-01 0.000000e+00
    outer loop
      vertex   2.115940e+01 6.044496e+00 -3.183305e+01
      vertex   2.122933e+01 5.997705e+00 -3.349972e+01
      vertex   2.115940e+01 6.044496e+00 -3.349972e+01
    endloop
  endfacet
  facet normal 4.088596e-01 9.125973e-01 0.000000e+00
    outer loop
      vertex   2.108261e+01 6.078898e+00 -3.683305e+01
      vertex   2.115940e+01 6.044496e+00 -3.849972e+01
      vertex   2.108261e+01 6.078898e+00 -3.849972e+01
    endloop
  endfacet
  facet normal 4.088596e-01 9.125973e-01 0.000000e+00
    outer loop
      vertex   2.115940e+01 6.044496e+00 -3.183305e+01
      vertex   2.115940e+01 6.044496e+00 -3.349972e+01
      vertex   2.108261e+01 6.078898e+00 -3.183305e+01
    endloop
  endfacet
  facet normal 4.088596e-01 9.125973e-01 0.000000e+00
    outer loop
      vertex   2.108261e+01 6.078898e+00 -3.183305e+01
      vertex   2.115940e+01 6.044496e+00 -3.349972e+01
      vertex   2.108261e+01 6.078898e+00 -3.349972e+01
    endloop
  endfacet
  facet normal 2.500408e-01 9.682353e-01 0.000000e+00
    outer loop
      vertex   2.108261e+01 6.078898e+00 -3.183305e+01
      vertex   2.108261e+01 6.078898e+00 -3.349972e+01
      vertex   2.100114e+01 6.099936e+00 -3.183305e+01
    endloop
  endfacet
  facet normal 2.500408e-01 9.682353e-01 0.000000e+00
    outer loop
      vertex   2.100114e+01 6.099936e+00 -3.183305e+01
      vertex   2.108261e+01 6.078898e+00 -3.349972e+01
      vertex   2.100114e+01 6.099936e+00 -3.349972e+01
    endloop
  endfacet
  facet normal 2.500408e-01 9.682353e-01 5.159794e-16
    outer loop
      vertex   2.100114e+01 6.099936e+00 -3.516638e+01
      vertex   2.108261e+01 6.078898e+00 -3.683305e+01
      vertex   2.100114e+01 6.099936e+00 -3.683305e+01
    endloop
  endfacet
  facet normal 2.500408e-01 9.682353e-01 0.000000e+00
    outer loop
      vertex   2.100114e+01 6.099936e+00 -3.683305e+01
      vertex   2.108261e+01 6.078898e+00 -3.683305e+01
      vertex   2.108261e+01 6.078898e+00 -3.849972e+01
    endloop
  endfacet
  facet normal 2.500408e-01 9.682353e-01 5.164511e-16
    outer loop
      vertex   2.100114e+01 6.099936e+00 -3.016638e+01
      vertex   2.108261e+01 6.078898e+00 -3.016638e+01
      vertex   2.108261e+01 6.078898e+00 -3.183305e+01
    endloop
  endfacet
  facet normal 4.088596e-01 9.125973e-01 4.863295e-16
    outer loop
      vertex   2.108261e+01 6.078898e+00 -3.183305e+01
      vertex   2.108261e+01 6.078898e+00 -3.016638e+01
      vertex   2.115940e+01 6.044496e+00 -3.183305e+01
    endloop
  endfacet
  facet normal 2.500408e-01 9.682353e-01 5.159794e-16
    outer loop
      vertex   2.100114e+01 6.099936e+00 -3.016638e+01
      vertex   2.108261e+01 6.078898e+00 -3.183305e+01
      vertex   2.100114e+01 6.099936e+00 -3.183305e+01
    endloop
  endfacet
  facet normal 8.679067e-02 9.962266e-01 5.310241e-16
    outer loop
      vertex   2.091937e+01 6.107060e+00 -2.854442e+01
      vertex   2.100114e+01 6.099936e+00 -3.516638e+01
      vertex   2.100114e+01 6.099936e+00 -3.683305e+01
    endloop
  endfacet
  facet normal 9.989229e-01 1.435456e-03 -4.637779e-02
    outer loop
      vertex   2.091937e+01 6.107060e+00 -4.345501e+01
      vertex   2.092345e+01 4.351698e+00 -4.342152e+01
      vertex   2.091730e+01 6.107016e+00 -4.349972e+01
    endloop
  endfacet
  facet normal 9.957700e-01 -6.026604e-04 -9.187858e-02
    outer loop
      vertex   2.091730e+01 6.107016e+00 -4.349972e+01
      vertex   2.092345e+01 4.351698e+00 -4.342152e+01
      vertex   2.091931e+01 2.599824e+00 -4.345489e+01
    endloop
  endfacet
  facet normal 9.977363e-01 -2.867099e-04 -6.724787e-02
    outer loop
      vertex   2.091730e+01 6.107016e+00 -4.349972e+01
      vertex   2.091931e+01 2.599824e+00 -4.345489e+01
      vertex   2.091780e+01 2.597209e+00 -4.347728e+01
    endloop
  endfacet
  facet normal 9.906602e-01 -3.006640e-04 -1.363534e-01
    outer loop
      vertex   2.091937e+01 6.107060e+00 -4.345501e+01
      vertex   2.092561e+01 6.107041e+00 -4.340971e+01
      vertex   2.092345e+01 4.351698e+00 -4.342152e+01
    endloop
  endfacet
  facet normal 9.744493e-01 3.128293e-04 -2.246073e-01
    outer loop
      vertex   2.092345e+01 4.351698e+00 -4.342152e+01
      vertex   2.092561e+01 6.107041e+00 -4.340971e+01
      vertex   2.093602e+01 6.106733e+00 -4.336455e+01
    endloop
  endfacet
  facet normal 9.723823e-01 6.127906e-04 -2.333931e-01
    outer loop
      vertex   2.092345e+01 4.351698e+00 -4.342152e+01
      vertex   2.093602e+01 6.106733e+00 -4.336455e+01
      vertex   2.094176e+01 4.351698e+00 -4.334524e+01
    endloop
  endfacet
  facet normal 9.497121e-01 -3.386998e-04 -3.131242e-01
    outer loop
      vertex   2.094176e+01 4.351698e+00 -4.334524e+01
      vertex   2.093602e+01 6.106733e+00 -4.336455e+01
      vertex   2.095061e+01 6.105911e+00 -4.332028e+01
    endloop
  endfacet
  facet normal 9.239135e-01 7.799982e-04 -3.826007e-01
    outer loop
      vertex   2.094176e+01 4.351698e+00 -4.334524e+01
      vertex   2.095061e+01 6.105911e+00 -4.332028e+01
      vertex   2.097177e+01 4.351698e+00 -4.327277e+01
    endloop
  endfacet
  facet normal 9.153554e-01 1.338077e-04 -4.026468e-01
    outer loop
      vertex   2.097177e+01 4.351698e+00 -4.327277e+01
      vertex   2.095061e+01 6.105911e+00 -4.332028e+01
      vertex   2.096937e+01 6.104290e+00 -4.327763e+01
    endloop
  endfacet
  facet normal 8.734322e-01 -1.574044e-04 -4.869458e-01
    outer loop
      vertex   2.097177e+01 4.351698e+00 -4.327277e+01
      vertex   2.096937e+01 6.104290e+00 -4.327763e+01
      vertex   2.099192e+01 6.101390e+00 -4.323719e+01
    endloop
  endfacet
  facet normal 8.261281e-01 -5.639091e-04 -5.634820e-01
    outer loop
      vertex   2.101766e+01 6.096812e+00 -4.319944e+01
      vertex   2.100393e+01 4.693257e+00 -4.321818e+01
      vertex   2.099192e+01 6.101390e+00 -4.323719e+01
    endloop
  endfacet
  facet normal 8.381852e-01 -2.168893e-04 -5.453857e-01
    outer loop
      vertex   2.099192e+01 6.101390e+00 -4.323719e+01
      vertex   2.100393e+01 4.693257e+00 -4.321818e+01
      vertex   2.100052e+01 4.647670e+00 -4.322340e+01
    endloop
  endfacet
  facet normal 8.487629e-01 3.128344e-06 -5.287737e-01
    outer loop
      vertex   2.099192e+01 6.101390e+00 -4.323719e+01
      vertex   2.100052e+01 4.647670e+00 -4.322340e+01
      vertex   2.099937e+01 4.601676e+00 -4.322524e+01
    endloop
  endfacet
  facet normal 7.731434e-01 -3.577642e-04 -6.342311e-01
    outer loop
      vertex   2.104600e+01 6.090159e+00 -4.316489e+01
      vertex   2.103955e+01 4.870368e+00 -4.317208e+01
      vertex   2.101766e+01 6.096812e+00 -4.319944e+01
    endloop
  endfacet
  facet normal 7.762609e-01 -2.169271e-04 -6.304117e-01
    outer loop
      vertex   2.101766e+01 6.096812e+00 -4.319944e+01
      vertex   2.103955e+01 4.870368e+00 -4.317208e+01
      vertex   2.101741e+01 4.782975e+00 -4.319930e+01
    endloop
  endfacet
  facet normal 8.142129e-01 -2.191864e-04 -5.805664e-01
    outer loop
      vertex   2.101766e+01 6.096812e+00 -4.319944e+01
      vertex   2.101741e+01 4.782975e+00 -4.319930e+01
      vertex   2.100393e+01 4.693257e+00 -4.321818e+01
    endloop
  endfacet
  facet normal 7.246667e-01 2.220069e-04 -6.890995e-01
    outer loop
      vertex   2.103955e+01 4.870368e+00 -4.317208e+01
      vertex   2.104600e+01 6.090159e+00 -4.316489e+01
      vertex   2.107006e+01 4.954972e+00 -4.313995e+01
    endloop
  endfacet
  facet normal 7.129331e-01 -2.932346e-04 -7.012319e-01
    outer loop
      vertex   2.107006e+01 4.954972e+00 -4.313995e+01
      vertex   2.104600e+01 6.090159e+00 -4.316489e+01
      vertex   2.107659e+01 6.080957e+00 -4.313379e+01
    endloop
  endfacet
  facet normal 6.541265e-01 3.490876e-04 -7.563851e-01
    outer loop
      vertex   2.107006e+01 4.954972e+00 -4.313995e+01
      vertex   2.107659e+01 6.080957e+00 -4.313379e+01
      vertex   2.110881e+01 5.036282e+00 -4.310641e+01
    endloop
  endfacet
  facet normal 6.476311e-01 2.791001e-06 -7.619540e-01
    outer loop
      vertex   2.110881e+01 5.036282e+00 -4.310641e+01
      vertex   2.107659e+01 6.080957e+00 -4.313379e+01
      vertex   2.111062e+01 6.068110e+00 -4.310487e+01
    endloop
  endfacet
  facet normal 5.784608e-01 2.051314e-04 -8.157102e-01
    outer loop
      vertex   2.110881e+01 5.036282e+00 -4.310641e+01
      vertex   2.111062e+01 6.068110e+00 -4.310487e+01
      vertex   2.114693e+01 6.051161e+00 -4.307912e+01
    endloop
  endfacet
  facet normal 5.695510e-01 7.077900e-04 -8.219557e-01
    outer loop
      vertex   2.110881e+01 5.036282e+00 -4.310641e+01
      vertex   2.114693e+01 6.051161e+00 -4.307912e+01
      vertex   2.115539e+01 5.113535e+00 -4.307407e+01
    endloop
  endfacet
  facet normal 5.039053e-01 -1.098474e-04 -8.637589e-01
    outer loop
      vertex   2.115539e+01 5.113535e+00 -4.307407e+01
      vertex   2.114693e+01 6.051161e+00 -4.307912e+01
      vertex   2.118362e+01 6.030132e+00 -4.305772e+01
    endloop
  endfacet
  facet normal 4.714891e-01 1.211419e-03 -8.818711e-01
    outer loop
      vertex   2.115539e+01 5.113535e+00 -4.307407e+01
      vertex   2.118362e+01 6.030132e+00 -4.305772e+01
      vertex   2.120927e+01 5.185891e+00 -4.304516e+01
    endloop
  endfacet
  facet normal 4.332308e-01 -2.398755e-04 -9.012830e-01
    outer loop
      vertex   2.120927e+01 5.185891e+00 -4.304516e+01
      vertex   2.118362e+01 6.030132e+00 -4.305772e+01
      vertex   2.121864e+01 6.006005e+00 -4.304088e+01
    endloop
  endfacet
  facet normal 3.650909e-01 6.936522e-04 -9.309716e-01
    outer loop
      vertex   2.120927e+01 5.185891e+00 -4.304516e+01
      vertex   2.121864e+01 6.006005e+00 -4.304088e+01
      vertex   2.125137e+01 5.979013e+00 -4.302806e+01
    endloop
  endfacet
  facet normal 3.564999e-01 1.221346e-03 -9.342946e-01
    outer loop
      vertex   2.120927e+01 5.185891e+00 -4.304516e+01
      vertex   2.125137e+01 5.979013e+00 -4.302806e+01
      vertex   2.126995e+01 5.252563e+00 -4.302192e+01
    endloop
  endfacet
  facet normal 3.005406e-01 -3.741736e-04 -9.537690e-01
    outer loop
      vertex   2.126995e+01 5.252563e+00 -4.302192e+01
      vertex   2.125137e+01 5.979013e+00 -4.302806e+01
      vertex   2.128254e+01 5.948472e+00 -4.301823e+01
    endloop
  endfacet
  facet normal 2.645445e-01 3.332592e-04 -9.643734e-01
    outer loop
      vertex   2.126995e+01 5.252563e+00 -4.302192e+01
      vertex   2.128254e+01 5.948472e+00 -4.301823e+01
      vertex   2.129988e+01 5.285098e+00 -4.301370e+01
    endloop
  endfacet
  facet normal 2.406762e-01 -3.332474e-04 -9.706054e-01
    outer loop
      vertex   2.129988e+01 5.285098e+00 -4.301370e+01
      vertex   2.128254e+01 5.948472e+00 -4.301823e+01
      vertex   2.131148e+01 5.914612e+00 -4.301104e+01
    endloop
  endfacet
  facet normal 2.073530e-01 3.133175e-04 -9.782661e-01
    outer loop
      vertex   2.129988e+01 5.285098e+00 -4.301370e+01
      vertex   2.131148e+01 5.914612e+00 -4.301104e+01
      vertex   2.132724e+01 5.320772e+00 -4.300789e+01
    endloop
  endfacet
  facet normal 1.851808e-01 -2.985387e-04 -9.827044e-01
    outer loop
      vertex   2.132724e+01 5.320772e+00 -4.300789e+01
      vertex   2.131148e+01 5.914612e+00 -4.301104e+01
      vertex   2.133764e+01 5.877757e+00 -4.300610e+01
    endloop
  endfacet
  facet normal 1.553090e-01 2.757318e-04 -9.878659e-01
    outer loop
      vertex   2.132724e+01 5.320772e+00 -4.300789e+01
      vertex   2.133764e+01 5.877757e+00 -4.300610e+01
      vertex   2.135155e+01 5.359182e+00 -4.300406e+01
    endloop
  endfacet
  facet normal 1.358228e-01 -2.581573e-04 -9.907331e-01
    outer loop
      vertex   2.135155e+01 5.359182e+00 -4.300406e+01
      vertex   2.133764e+01 5.877757e+00 -4.300610e+01
      vertex   2.136056e+01 5.838353e+00 -4.300294e+01
    endloop
  endfacet
  facet normal 1.108592e-01 2.187290e-04 -9.938361e-01
    outer loop
      vertex   2.135155e+01 5.359182e+00 -4.300406e+01
      vertex   2.136056e+01 5.838353e+00 -4.300294e+01
      vertex   2.137236e+01 5.399882e+00 -4.300173e+01
    endloop
  endfacet
  facet normal 9.628473e-02 -1.776123e-04 -9.953538e-01
    outer loop
      vertex   2.137236e+01 5.399882e+00 -4.300173e+01
      vertex   2.136056e+01 5.838353e+00 -4.300294e+01
      vertex   2.137981e+01 5.796826e+00 -4.300108e+01
    endloop
  endfacet
  facet normal 7.786541e-02 1.708263e-04 -9.969639e-01
    outer loop
      vertex   2.137236e+01 5.399882e+00 -4.300173e+01
      vertex   2.137981e+01 5.796826e+00 -4.300108e+01
      vertex   2.138931e+01 5.442451e+00 -4.300039e+01
    endloop
  endfacet
  facet normal 6.513464e-02 -1.722224e-04 -9.978765e-01
    outer loop
      vertex   2.138931e+01 5.442451e+00 -4.300039e+01
      vertex   2.137981e+01 5.796826e+00 -4.300108e+01
      vertex   2.139514e+01 5.753647e+00 -4.300007e+01
    endloop
  endfacet
  facet normal 4.702179e-02 1.683631e-04 -9.988938e-01
    outer loop
      vertex   2.138931e+01 5.442451e+00 -4.300039e+01
      vertex   2.139514e+01 5.753647e+00 -4.300007e+01
      vertex   2.140231e+01 5.486328e+00 -4.299977e+01
    endloop
  endfacet
  facet normal 3.439506e-02 -1.709013e-04 -9.994083e-01
    outer loop
      vertex   2.140231e+01 5.486328e+00 -4.299977e+01
      vertex   2.139514e+01 5.753647e+00 -4.300007e+01
      vertex   2.140651e+01 5.709401e+00 -4.299967e+01
    endloop
  endfacet
  facet normal 1.648663e-02 1.659381e-04 -9.998641e-01
    outer loop
      vertex   2.140231e+01 5.486328e+00 -4.299977e+01
      vertex   2.140651e+01 5.709401e+00 -4.299967e+01
      vertex   2.141132e+01 5.530930e+00 -4.299962e+01
    endloop
  endfacet
  facet normal 4.015288e-03 -1.702561e-04 -9.999919e-01
    outer loop
      vertex   2.141132e+01 5.530930e+00 -4.299962e+01
      vertex   2.140651e+01 5.709401e+00 -4.299967e+01
      vertex   2.141385e+01 5.664671e+00 -4.299963e+01
    endloop
  endfacet
  facet normal -1.351429e-02 1.615836e-04 -9.999087e-01
    outer loop
      vertex   2.141132e+01 5.530930e+00 -4.299962e+01
      vertex   2.141385e+01 5.664671e+00 -4.299963e+01
      vertex   2.141627e+01 5.575671e+00 -4.299968e+01
    endloop
  endfacet
  facet normal -2.564158e-02 -1.683298e-04 -9.996712e-01
    outer loop
      vertex   2.141627e+01 5.575671e+00 -4.299968e+01
      vertex   2.141385e+01 5.664671e+00 -4.299963e+01
      vertex   2.141712e+01 5.620042e+00 -4.299971e+01
    endloop
  endfacet
  facet normal 8.641161e-01 2.823374e-04 -5.032925e-01
    outer loop
      vertex   2.099192e+01 6.101390e+00 -4.323719e+01
      vertex   2.099937e+01 4.601676e+00 -4.322524e+01
      vertex   2.097177e+01 4.351698e+00 -4.327277e+01
    endloop
  endfacet
  facet normal 8.620067e-01 1.200278e-03 -5.068955e-01
    outer loop
      vertex   2.097177e+01 4.351698e+00 -4.327277e+01
      vertex   2.099937e+01 4.601676e+00 -4.322524e+01
      vertex   2.100052e+01 4.555682e+00 -4.322340e+01
    endloop
  endfacet
  facet normal 8.649457e-01 -4.312401e-04 -5.018653e-01
    outer loop
      vertex   2.097177e+01 4.351698e+00 -4.327277e+01
      vertex   2.100052e+01 4.555682e+00 -4.322340e+01
      vertex   2.098810e+01 2.718967e+00 -4.324322e+01
    endloop
  endfacet
  facet normal 8.381941e-01 2.191258e-04 -5.453720e-01
    outer loop
      vertex   2.098810e+01 2.718967e+00 -4.324322e+01
      vertex   2.100052e+01 4.555682e+00 -4.322340e+01
      vertex   2.100393e+01 4.510096e+00 -4.321818e+01
    endloop
  endfacet
  facet normal 8.175826e-01 8.268686e-04 -5.758107e-01
    outer loop
      vertex   2.098810e+01 2.718967e+00 -4.324322e+01
      vertex   2.100393e+01 4.510096e+00 -4.321818e+01
      vertex   2.101275e+01 4.351698e+00 -4.320587e+01
    endloop
  endfacet
  facet normal 8.143928e-01 2.993066e-04 -5.803140e-01
    outer loop
      vertex   2.101275e+01 4.351698e+00 -4.320587e+01
      vertex   2.100393e+01 4.510096e+00 -4.321818e+01
      vertex   2.101741e+01 4.420378e+00 -4.319930e+01
    endloop
  endfacet
  facet normal 8.158672e-01 8.941844e-07 -5.782394e-01
    outer loop
      vertex   2.101275e+01 4.351698e+00 -4.320587e+01
      vertex   2.101741e+01 4.420378e+00 -4.319930e+01
      vertex   2.101282e+01 2.761791e+00 -4.320578e+01
    endloop
  endfacet
  facet normal 7.764115e-01 3.128208e-04 -6.302263e-01
    outer loop
      vertex   2.101282e+01 2.761791e+00 -4.320578e+01
      vertex   2.101741e+01 4.420378e+00 -4.319930e+01
      vertex   2.103955e+01 4.332985e+00 -4.317208e+01
    endloop
  endfacet
  facet normal 7.817000e-01 8.192074e-05 -6.236546e-01
    outer loop
      vertex   2.101282e+01 2.761791e+00 -4.320578e+01
      vertex   2.103955e+01 4.332985e+00 -4.317208e+01
      vertex   2.104081e+01 2.810257e+00 -4.317070e+01
    endloop
  endfacet
  facet normal 7.249271e-01 -2.408806e-05 -6.888256e-01
    outer loop
      vertex   2.104081e+01 2.810257e+00 -4.317070e+01
      vertex   2.103955e+01 4.332985e+00 -4.317208e+01
      vertex   2.107006e+01 4.248381e+00 -4.313995e+01
    endloop
  endfacet
  facet normal 7.226379e-01 7.381346e-05 -6.912267e-01
    outer loop
      vertex   2.104081e+01 2.810257e+00 -4.317070e+01
      vertex   2.107006e+01 4.248381e+00 -4.313995e+01
      vertex   2.107182e+01 2.863976e+00 -4.313827e+01
    endloop
  endfacet
  facet normal 6.579042e-01 -8.363616e-05 -7.531016e-01
    outer loop
      vertex   2.107182e+01 2.863976e+00 -4.313827e+01
      vertex   2.107006e+01 4.248381e+00 -4.313995e+01
      vertex   2.110562e+01 2.922514e+00 -4.310875e+01
    endloop
  endfacet
  facet normal 6.542370e-01 -2.569963e-04 -7.562895e-01
    outer loop
      vertex   2.110562e+01 2.922514e+00 -4.310875e+01
      vertex   2.107006e+01 4.248381e+00 -4.313995e+01
      vertex   2.110881e+01 4.167071e+00 -4.310641e+01
    endloop
  endfacet
  facet normal 5.876320e-01 1.289355e-05 -8.091283e-01
    outer loop
      vertex   2.110562e+01 2.922514e+00 -4.310875e+01
      vertex   2.110881e+01 4.167071e+00 -4.310641e+01
      vertex   2.114192e+01 2.985401e+00 -4.308238e+01
    endloop
  endfacet
  facet normal 5.694958e-01 -7.570612e-04 -8.219939e-01
    outer loop
      vertex   2.114192e+01 2.985401e+00 -4.308238e+01
      vertex   2.110881e+01 4.167071e+00 -4.310641e+01
      vertex   2.115539e+01 4.089817e+00 -4.307407e+01
    endloop
  endfacet
  facet normal 5.124640e-01 2.147370e-04 -8.587087e-01
    outer loop
      vertex   2.114192e+01 2.985401e+00 -4.308238e+01
      vertex   2.115539e+01 4.089817e+00 -4.307407e+01
      vertex   2.118045e+01 3.052129e+00 -4.305937e+01
    endloop
  endfacet
  facet normal 4.716064e-01 -1.099024e-03 -8.818085e-01
    outer loop
      vertex   2.118045e+01 3.052129e+00 -4.305937e+01
      vertex   2.115539e+01 4.089817e+00 -4.307407e+01
      vertex   2.120927e+01 4.017461e+00 -4.304516e+01
    endloop
  endfacet
  facet normal 4.332311e-01 3.334069e-04 -9.012828e-01
    outer loop
      vertex   2.118045e+01 3.052129e+00 -4.305937e+01
      vertex   2.120927e+01 4.017461e+00 -4.304516e+01
      vertex   2.122088e+01 3.122161e+00 -4.303991e+01
    endloop
  endfacet
  facet normal 3.568561e-01 -8.499710e-04 -9.341590e-01
    outer loop
      vertex   2.122088e+01 3.122161e+00 -4.303991e+01
      vertex   2.120927e+01 4.017461e+00 -4.304516e+01
      vertex   2.126995e+01 3.950790e+00 -4.302192e+01
    endloop
  endfacet
  facet normal 3.519574e-01 -5.195910e-04 -9.360159e-01
    outer loop
      vertex   2.122088e+01 3.122161e+00 -4.303991e+01
      vertex   2.126995e+01 3.950790e+00 -4.302192e+01
      vertex   2.126290e+01 3.194933e+00 -4.302415e+01
    endloop
  endfacet
  facet normal 2.679476e-01 3.450690e-04 -9.634334e-01
    outer loop
      vertex   2.126290e+01 3.194933e+00 -4.302415e+01
      vertex   2.126995e+01 3.950790e+00 -4.302192e+01
      vertex   2.129711e+01 3.921514e+00 -4.301438e+01
    endloop
  endfacet
  facet normal 2.650132e-01 4.941638e-04 -9.642446e-01
    outer loop
      vertex   2.126290e+01 3.194933e+00 -4.302415e+01
      vertex   2.129711e+01 3.921514e+00 -4.301438e+01
      vertex   2.130616e+01 3.269860e+00 -4.301222e+01
    endloop
  endfacet
  facet normal 2.152702e-01 -2.368276e-04 -9.765545e-01
    outer loop
      vertex   2.130616e+01 3.269860e+00 -4.301222e+01
      vertex   2.129711e+01 3.921514e+00 -4.301438e+01
      vertex   2.132222e+01 3.889646e+00 -4.300883e+01
    endloop
  endfacet
  facet normal 1.769704e-01 7.975321e-04 -9.842158e-01
    outer loop
      vertex   2.130616e+01 3.269860e+00 -4.301222e+01
      vertex   2.132222e+01 3.889646e+00 -4.300883e+01
      vertex   2.135031e+01 3.346336e+00 -4.300422e+01
    endloop
  endfacet
  facet normal 1.679274e-01 3.164959e-04 -9.857993e-01
    outer loop
      vertex   2.135031e+01 3.346336e+00 -4.300422e+01
      vertex   2.132222e+01 3.889646e+00 -4.300883e+01
      vertex   2.134489e+01 3.855471e+00 -4.300498e+01
    endloop
  endfacet
  facet normal 1.244716e-01 -1.554436e-04 -9.922232e-01
    outer loop
      vertex   2.135031e+01 3.346336e+00 -4.300422e+01
      vertex   2.134489e+01 3.855471e+00 -4.300498e+01
      vertex   2.136482e+01 3.819323e+00 -4.300248e+01
    endloop
  endfacet
  facet normal 7.767629e-02 -5.496879e-04 -9.969785e-01
    outer loop
      vertex   2.139532e+01 3.742387e+00 -4.300006e+01
      vertex   2.138550e+01 3.421140e+00 -4.300065e+01
      vertex   2.136482e+01 3.819323e+00 -4.300248e+01
    endloop
  endfacet
  facet normal 8.473658e-02 -1.804050e-04 -9.964034e-01
    outer loop
      vertex   2.136482e+01 3.819323e+00 -4.300248e+01
      vertex   2.138550e+01 3.421140e+00 -4.300065e+01
      vertex   2.136947e+01 3.382946e+00 -4.300200e+01
    endloop
  endfacet
  facet normal 1.148610e-01 1.436729e-04 -9.933816e-01
    outer loop
      vertex   2.136482e+01 3.819323e+00 -4.300248e+01
      vertex   2.136947e+01 3.382946e+00 -4.300200e+01
      vertex   2.135031e+01 3.346336e+00 -4.300422e+01
    endloop
  endfacet
  facet normal 4.284291e-02 5.191330e-04 -9.990817e-01
    outer loop
      vertex   2.138550e+01 3.421140e+00 -4.300065e+01
      vertex   2.139532e+01 3.742387e+00 -4.300006e+01
      vertex   2.140787e+01 3.500660e+00 -4.299965e+01
    endloop
  endfacet
  facet normal 2.237914e-02 -5.443606e-04 -9.997494e-01
    outer loop
      vertex   2.140787e+01 3.500660e+00 -4.299965e+01
      vertex   2.139532e+01 3.742387e+00 -4.300006e+01
      vertex   2.141284e+01 3.661984e+00 -4.299962e+01
    endloop
  endfacet
  facet normal -1.063462e-02 4.721315e-04 -9.999433e-01
    outer loop
      vertex   2.140787e+01 3.500660e+00 -4.299965e+01
      vertex   2.141284e+01 3.661984e+00 -4.299962e+01
      vertex   2.141707e+01 3.581473e+00 -4.299971e+01
    endloop
  endfacet
  facet normal 8.345130e-01 3.407640e-06 -5.509882e-01
    outer loop
      vertex   2.101282e+01 2.761791e+00 -4.320578e+01
      vertex   2.098810e+01 2.718967e+00 -4.324322e+01
      vertex   2.101275e+01 4.351698e+00 -4.320587e+01
    endloop
  endfacet
  facet normal 8.804650e-01 2.261727e-04 -4.741111e-01
    outer loop
      vertex   2.098810e+01 2.718967e+00 -4.324322e+01
      vertex   2.096683e+01 2.682131e+00 -4.328274e+01
      vertex   2.097177e+01 4.351698e+00 -4.327277e+01
    endloop
  endfacet
  facet normal 9.195991e-01 -3.747525e-04 -3.928579e-01
    outer loop
      vertex   2.097177e+01 4.351698e+00 -4.327277e+01
      vertex   2.096683e+01 2.682131e+00 -4.328274e+01
      vertex   2.094919e+01 2.651578e+00 -4.332400e+01
    endloop
  endfacet
  facet normal 9.239135e-01 -7.411288e-04 -3.826007e-01
    outer loop
      vertex   2.097177e+01 4.351698e+00 -4.327277e+01
      vertex   2.094919e+01 2.651578e+00 -4.332400e+01
      vertex   2.094176e+01 4.351698e+00 -4.334524e+01
    endloop
  endfacet
  facet normal 9.509901e-01 2.941571e-04 -3.092210e-01
    outer loop
      vertex   2.094176e+01 4.351698e+00 -4.334524e+01
      vertex   2.094919e+01 2.651578e+00 -4.332400e+01
      vertex   2.093532e+01 2.627557e+00 -4.336667e+01
    endloop
  endfacet
  facet normal 9.723822e-01 -7.282933e-04 -2.333931e-01
    outer loop
      vertex   2.094176e+01 4.351698e+00 -4.334524e+01
      vertex   2.093532e+01 2.627557e+00 -4.336667e+01
      vertex   2.092345e+01 4.351698e+00 -4.342152e+01
    endloop
  endfacet
  facet normal 9.749498e-01 -3.617254e-04 -2.224247e-01
    outer loop
      vertex   2.092345e+01 4.351698e+00 -4.342152e+01
      vertex   2.093532e+01 2.627557e+00 -4.336667e+01
      vertex   2.092534e+01 2.610259e+00 -4.341042e+01
    endloop
  endfacet
  facet normal 9.909397e-01 2.169899e-04 -1.343075e-01
    outer loop
      vertex   2.092345e+01 4.351698e+00 -4.342152e+01
      vertex   2.092534e+01 2.610259e+00 -4.341042e+01
      vertex   2.091931e+01 2.599824e+00 -4.345489e+01
    endloop
  endfacet
  facet normal 9.997481e-01 1.362569e-16 -2.244214e-02
    outer loop
      vertex   2.091780e+01 2.597209e+00 -4.347728e+01
      vertex   2.091730e+01 2.596336e+00 -4.349972e+01
      vertex   2.091730e+01 6.107016e+00 -4.349972e+01
    endloop
  endfacet
  facet normal 2.645445e-01 3.332592e-04 9.643734e-01
    outer loop
      vertex   2.129988e+01 5.285098e+00 -2.898573e+01
      vertex   2.128254e+01 5.948472e+00 -2.898120e+01
      vertex   2.126995e+01 5.252563e+00 -2.897751e+01
    endloop
  endfacet
  facet normal 3.005406e-01 -3.741736e-04 9.537690e-01
    outer loop
      vertex   2.126995e+01 5.252563e+00 -2.897751e+01
      vertex   2.128254e+01 5.948472e+00 -2.898120e+01
      vertex   2.125137e+01 5.979013e+00 -2.897137e+01
    endloop
  endfacet
  facet normal 3.564999e-01 1.221346e-03 9.342946e-01
    outer loop
      vertex   2.126995e+01 5.252563e+00 -2.897751e+01
      vertex   2.125137e+01 5.979013e+00 -2.897137e+01
      vertex   2.120927e+01 5.185891e+00 -2.895427e+01
    endloop
  endfacet
  facet normal 3.650909e-01 6.936522e-04 9.309716e-01
    outer loop
      vertex   2.120927e+01 5.185891e+00 -2.895427e+01
      vertex   2.125137e+01 5.979013e+00 -2.897137e+01
      vertex   2.121864e+01 6.006005e+00 -2.895856e+01
    endloop
  endfacet
  facet normal 4.332308e-01 -2.398755e-04 9.012830e-01
    outer loop
      vertex   2.120927e+01 5.185891e+00 -2.895427e+01
      vertex   2.121864e+01 6.006005e+00 -2.895856e+01
      vertex   2.118362e+01 6.030132e+00 -2.894171e+01
    endloop
  endfacet
  facet normal 2.406762e-01 -3.332474e-04 9.706054e-01
    outer loop
      vertex   2.128254e+01 5.948472e+00 -2.898120e+01
      vertex   2.129988e+01 5.285098e+00 -2.898573e+01
      vertex   2.131148e+01 5.914612e+00 -2.898839e+01
    endloop
  endfacet
  facet normal 2.073530e-01 3.133175e-04 9.782661e-01
    outer loop
      vertex   2.131148e+01 5.914612e+00 -2.898839e+01
      vertex   2.129988e+01 5.285098e+00 -2.898573e+01
      vertex   2.132724e+01 5.320772e+00 -2.899154e+01
    endloop
  endfacet
  facet normal 1.851808e-01 -2.985387e-04 9.827044e-01
    outer loop
      vertex   2.131148e+01 5.914612e+00 -2.898839e+01
      vertex   2.132724e+01 5.320772e+00 -2.899154e+01
      vertex   2.133764e+01 5.877757e+00 -2.899333e+01
    endloop
  endfacet
  facet normal 1.553090e-01 2.757318e-04 9.878659e-01
    outer loop
      vertex   2.133764e+01 5.877757e+00 -2.899333e+01
      vertex   2.132724e+01 5.320772e+00 -2.899154e+01
      vertex   2.135155e+01 5.359182e+00 -2.899538e+01
    endloop
  endfacet
  facet normal 1.358228e-01 -2.581573e-04 9.907331e-01
    outer loop
      vertex   2.133764e+01 5.877757e+00 -2.899333e+01
      vertex   2.135155e+01 5.359182e+00 -2.899538e+01
      vertex   2.136056e+01 5.838353e+00 -2.899649e+01
    endloop
  endfacet
  facet normal 1.108592e-01 2.187290e-04 9.938361e-01
    outer loop
      vertex   2.136056e+01 5.838353e+00 -2.899649e+01
      vertex   2.135155e+01 5.359182e+00 -2.899538e+01
      vertex   2.137236e+01 5.399882e+00 -2.899771e+01
    endloop
  endfacet
  facet normal 9.628473e-02 -1.776123e-04 9.953538e-01
    outer loop
      vertex   2.136056e+01 5.838353e+00 -2.899649e+01
      vertex   2.137236e+01 5.399882e+00 -2.899771e+01
      vertex   2.137981e+01 5.796826e+00 -2.899836e+01
    endloop
  endfacet
  facet normal 7.786541e-02 1.708263e-04 9.969639e-01
    outer loop
      vertex   2.137981e+01 5.796826e+00 -2.899836e+01
      vertex   2.137236e+01 5.399882e+00 -2.899771e+01
      vertex   2.138931e+01 5.442451e+00 -2.899904e+01
    endloop
  endfacet
  facet normal 6.513464e-02 -1.722224e-04 9.978765e-01
    outer loop
      vertex   2.137981e+01 5.796826e+00 -2.899836e+01
      vertex   2.138931e+01 5.442451e+00 -2.899904e+01
      vertex   2.139514e+01 5.753647e+00 -2.899936e+01
    endloop
  endfacet
  facet normal 4.702179e-02 1.683631e-04 9.988938e-01
    outer loop
      vertex   2.139514e+01 5.753647e+00 -2.899936e+01
      vertex   2.138931e+01 5.442451e+00 -2.899904e+01
      vertex   2.140231e+01 5.486328e+00 -2.899966e+01
    endloop
  endfacet
  facet normal 3.439506e-02 -1.709013e-04 9.994083e-01
    outer loop
      vertex   2.139514e+01 5.753647e+00 -2.899936e+01
      vertex   2.140231e+01 5.486328e+00 -2.899966e+01
      vertex   2.140651e+01 5.709401e+00 -2.899976e+01
    endloop
  endfacet
  facet normal 1.648663e-02 1.659381e-04 9.998641e-01
    outer loop
      vertex   2.140651e+01 5.709401e+00 -2.899976e+01
      vertex   2.140231e+01 5.486328e+00 -2.899966e+01
      vertex   2.141132e+01 5.530930e+00 -2.899981e+01
    endloop
  endfacet
  facet normal 4.015288e-03 -1.702561e-04 9.999919e-01
    outer loop
      vertex   2.140651e+01 5.709401e+00 -2.899976e+01
      vertex   2.141132e+01 5.530930e+00 -2.899981e+01
      vertex   2.141385e+01 5.664671e+00 -2.899980e+01
    endloop
  endfacet
  facet normal -1.351429e-02 1.615836e-04 9.999087e-01
    outer loop
      vertex   2.141385e+01 5.664671e+00 -2.899980e+01
      vertex   2.141132e+01 5.530930e+00 -2.899981e+01
      vertex   2.141627e+01 5.575671e+00 -2.899975e+01
    endloop
  endfacet
  facet normal -2.564158e-02 -1.683298e-04 9.996712e-01
    outer loop
      vertex   2.141385e+01 5.664671e+00 -2.899980e+01
      vertex   2.141627e+01 5.575671e+00 -2.899975e+01
      vertex   2.141712e+01 5.620042e+00 -2.899972e+01
    endloop
  endfacet
  facet normal 4.714891e-01 1.211419e-03 8.818711e-01
    outer loop
      vertex   2.120927e+01 5.185891e+00 -2.895427e+01
      vertex   2.118362e+01 6.030132e+00 -2.894171e+01
      vertex   2.115539e+01 5.113535e+00 -2.892536e+01
    endloop
  endfacet
  facet normal 5.039053e-01 -1.098474e-04 8.637589e-01
    outer loop
      vertex   2.115539e+01 5.113535e+00 -2.892536e+01
      vertex   2.118362e+01 6.030132e+00 -2.894171e+01
      vertex   2.114693e+01 6.051161e+00 -2.892031e+01
    endloop
  endfacet
  facet normal 5.695510e-01 7.077900e-04 8.219557e-01
    outer loop
      vertex   2.115539e+01 5.113535e+00 -2.892536e+01
      vertex   2.114693e+01 6.051161e+00 -2.892031e+01
      vertex   2.110881e+01 5.036282e+00 -2.889302e+01
    endloop
  endfacet
  facet normal 5.784608e-01 2.051314e-04 8.157102e-01
    outer loop
      vertex   2.110881e+01 5.036282e+00 -2.889302e+01
      vertex   2.114693e+01 6.051161e+00 -2.892031e+01
      vertex   2.111062e+01 6.068110e+00 -2.889457e+01
    endloop
  endfacet
  facet normal 6.476311e-01 2.791001e-06 7.619540e-01
    outer loop
      vertex   2.110881e+01 5.036282e+00 -2.889302e+01
      vertex   2.111062e+01 6.068110e+00 -2.889457e+01
      vertex   2.107659e+01 6.080957e+00 -2.886564e+01
    endloop
  endfacet
  facet normal 6.541265e-01 3.490876e-04 7.563851e-01
    outer loop
      vertex   2.110881e+01 5.036282e+00 -2.889302e+01
      vertex   2.107659e+01 6.080957e+00 -2.886564e+01
      vertex   2.107006e+01 4.954972e+00 -2.885948e+01
    endloop
  endfacet
  facet normal 7.129331e-01 -2.932346e-04 7.012319e-01
    outer loop
      vertex   2.107006e+01 4.954972e+00 -2.885948e+01
      vertex   2.107659e+01 6.080957e+00 -2.886564e+01
      vertex   2.104600e+01 6.090159e+00 -2.883454e+01
    endloop
  endfacet
  facet normal 7.246667e-01 2.220069e-04 6.890995e-01
    outer loop
      vertex   2.107006e+01 4.954972e+00 -2.885948e+01
      vertex   2.104600e+01 6.090159e+00 -2.883454e+01
      vertex   2.103955e+01 4.870368e+00 -2.882735e+01
    endloop
  endfacet
  facet normal 7.731434e-01 -3.577642e-04 6.342311e-01
    outer loop
      vertex   2.103955e+01 4.870368e+00 -2.882735e+01
      vertex   2.104600e+01 6.090159e+00 -2.883454e+01
      vertex   2.101766e+01 6.096812e+00 -2.879999e+01
    endloop
  endfacet
  facet normal 7.762609e-01 -2.169271e-04 6.304117e-01
    outer loop
      vertex   2.103955e+01 4.870368e+00 -2.882735e+01
      vertex   2.101766e+01 6.096812e+00 -2.879999e+01
      vertex   2.101741e+01 4.782975e+00 -2.880013e+01
    endloop
  endfacet
  facet normal 8.142129e-01 -2.191864e-04 5.805664e-01
    outer loop
      vertex   2.101741e+01 4.782975e+00 -2.880013e+01
      vertex   2.101766e+01 6.096812e+00 -2.879999e+01
      vertex   2.100393e+01 4.693257e+00 -2.878125e+01
    endloop
  endfacet
  facet normal 8.261281e-01 -5.639091e-04 5.634820e-01
    outer loop
      vertex   2.100393e+01 4.693257e+00 -2.878125e+01
      vertex   2.101766e+01 6.096812e+00 -2.879999e+01
      vertex   2.099192e+01 6.101390e+00 -2.876225e+01
    endloop
  endfacet
  facet normal 8.381852e-01 -2.168893e-04 5.453857e-01
    outer loop
      vertex   2.100393e+01 4.693257e+00 -2.878125e+01
      vertex   2.099192e+01 6.101390e+00 -2.876225e+01
      vertex   2.100052e+01 4.647670e+00 -2.877603e+01
    endloop
  endfacet
  facet normal 8.487629e-01 3.128344e-06 5.287737e-01
    outer loop
      vertex   2.100052e+01 4.647670e+00 -2.877603e+01
      vertex   2.099192e+01 6.101390e+00 -2.876225e+01
      vertex   2.099937e+01 4.601676e+00 -2.877419e+01
    endloop
  endfacet
  facet normal 8.641161e-01 2.823374e-04 5.032925e-01
    outer loop
      vertex   2.099937e+01 4.601676e+00 -2.877419e+01
      vertex   2.099192e+01 6.101390e+00 -2.876225e+01
      vertex   2.097177e+01 4.351698e+00 -2.872666e+01
    endloop
  endfacet
  facet normal 8.620067e-01 1.200278e-03 5.068955e-01
    outer loop
      vertex   2.099937e+01 4.601676e+00 -2.877419e+01
      vertex   2.097177e+01 4.351698e+00 -2.872666e+01
      vertex   2.100052e+01 4.555682e+00 -2.877603e+01
    endloop
  endfacet
  facet normal 8.649457e-01 -4.312401e-04 5.018653e-01
    outer loop
      vertex   2.100052e+01 4.555682e+00 -2.877603e+01
      vertex   2.097177e+01 4.351698e+00 -2.872666e+01
      vertex   2.098810e+01 2.718967e+00 -2.875621e+01
    endloop
  endfacet
  facet normal 8.381941e-01 2.191258e-04 5.453720e-01
    outer loop
      vertex   2.100052e+01 4.555682e+00 -2.877603e+01
      vertex   2.098810e+01 2.718967e+00 -2.875621e+01
      vertex   2.100393e+01 4.510096e+00 -2.878125e+01
    endloop
  endfacet
  facet normal 8.175826e-01 8.268686e-04 5.758107e-01
    outer loop
      vertex   2.100393e+01 4.510096e+00 -2.878125e+01
      vertex   2.098810e+01 2.718967e+00 -2.875621e+01
      vertex   2.101275e+01 4.351698e+00 -2.879356e+01
    endloop
  endfacet
  facet normal 8.143928e-01 2.993066e-04 5.803140e-01
    outer loop
      vertex   2.100393e+01 4.510096e+00 -2.878125e+01
      vertex   2.101275e+01 4.351698e+00 -2.879356e+01
      vertex   2.101741e+01 4.420378e+00 -2.880013e+01
    endloop
  endfacet
  facet normal 8.158672e-01 8.941844e-07 5.782394e-01
    outer loop
      vertex   2.101741e+01 4.420378e+00 -2.880013e+01
      vertex   2.101275e+01 4.351698e+00 -2.879356e+01
      vertex   2.101282e+01 2.761791e+00 -2.879365e+01
    endloop
  endfacet
  facet normal 7.764115e-01 3.128208e-04 6.302263e-01
    outer loop
      vertex   2.101741e+01 4.420378e+00 -2.880013e+01
      vertex   2.101282e+01 2.761791e+00 -2.879365e+01
      vertex   2.103955e+01 4.332985e+00 -2.882735e+01
    endloop
  endfacet
  facet normal 7.817000e-01 8.192074e-05 6.236546e-01
    outer loop
      vertex   2.103955e+01 4.332985e+00 -2.882735e+01
      vertex   2.101282e+01 2.761791e+00 -2.879365e+01
      vertex   2.104081e+01 2.810257e+00 -2.882873e+01
    endloop
  endfacet
  facet normal 7.249271e-01 -2.408806e-05 6.888256e-01
    outer loop
      vertex   2.103955e+01 4.332985e+00 -2.882735e+01
      vertex   2.104081e+01 2.810257e+00 -2.882873e+01
      vertex   2.107006e+01 4.248381e+00 -2.885948e+01
    endloop
  endfacet
  facet normal 7.226379e-01 7.381346e-05 6.912267e-01
    outer loop
      vertex   2.107006e+01 4.248381e+00 -2.885948e+01
      vertex   2.104081e+01 2.810257e+00 -2.882873e+01
      vertex   2.107182e+01 2.863976e+00 -2.886116e+01
    endloop
  endfacet
  facet normal 6.579042e-01 -8.363616e-05 7.531016e-01
    outer loop
      vertex   2.107006e+01 4.248381e+00 -2.885948e+01
      vertex   2.107182e+01 2.863976e+00 -2.886116e+01
      vertex   2.110562e+01 2.922514e+00 -2.889068e+01
    endloop
  endfacet
  facet normal 8.734322e-01 -1.574044e-04 4.869458e-01
    outer loop
      vertex   2.099192e+01 6.101390e+00 -2.876225e+01
      vertex   2.096937e+01 6.104290e+00 -2.872180e+01
      vertex   2.097177e+01 4.351698e+00 -2.872666e+01
    endloop
  endfacet
  facet normal 9.153554e-01 1.338077e-04 4.026468e-01
    outer loop
      vertex   2.097177e+01 4.351698e+00 -2.872666e+01
      vertex   2.096937e+01 6.104290e+00 -2.872180e+01
      vertex   2.095061e+01 6.105911e+00 -2.867915e+01
    endloop
  endfacet
  facet normal 9.239135e-01 7.799982e-04 3.826007e-01
    outer loop
      vertex   2.097177e+01 4.351698e+00 -2.872666e+01
      vertex   2.095061e+01 6.105911e+00 -2.867915e+01
      vertex   2.094176e+01 4.351698e+00 -2.865419e+01
    endloop
  endfacet
  facet normal 9.497121e-01 -3.386998e-04 3.131242e-01
    outer loop
      vertex   2.094176e+01 4.351698e+00 -2.865419e+01
      vertex   2.095061e+01 6.105911e+00 -2.867915e+01
      vertex   2.093602e+01 6.106733e+00 -2.863488e+01
    endloop
  endfacet
  facet normal 9.723823e-01 6.127906e-04 2.333931e-01
    outer loop
      vertex   2.094176e+01 4.351698e+00 -2.865419e+01
      vertex   2.093602e+01 6.106733e+00 -2.863488e+01
      vertex   2.092345e+01 4.351698e+00 -2.857791e+01
    endloop
  endfacet
  facet normal 9.744493e-01 3.128293e-04 2.246073e-01
    outer loop
      vertex   2.092345e+01 4.351698e+00 -2.857791e+01
      vertex   2.093602e+01 6.106733e+00 -2.863488e+01
      vertex   2.092561e+01 6.107041e+00 -2.858972e+01
    endloop
  endfacet
  facet normal 9.906602e-01 -3.006640e-04 1.363534e-01
    outer loop
      vertex   2.092345e+01 4.351698e+00 -2.857791e+01
      vertex   2.092561e+01 6.107041e+00 -2.858972e+01
      vertex   2.091937e+01 6.107060e+00 -2.854442e+01
    endloop
  endfacet
  facet normal 9.989240e-01 0.000000e+00 4.637643e-02
    outer loop
      vertex   2.091730e+01 6.107016e+00 -2.849972e+01
      vertex   2.091730e+01 2.596336e+00 -2.849972e+01
      vertex   2.091937e+01 6.107060e+00 -2.854442e+01
    endloop
  endfacet
  facet normal 9.958313e-01 5.727400e-04 9.121211e-02
    outer loop
      vertex   2.091937e+01 6.107060e+00 -2.854442e+01
      vertex   2.091730e+01 2.596336e+00 -2.849972e+01
      vertex   2.092345e+01 4.351698e+00 -2.857791e+01
    endloop
  endfacet
  facet normal 9.997472e-01 -2.508964e-03 2.234457e-02
    outer loop
      vertex   2.091730e+01 2.596336e+00 -2.849972e+01
      vertex   2.091780e+01 2.597209e+00 -2.852215e+01
      vertex   2.092345e+01 4.351698e+00 -2.857791e+01
    endloop
  endfacet
  facet normal 9.977419e-01 -1.078268e-03 6.715580e-02
    outer loop
      vertex   2.092345e+01 4.351698e+00 -2.857791e+01
      vertex   2.091780e+01 2.597209e+00 -2.852215e+01
      vertex   2.091931e+01 2.599824e+00 -2.854454e+01
    endloop
  endfacet
  facet normal 9.909397e-01 2.169899e-04 1.343075e-01
    outer loop
      vertex   2.092345e+01 4.351698e+00 -2.857791e+01
      vertex   2.091931e+01 2.599824e+00 -2.854454e+01
      vertex   2.092534e+01 2.610259e+00 -2.858901e+01
    endloop
  endfacet
  facet normal 9.749498e-01 -3.617254e-04 2.224247e-01
    outer loop
      vertex   2.092534e+01 2.610259e+00 -2.858901e+01
      vertex   2.093532e+01 2.627557e+00 -2.863276e+01
      vertex   2.092345e+01 4.351698e+00 -2.857791e+01
    endloop
  endfacet
  facet normal 9.723822e-01 -7.282933e-04 2.333931e-01
    outer loop
      vertex   2.092345e+01 4.351698e+00 -2.857791e+01
      vertex   2.093532e+01 2.627557e+00 -2.863276e+01
      vertex   2.094176e+01 4.351698e+00 -2.865419e+01
    endloop
  endfacet
  facet normal 9.509901e-01 2.941571e-04 3.092210e-01
    outer loop
      vertex   2.093532e+01 2.627557e+00 -2.863276e+01
      vertex   2.094919e+01 2.651578e+00 -2.867543e+01
      vertex   2.094176e+01 4.351698e+00 -2.865419e+01
    endloop
  endfacet
  facet normal 9.239135e-01 -7.411288e-04 3.826007e-01
    outer loop
      vertex   2.094176e+01 4.351698e+00 -2.865419e+01
      vertex   2.094919e+01 2.651578e+00 -2.867543e+01
      vertex   2.097177e+01 4.351698e+00 -2.872666e+01
    endloop
  endfacet
  facet normal 9.195991e-01 -3.747525e-04 3.928579e-01
    outer loop
      vertex   2.094919e+01 2.651578e+00 -2.867543e+01
      vertex   2.096683e+01 2.682131e+00 -2.871669e+01
      vertex   2.097177e+01 4.351698e+00 -2.872666e+01
    endloop
  endfacet
  facet normal 8.804650e-01 2.261727e-04 4.741111e-01
    outer loop
      vertex   2.097177e+01 4.351698e+00 -2.872666e+01
      vertex   2.096683e+01 2.682131e+00 -2.871669e+01
      vertex   2.098810e+01 2.718967e+00 -2.875621e+01
    endloop
  endfacet
  facet normal 8.345130e-01 3.407640e-06 5.509882e-01
    outer loop
      vertex   2.098810e+01 2.718967e+00 -2.875621e+01
      vertex   2.101282e+01 2.761791e+00 -2.879365e+01
      vertex   2.101275e+01 4.351698e+00 -2.879356e+01
    endloop
  endfacet
  facet normal 6.542370e-01 -2.569963e-04 7.562895e-01
    outer loop
      vertex   2.107006e+01 4.248381e+00 -2.885948e+01
      vertex   2.110562e+01 2.922514e+00 -2.889068e+01
      vertex   2.110881e+01 4.167071e+00 -2.889302e+01
    endloop
  endfacet
  facet normal 5.876320e-01 1.289355e-05 8.091283e-01
    outer loop
      vertex   2.110881e+01 4.167071e+00 -2.889302e+01
      vertex   2.110562e+01 2.922514e+00 -2.889068e+01
      vertex   2.114192e+01 2.985401e+00 -2.891705e+01
    endloop
  endfacet
  facet normal 5.694958e-01 -7.570612e-04 8.219939e-01
    outer loop
      vertex   2.110881e+01 4.167071e+00 -2.889302e+01
      vertex   2.114192e+01 2.985401e+00 -2.891705e+01
      vertex   2.115539e+01 4.089817e+00 -2.892536e+01
    endloop
  endfacet
  facet normal 5.124640e-01 2.147370e-04 8.587087e-01
    outer loop
      vertex   2.115539e+01 4.089817e+00 -2.892536e+01
      vertex   2.114192e+01 2.985401e+00 -2.891705e+01
      vertex   2.118045e+01 3.052129e+00 -2.894006e+01
    endloop
  endfacet
  facet normal 4.716064e-01 -1.099024e-03 8.818085e-01
    outer loop
      vertex   2.115539e+01 4.089817e+00 -2.892536e+01
      vertex   2.118045e+01 3.052129e+00 -2.894006e+01
      vertex   2.120927e+01 4.017461e+00 -2.895427e+01
    endloop
  endfacet
  facet normal 4.332311e-01 3.334069e-04 9.012828e-01
    outer loop
      vertex   2.120927e+01 4.017461e+00 -2.895427e+01
      vertex   2.118045e+01 3.052129e+00 -2.894006e+01
      vertex   2.122088e+01 3.122161e+00 -2.895952e+01
    endloop
  endfacet
  facet normal 3.525579e-01 -9.152801e-04 9.357896e-01
    outer loop
      vertex   2.120927e+01 4.017461e+00 -2.895427e+01
      vertex   2.122088e+01 3.122161e+00 -2.895952e+01
      vertex   2.126290e+01 3.194933e+00 -2.897528e+01
    endloop
  endfacet
  facet normal 2.650132e-01 4.941638e-04 9.642446e-01
    outer loop
      vertex   2.130616e+01 3.269860e+00 -2.898721e+01
      vertex   2.129711e+01 3.921514e+00 -2.898505e+01
      vertex   2.126290e+01 3.194933e+00 -2.897528e+01
    endloop
  endfacet
  facet normal 2.679476e-01 3.450690e-04 9.634334e-01
    outer loop
      vertex   2.126290e+01 3.194933e+00 -2.897528e+01
      vertex   2.129711e+01 3.921514e+00 -2.898505e+01
      vertex   2.126995e+01 3.950790e+00 -2.897751e+01
    endloop
  endfacet
  facet normal 3.571211e-01 -5.735425e-04 9.340579e-01
    outer loop
      vertex   2.126290e+01 3.194933e+00 -2.897528e+01
      vertex   2.126995e+01 3.950790e+00 -2.897751e+01
      vertex   2.120927e+01 4.017461e+00 -2.895427e+01
    endloop
  endfacet
  facet normal 2.152702e-01 -2.368276e-04 9.765545e-01
    outer loop
      vertex   2.129711e+01 3.921514e+00 -2.898505e+01
      vertex   2.130616e+01 3.269860e+00 -2.898721e+01
      vertex   2.132222e+01 3.889646e+00 -2.899060e+01
    endloop
  endfacet
  facet normal 1.769704e-01 7.975321e-04 9.842158e-01
    outer loop
      vertex   2.132222e+01 3.889646e+00 -2.899060e+01
      vertex   2.130616e+01 3.269860e+00 -2.898721e+01
      vertex   2.135031e+01 3.346336e+00 -2.899521e+01
    endloop
  endfacet
  facet normal 1.679274e-01 3.164959e-04 9.857993e-01
    outer loop
      vertex   2.132222e+01 3.889646e+00 -2.899060e+01
      vertex   2.135031e+01 3.346336e+00 -2.899521e+01
      vertex   2.134489e+01 3.855471e+00 -2.899445e+01
    endloop
  endfacet
  facet normal 1.244716e-01 -1.554436e-04 9.922232e-01
    outer loop
      vertex   2.134489e+01 3.855471e+00 -2.899445e+01
      vertex   2.135031e+01 3.346336e+00 -2.899521e+01
      vertex   2.136482e+01 3.819323e+00 -2.899695e+01
    endloop
  endfacet
  facet normal 1.148610e-01 1.436729e-04 9.933816e-01
    outer loop
      vertex   2.136482e+01 3.819323e+00 -2.899695e+01
      vertex   2.135031e+01 3.346336e+00 -2.899521e+01
      vertex   2.136947e+01 3.382946e+00 -2.899743e+01
    endloop
  endfacet
  facet normal 8.473658e-02 -1.804050e-04 9.964034e-01
    outer loop
      vertex   2.136482e+01 3.819323e+00 -2.899695e+01
      vertex   2.136947e+01 3.382946e+00 -2.899743e+01
      vertex   2.138550e+01 3.421140e+00 -2.899878e+01
    endloop
  endfacet
  facet normal 7.767629e-02 -5.496879e-04 9.969785e-01
    outer loop
      vertex   2.136482e+01 3.819323e+00 -2.899695e+01
      vertex   2.138550e+01 3.421140e+00 -2.899878e+01
      vertex   2.139532e+01 3.742387e+00 -2.899937e+01
    endloop
  endfacet
  facet normal 4.284291e-02 5.191330e-04 9.990817e-01
    outer loop
      vertex   2.139532e+01 3.742387e+00 -2.899937e+01
      vertex   2.138550e+01 3.421140e+00 -2.899878e+01
      vertex   2.140787e+01 3.500660e+00 -2.899979e+01
    endloop
  endfacet
  facet normal 2.237914e-02 -5.443606e-04 9.997494e-01
    outer loop
      vertex   2.139532e+01 3.742387e+00 -2.899937e+01
      vertex   2.140787e+01 3.500660e+00 -2.899979e+01
      vertex   2.141284e+01 3.661984e+00 -2.899981e+01
    endloop
  endfacet
  facet normal -1.063462e-02 4.721315e-04 9.999433e-01
    outer loop
      vertex   2.141284e+01 3.661984e+00 -2.899981e+01
      vertex   2.140787e+01 3.500660e+00 -2.899979e+01
      vertex   2.141707e+01 3.581473e+00 -2.899973e+01
    endloop
  endfacet
  facet normal 0.000000e+00 0.000000e+00 -1.000000e+00
    outer loop
      vertex   2.205000e+01 1.000000e+00 -2.560000e+01
      vertex   2.525000e+01 1.000000e+00 -2.560000e+01
      vertex   2.205000e+01 0.000000e+00 -2.560000e+01
    endloop
  endfacet
  facet normal 0.000000e+00 0.000000e+00 -1.000000e+00
    outer loop
      vertex   2.205000e+01 0.000000e+00 -2.560000e+01
      vertex   2.525000e+01 1.000000e+00 -2.560000e+01
      vertex   2.525000e+01 0.000000e+00 -2.560000e+01
    endloop
  endfacet
  facet normal 0.000000e+00 0.000000e+00 -1.000000e+00
    outer loop
      vertex   4.045000e+01 0.000000e+00 -2.560000e+01
      vertex   3.725000e+01 0.000000e+00 -2.560000e+01
      vertex   4.045000e+01 1.000000e+00 -2.560000e+01
    endloop
  endfacet
  facet normal -0.000000e+00 0.000000e+00 -1.000000e+00
    outer loop
      vertex   4.045000e+01 1.000000e+00 -2.560000e+01
      vertex   3.725000e+01 0.000000e+00 -2.560000e+01
      vertex   3.725000e+01 1.000000e+00 -2.560000e+01
    endloop
  endfacet
  facet normal 3.414111e-02 0.000000e+00 9.994170e-01
    outer loop
      vertex   3.950000e+01 6.250000e+00 -2.140000e+01
      vertex   3.950000e+01 0.000000e+00 -2.140000e+01
      vertex   3.970473e+01 3.125000e+00 -2.140699e+01
    endloop
  endfacet
  facet normal 3.414111e-02 0.000000e+00 9.994170e-01
    outer loop
      vertex   3.970473e+01 3.125000e+00 -2.140699e+01
      vertex   3.950000e+01 0.000000e+00 -2.140000e+01
      vertex   3.970473e+01 3.010615e-16 -2.140699e+01
    endloop
  endfacet
  facet normal 1.022641e-01 0.000000e+00 9.947573e-01
    outer loop
      vertex   3.970473e+01 3.125000e+00 -2.140699e+01
      vertex   3.970473e+01 3.010615e-16 -2.140699e+01
      vertex   3.990850e+01 3.125000e+00 -2.142794e+01
    endloop
  endfacet
  facet normal 1.022641e-01 0.000000e+00 9.947573e-01
    outer loop
      vertex   3.990850e+01 3.125000e+00 -2.142794e+01
      vertex   3.970473e+01 3.010615e-16 -2.140699e+01
      vertex   3.990850e+01 3.260106e-16 -2.142794e+01
    endloop
  endfacet
  facet normal 1.699104e-01 0.000000e+00 9.854595e-01
    outer loop
      vertex   3.990850e+01 3.125000e+00 -2.142794e+01
      vertex   3.990850e+01 3.260106e-16 -2.142794e+01
      vertex   4.011037e+01 3.125000e+00 -2.146275e+01
    endloop
  endfacet
  facet normal 1.699104e-01 0.000000e+00 9.854595e-01
    outer loop
      vertex   4.011037e+01 3.125000e+00 -2.146275e+01
      vertex   3.990850e+01 3.260106e-16 -2.142794e+01
      vertex   4.011037e+01 3.522866e-16 -2.146275e+01
    endloop
  endfacet
  facet normal 2.367644e-01 0.000000e+00 9.715671e-01
    outer loop
      vertex   4.011037e+01 3.125000e+00 -2.146275e+01
      vertex   4.011037e+01 3.522866e-16 -2.146275e+01
      vertex   4.030939e+01 3.125000e+00 -2.151125e+01
    endloop
  endfacet
  facet normal 2.367644e-01 -2.209088e-15 9.715671e-01
    outer loop
      vertex   4.030939e+01 3.125000e+00 -2.151125e+01
      vertex   4.011037e+01 3.522866e-16 -2.146275e+01
      vertex   4.030939e+01 3.797672e-16 -2.151125e+01
    endloop
  endfacet
  facet normal 3.025146e-01 -2.167200e-15 9.531448e-01
    outer loop
      vertex   4.030939e+01 3.125000e+00 -2.151125e+01
      vertex   4.030939e+01 3.797672e-16 -2.151125e+01
      vertex   4.050464e+01 3.125000e+00 -2.157322e+01
    endloop
  endfacet
  facet normal 3.025146e-01 0.000000e+00 9.531448e-01
    outer loop
      vertex   4.050464e+01 3.125000e+00 -2.157322e+01
      vertex   4.030939e+01 3.797672e-16 -2.151125e+01
      vertex   4.050464e+01 4.083240e-16 -2.157322e+01
    endloop
  endfacet
  facet normal 3.668542e-01 0.000000e+00 9.302784e-01
    outer loop
      vertex   4.050464e+01 3.125000e+00 -2.157322e+01
      vertex   4.050464e+01 4.083240e-16 -2.157322e+01
      vertex   4.069520e+01 3.125000e+00 -2.164837e+01
    endloop
  endfacet
  facet normal 3.668542e-01 0.000000e+00 9.302784e-01
    outer loop
      vertex   4.069520e+01 3.125000e+00 -2.164837e+01
      vertex   4.050464e+01 4.083240e-16 -2.157322e+01
      vertex   4.069520e+01 4.378242e-16 -2.164837e+01
    endloop
  endfacet
  facet normal 4.294834e-01 0.000000e+00 9.030747e-01
    outer loop
      vertex   4.069520e+01 3.125000e+00 -2.164837e+01
      vertex   4.069520e+01 4.378242e-16 -2.164837e+01
      vertex   4.088020e+01 3.125000e+00 -2.173634e+01
    endloop
  endfacet
  facet normal 4.294834e-01 0.000000e+00 9.030747e-01
    outer loop
      vertex   4.088020e+01 3.125000e+00 -2.173634e+01
      vertex   4.069520e+01 4.378242e-16 -2.164837e+01
      vertex   4.088020e+01 4.681299e-16 -2.173634e+01
    endloop
  endfacet
  facet normal 4.901102e-01 0.000000e+00 8.716605e-01
    outer loop
      vertex   4.088020e+01 3.125000e+00 -2.173634e+01
      vertex   4.088020e+01 4.681299e-16 -2.173634e+01
      vertex   4.105875e+01 3.125000e+00 -2.183674e+01
    endloop
  endfacet
  facet normal 4.901102e-01 0.000000e+00 8.716605e-01
    outer loop
      vertex   4.105875e+01 3.125000e+00 -2.183674e+01
      vertex   4.088020e+01 4.681299e-16 -2.173634e+01
      vertex   4.105875e+01 4.991001e-16 -2.183674e+01
    endloop
  endfacet
  facet normal 5.484519e-01 0.000000e+00 8.361821e-01
    outer loop
      vertex   4.105875e+01 3.125000e+00 -2.183674e+01
      vertex   4.105875e+01 4.991001e-16 -2.183674e+01
      vertex   4.123004e+01 3.125000e+00 -2.194909e+01
    endloop
  endfacet
  facet normal 5.484519e-01 1.901258e-15 8.361821e-01
    outer loop
      vertex   4.123004e+01 3.125000e+00 -2.194909e+01
      vertex   4.105875e+01 4.991001e-16 -2.183674e+01
      vertex   4.123004e+01 5.305902e-16 -2.194909e+01
    endloop
  endfacet
  facet normal 6.042364e-01 1.811725e-15 7.968051e-01
    outer loop
      vertex   4.123004e+01 3.125000e+00 -2.194909e+01
      vertex   4.123004e+01 5.305902e-16 -2.194909e+01
      vertex   4.139326e+01 3.125000e+00 -2.207287e+01
    endloop
  endfacet
  facet normal 6.042364e-01 0.000000e+00 7.968051e-01
    outer loop
      vertex   4.139326e+01 3.125000e+00 -2.207287e+01
      vertex   4.123004e+01 5.305902e-16 -2.194909e+01
      vertex   4.139326e+01 5.624534e-16 -2.207287e+01
    endloop
  endfacet
  facet normal 6.572037e-01 0.000000e+00 7.537130e-01
    outer loop
      vertex   4.139326e+01 3.125000e+00 -2.207287e+01
      vertex   4.139326e+01 5.624534e-16 -2.207287e+01
      vertex   4.154766e+01 3.125000e+00 -2.220749e+01
    endloop
  endfacet
  facet normal 6.572037e-01 0.000000e+00 7.537130e-01
    outer loop
      vertex   4.154766e+01 3.125000e+00 -2.220749e+01
      vertex   4.139326e+01 5.624534e-16 -2.207287e+01
      vertex   4.154766e+01 5.945413e-16 -2.220749e+01
    endloop
  endfacet
  facet normal 7.071068e-01 0.000000e+00 7.071068e-01
    outer loop
      vertex   4.154766e+01 3.125000e+00 -2.220749e+01
      vertex   4.154766e+01 5.945413e-16 -2.220749e+01
      vertex   4.169251e+01 3.125000e+00 -2.235234e+01
    endloop
  endfacet
  facet normal 7.071068e-01 0.000000e+00 7.071068e-01
    outer loop
      vertex   4.169251e+01 3.125000e+00 -2.235234e+01
      vertex   4.154766e+01 5.945413e-16 -2.220749e+01
      vertex   4.169251e+01 6.267041e-16 -2.235234e+01
    endloop
  endfacet
  facet normal 7.537130e-01 0.000000e+00 6.572037e-01
    outer loop
      vertex   4.169251e+01 3.125000e+00 -2.235234e+01
      vertex   4.169251e+01 6.267041e-16 -2.235234e+01
      vertex   4.182713e+01 3.125000e+00 -2.250674e+01
    endloop
  endfacet
  facet normal 7.537130e-01 7.471541e-16 6.572037e-01
    outer loop
      vertex   4.182713e+01 3.125000e+00 -2.250674e+01
      vertex   4.169251e+01 6.267041e-16 -2.235234e+01
      vertex   4.182713e+01 6.587919e-16 -2.250674e+01
    endloop
  endfacet
  facet normal 7.968051e-01 6.869372e-16 6.042364e-01
    outer loop
      vertex   4.182713e+01 3.125000e+00 -2.250674e+01
      vertex   4.182713e+01 6.587919e-16 -2.250674e+01
      vertex   4.195091e+01 3.125000e+00 -2.266996e+01
    endloop
  endfacet
  facet normal 7.968051e-01 0.000000e+00 6.042364e-01
    outer loop
      vertex   4.195091e+01 3.125000e+00 -2.266996e+01
      vertex   4.182713e+01 6.587919e-16 -2.250674e+01
      vertex   4.195091e+01 6.906552e-16 -2.266996e+01
    endloop
  endfacet
  facet normal 8.361821e-01 0.000000e+00 5.484519e-01
    outer loop
      vertex   4.195091e+01 3.125000e+00 -2.266996e+01
      vertex   4.195091e+01 6.906552e-16 -2.266996e+01
      vertex   4.206326e+01 3.125000e+00 -2.284125e+01
    endloop
  endfacet
  facet normal 8.361821e-01 -1.247035e-15 5.484519e-01
    outer loop
      vertex   4.206326e+01 3.125000e+00 -2.284125e+01
      vertex   4.195091e+01 6.906552e-16 -2.266996e+01
      vertex   4.206326e+01 7.221453e-16 -2.284125e+01
    endloop
  endfacet
  facet normal 8.716605e-01 -1.114382e-15 4.901102e-01
    outer loop
      vertex   4.206326e+01 3.125000e+00 -2.284125e+01
      vertex   4.206326e+01 7.221453e-16 -2.284125e+01
      vertex   4.216366e+01 3.125000e+00 -2.301980e+01
    endloop
  endfacet
  facet normal 8.716605e-01 0.000000e+00 4.901102e-01
    outer loop
      vertex   4.216366e+01 3.125000e+00 -2.301980e+01
      vertex   4.206326e+01 7.221453e-16 -2.284125e+01
      vertex   4.216366e+01 7.531154e-16 -2.301980e+01
    endloop
  endfacet
  facet normal 9.030747e-01 0.000000e+00 4.294834e-01
    outer loop
      vertex   4.216366e+01 3.125000e+00 -2.301980e+01
      vertex   4.216366e+01 7.531154e-16 -2.301980e+01
      vertex   4.225163e+01 3.125000e+00 -2.320480e+01
    endloop
  endfacet
  facet normal 9.030747e-01 0.000000e+00 4.294834e-01
    outer loop
      vertex   4.225163e+01 3.125000e+00 -2.320480e+01
      vertex   4.216366e+01 7.531154e-16 -2.301980e+01
      vertex   4.225163e+01 7.834212e-16 -2.320480e+01
    endloop
  endfacet
  facet normal 9.302784e-01 0.000000e+00 3.668542e-01
    outer loop
      vertex   4.225163e+01 3.125000e+00 -2.320480e+01
      vertex   4.225163e+01 7.834212e-16 -2.320480e+01
      vertex   4.232678e+01 3.125000e+00 -2.339536e+01
    endloop
  endfacet
  facet normal 9.302784e-01 -2.115208e-15 3.668542e-01
    outer loop
      vertex   4.232678e+01 3.125000e+00 -2.339536e+01
      vertex   4.225163e+01 7.834212e-16 -2.320480e+01
      vertex   4.232678e+01 8.129213e-16 -2.339536e+01
    endloop
  endfacet
  facet normal 9.531448e-01 -2.167200e-15 3.025146e-01
    outer loop
      vertex   4.232678e+01 3.125000e+00 -2.339536e+01
      vertex   4.232678e+01 8.129213e-16 -2.339536e+01
      vertex   4.238875e+01 3.125000e+00 -2.359061e+01
    endloop
  endfacet
  facet normal 9.531448e-01 -2.167200e-15 3.025146e-01
    outer loop
      vertex   4.238875e+01 3.125000e+00 -2.359061e+01
      vertex   4.232678e+01 8.129213e-16 -2.339536e+01
      vertex   4.238875e+01 8.414782e-16 -2.359061e+01
    endloop
  endfacet
  facet normal 9.715671e-01 -2.209088e-15 2.367644e-01
    outer loop
      vertex   4.238875e+01 3.125000e+00 -2.359061e+01
      vertex   4.238875e+01 8.414782e-16 -2.359061e+01
      vertex   4.243725e+01 3.125000e+00 -2.378963e+01
    endloop
  endfacet
  facet normal 9.715671e-01 0.000000e+00 2.367644e-01
    outer loop
      vertex   4.243725e+01 3.125000e+00 -2.378963e+01
      vertex   4.238875e+01 8.414782e-16 -2.359061e+01
      vertex   4.243725e+01 8.689587e-16 -2.378963e+01
    endloop
  endfacet
  facet normal 9.854595e-01 0.000000e+00 1.699104e-01
    outer loop
      vertex   4.243725e+01 3.125000e+00 -2.378963e+01
      vertex   4.243725e+01 8.689587e-16 -2.378963e+01
      vertex   4.247206e+01 3.125000e+00 -2.399150e+01
    endloop
  endfacet
  facet normal 9.854595e-01 -4.481351e-15 1.699104e-01
    outer loop
      vertex   4.247206e+01 3.125000e+00 -2.399150e+01
      vertex   4.243725e+01 8.689587e-16 -2.378963e+01
      vertex   4.247206e+01 8.952348e-16 -2.399150e+01
    endloop
  endfacet
  facet normal 9.947573e-01 -4.523632e-15 1.022641e-01
    outer loop
      vertex   4.247206e+01 3.125000e+00 -2.399150e+01
      vertex   4.247206e+01 8.952348e-16 -2.399150e+01
      vertex   4.249301e+01 3.125000e+00 -2.419527e+01
    endloop
  endfacet
  facet normal 9.947573e-01 0.000000e+00 1.022641e-01
    outer loop
      vertex   4.249301e+01 3.125000e+00 -2.419527e+01
      vertex   4.247206e+01 8.952348e-16 -2.399150e+01
      vertex   4.249301e+01 9.201838e-16 -2.419527e+01
    endloop
  endfacet
  facet normal 9.994170e-01 0.000000e+00 3.414111e-02
    outer loop
      vertex   4.249301e+01 3.125000e+00 -2.419527e+01
      vertex   4.249301e+01 9.201838e-16 -2.419527e+01
      vertex   4.250000e+01 0.000000e+00 -2.440000e+01
    endloop
  endfacet
  facet normal 9.994170e-01 -0.000000e+00 3.414111e-02
    outer loop
      vertex   4.250000e+01 0.000000e+00 -2.440000e+01
      vertex   4.250000e+01 6.250000e+00 -2.440000e+01
      vertex   4.249301e+01 3.125000e+00 -2.419527e+01
    endloop
  endfacet
  facet normal 9.994170e-01 -0.000000e+00 3.414111e-02
    outer loop
      vertex   4.249301e+01 3.125000e+00 -2.419527e+01
      vertex   4.250000e+01 6.250000e+00 -2.440000e+01
      vertex   4.249301e+01 6.250000e+00 -2.419527e+01
    endloop
  endfacet
  facet normal 9.947573e-01 -0.000000e+00 1.022641e-01
    outer loop
      vertex   4.249301e+01 3.125000e+00 -2.419527e+01
      vertex   4.249301e+01 6.250000e+00 -2.419527e+01
      vertex   4.247206e+01 3.125000e+00 -2.399150e+01
    endloop
  endfacet
  facet normal 9.947573e-01 4.523632e-15 1.022641e-01
    outer loop
      vertex   4.247206e+01 3.125000e+00 -2.399150e+01
      vertex   4.249301e+01 6.250000e+00 -2.419527e+01
      vertex   4.247206e+01 6.250000e+00 -2.399150e+01
    endloop
  endfacet
  facet normal 9.854595e-01 4.481351e-15 1.699104e-01
    outer loop
      vertex   4.247206e+01 3.125000e+00 -2.399150e+01
      vertex   4.247206e+01 6.250000e+00 -2.399150e+01
      vertex   4.243725e+01 3.125000e+00 -2.378963e+01
    endloop
  endfacet
  facet normal 9.854595e-01 -0.000000e+00 1.699104e-01
    outer loop
      vertex   4.243725e+01 3.125000e+00 -2.378963e+01
      vertex   4.247206e+01 6.250000e+00 -2.399150e+01
      vertex   4.243725e+01 6.250000e+00 -2.378963e+01
    endloop
  endfacet
  facet normal 9.715671e-01 -0.000000e+00 2.367644e-01
    outer loop
      vertex   4.243725e+01 3.125000e+00 -2.378963e+01
      vertex   4.243725e+01 6.250000e+00 -2.378963e+01
      vertex   4.238875e+01 3.125000e+00 -2.359061e+01
    endloop
  endfacet
  facet normal 9.715671e-01 2.209088e-15 2.367644e-01
    outer loop
      vertex   4.238875e+01 3.125000e+00 -2.359061e+01
      vertex   4.243725e+01 6.250000e+00 -2.378963e+01
      vertex   4.238875e+01 6.250000e+00 -2.359061e+01
    endloop
  endfacet
  facet normal 9.531448e-01 2.167200e-15 3.025146e-01
    outer loop
      vertex   4.238875e+01 3.125000e+00 -2.359061e+01
      vertex   4.238875e+01 6.250000e+00 -2.359061e+01
      vertex   4.232678e+01 3.125000e+00 -2.339536e+01
    endloop
  endfacet
  facet normal 9.531448e-01 2.167200e-15 3.025146e-01
    outer loop
      vertex   4.232678e+01 3.125000e+00 -2.339536e+01
      vertex   4.238875e+01 6.250000e+00 -2.359061e+01
      vertex   4.232678e+01 6.250000e+00 -2.339536e+01
    endloop
  endfacet
  facet normal 9.302784e-01 2.115208e-15 3.668542e-01
    outer loop
      vertex   4.232678e+01 3.125000e+00 -2.339536e+01
      vertex   4.232678e+01 6.250000e+00 -2.339536e+01
      vertex   4.225163e+01 3.125000e+00 -2.320480e+01
    endloop
  endfacet
  facet normal 9.302784e-01 -0.000000e+00 3.668542e-01
    outer loop
      vertex   4.225163e+01 3.125000e+00 -2.320480e+01
      vertex   4.232678e+01 6.250000e+00 -2.339536e+01
      vertex   4.225163e+01 6.250000e+00 -2.320480e+01
    endloop
  endfacet
  facet normal 9.030747e-01 -0.000000e+00 4.294834e-01
    outer loop
      vertex   4.225163e+01 3.125000e+00 -2.320480e+01
      vertex   4.225163e+01 6.250000e+00 -2.320480e+01
      vertex   4.216366e+01 3.125000e+00 -2.301980e+01
    endloop
  endfacet
  facet normal 9.030747e-01 -0.000000e+00 4.294834e-01
    outer loop
      vertex   4.216366e+01 3.125000e+00 -2.301980e+01
      vertex   4.225163e+01 6.250000e+00 -2.320480e+01
      vertex   4.216366e+01 6.250000e+00 -2.301980e+01
    endloop
  endfacet
  facet normal 8.716605e-01 -0.000000e+00 4.901102e-01
    outer loop
      vertex   4.216366e+01 3.125000e+00 -2.301980e+01
      vertex   4.216366e+01 6.250000e+00 -2.301980e+01
      vertex   4.206326e+01 3.125000e+00 -2.284125e+01
    endloop
  endfacet
  facet normal 8.716605e-01 1.114382e-15 4.901102e-01
    outer loop
      vertex   4.206326e+01 3.125000e+00 -2.284125e+01
      vertex   4.216366e+01 6.250000e+00 -2.301980e+01
      vertex   4.206326e+01 6.250000e+00 -2.284125e+01
    endloop
  endfacet
  facet normal 8.361821e-01 1.247035e-15 5.484519e-01
    outer loop
      vertex   4.206326e+01 3.125000e+00 -2.284125e+01
      vertex   4.206326e+01 6.250000e+00 -2.284125e+01
      vertex   4.195091e+01 3.125000e+00 -2.266996e+01
    endloop
  endfacet
  facet normal 8.361821e-01 -0.000000e+00 5.484519e-01
    outer loop
      vertex   4.195091e+01 3.125000e+00 -2.266996e+01
      vertex   4.206326e+01 6.250000e+00 -2.284125e+01
      vertex   4.195091e+01 6.250000e+00 -2.266996e+01
    endloop
  endfacet
  facet normal 7.968051e-01 -0.000000e+00 6.042364e-01
    outer loop
      vertex   4.195091e+01 3.125000e+00 -2.266996e+01
      vertex   4.195091e+01 6.250000e+00 -2.266996e+01
      vertex   4.182713e+01 3.125000e+00 -2.250674e+01
    endloop
  endfacet
  facet normal 7.968051e-01 -6.869372e-16 6.042364e-01
    outer loop
      vertex   4.182713e+01 3.125000e+00 -2.250674e+01
      vertex   4.195091e+01 6.250000e+00 -2.266996e+01
      vertex   4.182713e+01 6.250000e+00 -2.250674e+01
    endloop
  endfacet
  facet normal 7.537130e-01 -7.471541e-16 6.572037e-01
    outer loop
      vertex   4.182713e+01 3.125000e+00 -2.250674e+01
      vertex   4.182713e+01 6.250000e+00 -2.250674e+01
      vertex   4.169251e+01 3.125000e+00 -2.235234e+01
    endloop
  endfacet
  facet normal 7.537130e-01 -0.000000e+00 6.572037e-01
    outer loop
      vertex   4.169251e+01 3.125000e+00 -2.235234e+01
      vertex   4.182713e+01 6.250000e+00 -2.250674e+01
      vertex   4.169251e+01 6.250000e+00 -2.235234e+01
    endloop
  endfacet
  facet normal 7.071068e-01 -0.000000e+00 7.071068e-01
    outer loop
      vertex   4.169251e+01 3.125000e+00 -2.235234e+01
      vertex   4.169251e+01 6.250000e+00 -2.235234e+01
      vertex   4.154766e+01 3.125000e+00 -2.220749e+01
    endloop
  endfacet
  facet normal 7.071068e-01 -0.000000e+00 7.071068e-01
    outer loop
      vertex   4.154766e+01 3.125000e+00 -2.220749e+01
      vertex   4.169251e+01 6.250000e+00 -2.235234e+01
      vertex   4.154766e+01 6.250000e+00 -2.220749e+01
    endloop
  endfacet
  facet normal 6.572037e-01 -0.000000e+00 7.537130e-01
    outer loop
      vertex   4.154766e+01 3.125000e+00 -2.220749e+01
      vertex   4.154766e+01 6.250000e+00 -2.220749e+01
      vertex   4.139326e+01 3.125000e+00 -2.207287e+01
    endloop
  endfacet
  facet normal 6.572037e-01 -0.000000e+00 7.537130e-01
    outer loop
      vertex   4.139326e+01 3.125000e+00 -2.207287e+01
      vertex   4.154766e+01 6.250000e+00 -2.220749e+01
      vertex   4.139326e+01 6.250000e+00 -2.207287e+01
    endloop
  endfacet
  facet normal 6.042364e-01 -0.000000e+00 7.968051e-01
    outer loop
      vertex   4.139326e+01 3.125000e+00 -2.207287e+01
      vertex   4.139326e+01 6.250000e+00 -2.207287e+01
      vertex   4.123004e+01 3.125000e+00 -2.194909e+01
    endloop
  endfacet
  facet normal 6.042364e-01 -1.811725e-15 7.968051e-01
    outer loop
      vertex   4.123004e+01 3.125000e+00 -2.194909e+01
      vertex   4.139326e+01 6.250000e+00 -2.207287e+01
      vertex   4.123004e+01 6.250000e+00 -2.194909e+01
    endloop
  endfacet
  facet normal 5.484519e-01 -1.901258e-15 8.361821e-01
    outer loop
      vertex   4.123004e+01 3.125000e+00 -2.194909e+01
      vertex   4.123004e+01 6.250000e+00 -2.194909e+01
      vertex   4.105875e+01 3.125000e+00 -2.183674e+01
    endloop
  endfacet
  facet normal 5.484519e-01 -0.000000e+00 8.361821e-01
    outer loop
      vertex   4.105875e+01 3.125000e+00 -2.183674e+01
      vertex   4.123004e+01 6.250000e+00 -2.194909e+01
      vertex   4.105875e+01 6.250000e+00 -2.183674e+01
    endloop
  endfacet
  facet normal 4.901102e-01 -0.000000e+00 8.716605e-01
    outer loop
      vertex   4.105875e+01 3.125000e+00 -2.183674e+01
      vertex   4.105875e+01 6.250000e+00 -2.183674e+01
      vertex   4.088020e+01 3.125000e+00 -2.173634e+01
    endloop
  endfacet
  facet normal 4.901102e-01 -0.000000e+00 8.716605e-01
    outer loop
      vertex   4.088020e+01 3.125000e+00 -2.173634e+01
      vertex   4.105875e+01 6.250000e+00 -2.183674e+01
      vertex   4.088020e+01 6.250000e+00 -2.173634e+01
    endloop
  endfacet
  facet normal 4.294834e-01 -0.000000e+00 9.030747e-01
    outer loop
      vertex   4.088020e+01 3.125000e+00 -2.173634e+01
      vertex   4.088020e+01 6.250000e+00 -2.173634e+01
      vertex   4.069520e+01 3.125000e+00 -2.164837e+01
    endloop
  endfacet
  facet normal 4.294834e-01 -0.000000e+00 9.030747e-01
    outer loop
      vertex   4.069520e+01 3.125000e+00 -2.164837e+01
      vertex   4.088020e+01 6.250000e+00 -2.173634e+01
      vertex   4.069520e+01 6.250000e+00 -2.164837e+01
    endloop
  endfacet
  facet normal 3.668542e-01 -0.000000e+00 9.302784e-01
    outer loop
      vertex   4.069520e+01 3.125000e+00 -2.164837e+01
      vertex   4.069520e+01 6.250000e+00 -2.164837e+01
      vertex   4.050464e+01 3.125000e+00 -2.157322e+01
    endloop
  endfacet
  facet normal 3.668542e-01 -0.000000e+00 9.302784e-01
    outer loop
      vertex   4.050464e+01 3.125000e+00 -2.157322e+01
      vertex   4.069520e+01 6.250000e+00 -2.164837e+01
      vertex   4.050464e+01 6.250000e+00 -2.157322e+01
    endloop
  endfacet
  facet normal 3.025146e-01 -0.000000e+00 9.531448e-01
    outer loop
      vertex   4.050464e+01 3.125000e+00 -2.157322e+01
      vertex   4.050464e+01 6.250000e+00 -2.157322e+01
      vertex   4.030939e+01 3.125000e+00 -2.151125e+01
    endloop
  endfacet
  facet normal 3.025146e-01 2.167200e-15 9.531448e-01
    outer loop
      vertex   4.030939e+01 3.125000e+00 -2.151125e+01
      vertex   4.050464e+01 6.250000e+00 -2.157322e+01
      vertex   4.030939e+01 6.250000e+00 -2.151125e+01
    endloop
  endfacet
  facet normal 2.367644e-01 2.209088e-15 9.715671e-01
    outer loop
      vertex   4.030939e+01 3.125000e+00 -2.151125e+01
      vertex   4.030939e+01 6.250000e+00 -2.151125e+01
      vertex   4.011037e+01 3.125000e+00 -2.146275e+01
    endloop
  endfacet
  facet normal 2.367644e-01 -0.000000e+00 9.715671e-01
    outer loop
      vertex   4.011037e+01 3.125000e+00 -2.146275e+01
      vertex   4.030939e+01 6.250000e+00 -2.151125e+01
      vertex   4.011037e+01 6.250000e+00 -2.146275e+01
    endloop
  endfacet
  facet normal 1.699104e-01 -0.000000e+00 9.854595e-01
    outer loop
      vertex   4.011037e+01 3.125000e+00 -2.146275e+01
      vertex   4.011037e+01 6.250000e+00 -2.146275e+01
      vertex   3.990850e+01 3.125000e+00 -2.142794e+01
    endloop
  endfacet
  facet normal 1.699104e-01 -0.000000e+00 9.854595e-01
    outer loop
      vertex   3.990850e+01 3.125000e+00 -2.142794e+01
      vertex   4.011037e+01 6.250000e+00 -2.146275e+01
      vertex   3.990850e+01 6.250000e+00 -2.142794e+01
    endloop
  endfacet
  facet normal 1.022641e-01 -0.000000e+00 9.947573e-01
    outer loop
      vertex   3.990850e+01 3.125000e+00 -2.142794e+01
      vertex   3.990850e+01 6.250000e+00 -2.142794e+01
      vertex   3.970473e+01 3.125000e+00 -2.140699e+01
    endloop
  endfacet
  facet normal 1.022641e-01 -0.000000e+00 9.947573e-01
    outer loop
      vertex   3.970473e+01 3.125000e+00 -2.140699e+01
      vertex   3.990850e+01 6.250000e+00 -2.142794e+01
      vertex   3.970473e+01 6.250000e+00 -2.140699e+01
    endloop
  endfacet
  facet normal 3.414111e-02 -0.000000e+00 9.994170e-01
    outer loop
      vertex   3.970473e+01 3.125000e+00 -2.140699e+01
      vertex   3.970473e+01 6.250000e+00 -2.140699e+01
      vertex   3.950000e+01 6.250000e+00 -2.140000e+01
    endloop
  endfacet
  facet normal 0.000000e+00 0.000000e+00 1.000000e+00
    outer loop
      vertex   2.300000e+01 0.000000e+00 -2.140000e+01
      vertex   3.950000e+01 0.000000e+00 -2.140000e+01
      vertex   2.300000e+01 6.250000e+00 -2.140000e+01
    endloop
  endfacet
  facet normal -0.000000e+00 0.000000e+00 1.000000e+00
    outer loop
      vertex   2.300000e+01 6.250000e+00 -2.140000e+01
      vertex   3.950000e+01 0.000000e+00 -2.140000e+01
      vertex   3.950000e+01 6.250000e+00 -2.140000e+01
    endloop
  endfacet
  facet normal -3.414111e-02 0.000000e+00 9.994170e-01
    outer loop
      vertex   2.300000e+01 0.000000e+00 -2.140000e+01
      vertex   2.300000e+01 6.250000e+00 -2.140000e+01
      vertex   2.279527e+01 3.125000e+00 -2.140699e+01
    endloop
  endfacet
  facet normal -3.414111e-02 0.000000e+00 9.994170e-01
    outer loop
      vertex   2.279527e+01 3.125000e+00 -2.140699e+01
      vertex   2.300000e+01 6.250000e+00 -2.140000e+01
      vertex   2.279527e+01 6.250000e+00 -2.140699e+01
    endloop
  endfacet
  facet normal -1.022641e-01 0.000000e+00 9.947573e-01
    outer loop
      vertex   2.279527e+01 3.125000e+00 -2.140699e+01
      vertex   2.279527e+01 6.250000e+00 -2.140699e+01
      vertex   2.259150e+01 3.125000e+00 -2.142794e+01
    endloop
  endfacet
  facet normal -1.022641e-01 0.000000e+00 9.947573e-01
    outer loop
      vertex   2.259150e+01 3.125000e+00 -2.142794e+01
      vertex   2.279527e+01 6.250000e+00 -2.140699e+01
      vertex   2.259150e+01 6.250000e+00 -2.142794e+01
    endloop
  endfacet
  facet normal -1.699104e-01 0.000000e+00 9.854595e-01
    outer loop
      vertex   2.259150e+01 3.125000e+00 -2.142794e+01
      vertex   2.259150e+01 6.250000e+00 -2.142794e+01
      vertex   2.238963e+01 3.125000e+00 -2.146275e+01
    endloop
  endfacet
  facet normal -1.699104e-01 0.000000e+00 9.854595e-01
    outer loop
      vertex   2.238963e+01 3.125000e+00 -2.146275e+01
      vertex   2.259150e+01 6.250000e+00 -2.142794e+01
      vertex   2.238963e+01 6.250000e+00 -2.146275e+01
    endloop
  endfacet
  facet normal -2.367644e-01 0.000000e+00 9.715671e-01
    outer loop
      vertex   2.238963e+01 3.125000e+00 -2.146275e+01
      vertex   2.238963e+01 6.250000e+00 -2.146275e+01
      vertex   2.219061e+01 3.125000e+00 -2.151125e+01
    endloop
  endfacet
  facet normal -2.367644e-01 0.000000e+00 9.715671e-01
    outer loop
      vertex   2.219061e+01 3.125000e+00 -2.151125e+01
      vertex   2.238963e+01 6.250000e+00 -2.146275e+01
      vertex   2.219061e+01 6.250000e+00 -2.151125e+01
    endloop
  endfacet
  facet normal -3.025146e-01 0.000000e+00 9.531448e-01
    outer loop
      vertex   2.219061e+01 3.125000e+00 -2.151125e+01
      vertex   2.219061e+01 6.250000e+00 -2.151125e+01
      vertex   2.199536e+01 3.125000e+00 -2.157322e+01
    endloop
  endfacet
  facet normal -3.025146e-01 0.000000e+00 9.531448e-01
    outer loop
      vertex   2.199536e+01 3.125000e+00 -2.157322e+01
      vertex   2.219061e+01 6.250000e+00 -2.151125e+01
      vertex   2.199536e+01 6.250000e+00 -2.157322e+01
    endloop
  endfacet
  facet normal -3.668542e-01 0.000000e+00 9.302784e-01
    outer loop
      vertex   2.199536e+01 3.125000e+00 -2.157322e+01
      vertex   2.199536e+01 6.250000e+00 -2.157322e+01
      vertex   2.180480e+01 3.125000e+00 -2.164837e+01
    endloop
  endfacet
  facet normal -3.668542e-01 0.000000e+00 9.302784e-01
    outer loop
      vertex   2.180480e+01 3.125000e+00 -2.164837e+01
      vertex   2.199536e+01 6.250000e+00 -2.157322e+01
      vertex   2.180480e+01 6.250000e+00 -2.164837e+01
    endloop
  endfacet
  facet normal -4.294834e-01 0.000000e+00 9.030747e-01
    outer loop
      vertex   2.180480e+01 3.125000e+00 -2.164837e+01
      vertex   2.180480e+01 6.250000e+00 -2.164837e+01
      vertex   2.161980e+01 3.125000e+00 -2.173634e+01
    endloop
  endfacet
  facet normal -4.294834e-01 0.000000e+00 9.030747e-01
    outer loop
      vertex   2.161980e+01 3.125000e+00 -2.173634e+01
      vertex   2.180480e+01 6.250000e+00 -2.164837e+01
      vertex   2.161980e+01 6.250000e+00 -2.173634e+01
    endloop
  endfacet
  facet normal -4.901102e-01 0.000000e+00 8.716605e-01
    outer loop
      vertex   2.161980e+01 3.125000e+00 -2.173634e+01
      vertex   2.161980e+01 6.250000e+00 -2.173634e+01
      vertex   2.144125e+01 3.125000e+00 -2.183674e+01
    endloop
  endfacet
  facet normal -4.901102e-01 0.000000e+00 8.716605e-01
    outer loop
      vertex   2.144125e+01 3.125000e+00 -2.183674e+01
      vertex   2.161980e+01 6.250000e+00 -2.173634e+01
      vertex   2.144125e+01 6.250000e+00 -2.183674e+01
    endloop
  endfacet
  facet normal -5.484519e-01 0.000000e+00 8.361821e-01
    outer loop
      vertex   2.144125e+01 3.125000e+00 -2.183674e+01
      vertex   2.144125e+01 6.250000e+00 -2.183674e+01
      vertex   2.126996e+01 3.125000e+00 -2.194909e+01
    endloop
  endfacet
  facet normal -5.484519e-01 0.000000e+00 8.361821e-01
    outer loop
      vertex   2.126996e+01 3.125000e+00 -2.194909e+01
      vertex   2.144125e+01 6.250000e+00 -2.183674e+01
      vertex   2.126996e+01 6.250000e+00 -2.194909e+01
    endloop
  endfacet
  facet normal -6.042364e-01 0.000000e+00 7.968051e-01
    outer loop
      vertex   2.126996e+01 3.125000e+00 -2.194909e+01
      vertex   2.126996e+01 6.250000e+00 -2.194909e+01
      vertex   2.110674e+01 3.125000e+00 -2.207287e+01
    endloop
  endfacet
  facet normal -6.042364e-01 0.000000e+00 7.968051e-01
    outer loop
      vertex   2.110674e+01 3.125000e+00 -2.207287e+01
      vertex   2.126996e+01 6.250000e+00 -2.194909e+01
      vertex   2.110674e+01 6.250000e+00 -2.207287e+01
    endloop
  endfacet
  facet normal -6.572037e-01 0.000000e+00 7.537130e-01
    outer loop
      vertex   2.110674e+01 3.125000e+00 -2.207287e+01
      vertex   2.110674e+01 6.250000e+00 -2.207287e+01
      vertex   2.095234e+01 3.125000e+00 -2.220749e+01
    endloop
  endfacet
  facet normal -6.572037e-01 0.000000e+00 7.537130e-01
    outer loop
      vertex   2.095234e+01 3.125000e+00 -2.220749e+01
      vertex   2.110674e+01 6.250000e+00 -2.207287e+01
      vertex   2.095234e+01 6.250000e+00 -2.220749e+01
    endloop
  endfacet
  facet normal -7.071068e-01 0.000000e+00 7.071068e-01
    outer loop
      vertex   2.095234e+01 3.125000e+00 -2.220749e+01
      vertex   2.095234e+01 6.250000e+00 -2.220749e+01
      vertex   2.080749e+01 3.125000e+00 -2.235234e+01
    endloop
  endfacet
  facet normal -7.071068e-01 0.000000e+00 7.071068e-01
    outer loop
      vertex   2.080749e+01 3.125000e+00 -2.235234e+01
      vertex   2.095234e+01 6.250000e+00 -2.220749e+01
      vertex   2.080749e+01 6.250000e+00 -2.235234e+01
    endloop
  endfacet
  facet normal -7.537130e-01 0.000000e+00 6.572037e-01
    outer loop
      vertex   2.080749e+01 3.125000e+00 -2.235234e+01
      vertex   2.080749e+01 6.250000e+00 -2.235234e+01
      vertex   2.067287e+01 3.125000e+00 -2.250674e+01
    endloop
  endfacet
  facet normal -7.537130e-01 0.000000e+00 6.572037e-01
    outer loop
      vertex   2.067287e+01 3.125000e+00 -2.250674e+01
      vertex   2.080749e+01 6.250000e+00 -2.235234e+01
      vertex   2.067287e+01 6.250000e+00 -2.250674e+01
    endloop
  endfacet
  facet normal -7.968051e-01 0.000000e+00 6.042364e-01
    outer loop
      vertex   2.067287e+01 3.125000e+00 -2.250674e+01
      vertex   2.067287e+01 6.250000e+00 -2.250674e+01
      vertex   2.054909e+01 3.125000e+00 -2.266996e+01
    endloop
  endfacet
  facet normal -7.968051e-01 0.000000e+00 6.042364e-01
    outer loop
      vertex   2.054909e+01 3.125000e+00 -2.266996e+01
      vertex   2.067287e+01 6.250000e+00 -2.250674e+01
      vertex   2.054909e+01 6.250000e+00 -2.266996e+01
    endloop
  endfacet
  facet normal -8.361821e-01 0.000000e+00 5.484519e-01
    outer loop
      vertex   2.054909e+01 3.125000e+00 -2.266996e+01
      vertex   2.054909e+01 6.250000e+00 -2.266996e+01
      vertex   2.043674e+01 3.125000e+00 -2.284125e+01
    endloop
  endfacet
  facet normal -8.361821e-01 0.000000e+00 5.484519e-01
    outer loop
      vertex   2.043674e+01 3.125000e+00 -2.284125e+01
      vertex   2.054909e+01 6.250000e+00 -2.266996e+01
      vertex   2.043674e+01 6.250000e+00 -2.284125e+01
    endloop
  endfacet
  facet normal -8.716605e-01 0.000000e+00 4.901102e-01
    outer loop
      vertex   2.043674e+01 3.125000e+00 -2.284125e+01
      vertex   2.043674e+01 6.250000e+00 -2.284125e+01
      vertex   2.033634e+01 3.125000e+00 -2.301980e+01
    endloop
  endfacet
  facet normal -8.716605e-01 0.000000e+00 4.901102e-01
    outer loop
      vertex   2.033634e+01 3.125000e+00 -2.301980e+01
      vertex   2.043674e+01 6.250000e+00 -2.284125e+01
      vertex   2.033634e+01 6.250000e+00 -2.301980e+01
    endloop
  endfacet
  facet normal -9.030747e-01 0.000000e+00 4.294834e-01
    outer loop
      vertex   2.033634e+01 3.125000e+00 -2.301980e+01
      vertex   2.033634e+01 6.250000e+00 -2.301980e+01
      vertex   2.024837e+01 3.125000e+00 -2.320480e+01
    endloop
  endfacet
  facet normal -9.030747e-01 -1.026677e-15 4.294834e-01
    outer loop
      vertex   2.024837e+01 3.125000e+00 -2.320480e+01
      vertex   2.033634e+01 6.250000e+00 -2.301980e+01
      vertex   2.024837e+01 6.250000e+00 -2.320480e+01
    endloop
  endfacet
  facet normal -9.302784e-01 -1.057604e-15 3.668542e-01
    outer loop
      vertex   2.024837e+01 3.125000e+00 -2.320480e+01
      vertex   2.024837e+01 6.250000e+00 -2.320480e+01
      vertex   2.017322e+01 3.125000e+00 -2.339536e+01
    endloop
  endfacet
  facet normal -9.302784e-01 1.057604e-15 3.668542e-01
    outer loop
      vertex   2.017322e+01 3.125000e+00 -2.339536e+01
      vertex   2.024837e+01 6.250000e+00 -2.320480e+01
      vertex   2.017322e+01 6.250000e+00 -2.339536e+01
    endloop
  endfacet
  facet normal -9.531448e-01 1.083600e-15 3.025146e-01
    outer loop
      vertex   2.017322e+01 3.125000e+00 -2.339536e+01
      vertex   2.017322e+01 6.250000e+00 -2.339536e+01
      vertex   2.011125e+01 3.125000e+00 -2.359061e+01
    endloop
  endfacet
  facet normal -9.531448e-01 0.000000e+00 3.025146e-01
    outer loop
      vertex   2.011125e+01 3.125000e+00 -2.359061e+01
      vertex   2.017322e+01 6.250000e+00 -2.339536e+01
      vertex   2.011125e+01 6.250000e+00 -2.359061e+01
    endloop
  endfacet
  facet normal -9.715671e-01 0.000000e+00 2.367644e-01
    outer loop
      vertex   2.011125e+01 3.125000e+00 -2.359061e+01
      vertex   2.011125e+01 6.250000e+00 -2.359061e+01
      vertex   2.006275e+01 3.125000e+00 -2.378963e+01
    endloop
  endfacet
  facet normal -9.715671e-01 0.000000e+00 2.367644e-01
    outer loop
      vertex   2.006275e+01 3.125000e+00 -2.378963e+01
      vertex   2.011125e+01 6.250000e+00 -2.359061e+01
      vertex   2.006275e+01 6.250000e+00 -2.378963e+01
    endloop
  endfacet
  facet normal -9.854595e-01 0.000000e+00 1.699104e-01
    outer loop
      vertex   2.006275e+01 3.125000e+00 -2.378963e+01
      vertex   2.006275e+01 6.250000e+00 -2.378963e+01
      vertex   2.002794e+01 3.125000e+00 -2.399150e+01
    endloop
  endfacet
  facet normal -9.854595e-01 0.000000e+00 1.699104e-01
    outer loop
      vertex   2.002794e+01 3.125000e+00 -2.399150e+01
      vertex   2.006275e+01 6.250000e+00 -2.378963e+01
      vertex   2.002794e+01 6.250000e+00 -2.399150e+01
    endloop
  endfacet
  facet normal -9.947573e-01 0.000000e+00 1.022641e-01
    outer loop
      vertex   2.002794e+01 3.125000e+00 -2.399150e+01
      vertex   2.002794e+01 6.250000e+00 -2.399150e+01
      vertex   2.000699e+01 3.125000e+00 -2.419527e+01
    endloop
  endfacet
  facet normal -9.947573e-01 1.130908e-15 1.022641e-01
    outer loop
      vertex   2.000699e+01 3.125000e+00 -2.419527e+01
      vertex   2.002794e+01 6.250000e+00 -2.399150e+01
      vertex   2.000699e+01 6.250000e+00 -2.419527e+01
    endloop
  endfacet
  facet normal -9.994170e-01 1.136206e-15 3.414111e-02
    outer loop
      vertex   2.000699e+01 3.125000e+00 -2.419527e+01
      vertex   2.000699e+01 6.250000e+00 -2.419527e+01
      vertex   2.000000e+01 6.250000e+00 -2.440000e+01
    endloop
  endfacet
  facet normal -9.994170e-01 0.000000e+00 3.414111e-02
    outer loop
      vertex   2.000000e+01 6.250000e+00 -2.440000e+01
      vertex   2.000000e+01 0.000000e+00 -2.440000e+01
      vertex   2.000699e+01 3.125000e+00 -2.419527e+01
    endloop
  endfacet
  facet normal -9.994170e-01 -1.136206e-15 3.414111e-02
    outer loop
      vertex   2.000699e+01 3.125000e+00 -2.419527e+01
      vertex   2.000000e+01 0.000000e+00 -2.440000e+01
      vertex   2.000699e+01 8.646727e-16 -2.419527e+01
    endloop
  endfacet
  facet normal -9.947573e-01 -1.130908e-15 1.022641e-01
    outer loop
      vertex   2.000699e+01 3.125000e+00 -2.419527e+01
      vertex   2.000699e+01 8.646727e-16 -2.419527e+01
      vertex   2.002794e+01 3.125000e+00 -2.399150e+01
    endloop
  endfacet
  facet normal -9.947573e-01 0.000000e+00 1.022641e-01
    outer loop
      vertex   2.002794e+01 3.125000e+00 -2.399150e+01
      vertex   2.000699e+01 8.646727e-16 -2.419527e+01
      vertex   2.002794e+01 8.397236e-16 -2.399150e+01
    endloop
  endfacet
  facet normal -9.854595e-01 0.000000e+00 1.699104e-01
    outer loop
      vertex   2.002794e+01 3.125000e+00 -2.399150e+01
      vertex   2.002794e+01 8.397236e-16 -2.399150e+01
      vertex   2.006275e+01 3.125000e+00 -2.378963e+01
    endloop
  endfacet
  facet normal -9.854595e-01 0.000000e+00 1.699104e-01
    outer loop
      vertex   2.006275e+01 3.125000e+00 -2.378963e+01
      vertex   2.002794e+01 8.397236e-16 -2.399150e+01
      vertex   2.006275e+01 8.134476e-16 -2.378963e+01
    endloop
  endfacet
  facet normal -9.715671e-01 0.000000e+00 2.367644e-01
    outer loop
      vertex   2.006275e+01 3.125000e+00 -2.378963e+01
      vertex   2.006275e+01 8.134476e-16 -2.378963e+01
      vertex   2.011125e+01 3.125000e+00 -2.359061e+01
    endloop
  endfacet
  facet normal -9.715671e-01 0.000000e+00 2.367644e-01
    outer loop
      vertex   2.011125e+01 3.125000e+00 -2.359061e+01
      vertex   2.006275e+01 8.134476e-16 -2.378963e+01
      vertex   2.011125e+01 7.859670e-16 -2.359061e+01
    endloop
  endfacet
  facet normal -9.531448e-01 0.000000e+00 3.025146e-01
    outer loop
      vertex   2.011125e+01 3.125000e+00 -2.359061e+01
      vertex   2.011125e+01 7.859670e-16 -2.359061e+01
      vertex   2.017322e+01 3.125000e+00 -2.339536e+01
    endloop
  endfacet
  facet normal -9.531448e-01 -1.083600e-15 3.025146e-01
    outer loop
      vertex   2.017322e+01 3.125000e+00 -2.339536e+01
      vertex   2.011125e+01 7.859670e-16 -2.359061e+01
      vertex   2.017322e+01 7.574101e-16 -2.339536e+01
    endloop
  endfacet
  facet normal -9.302784e-01 -1.057604e-15 3.668542e-01
    outer loop
      vertex   2.017322e+01 3.125000e+00 -2.339536e+01
      vertex   2.017322e+01 7.574101e-16 -2.339536e+01
      vertex   2.024837e+01 3.125000e+00 -2.320480e+01
    endloop
  endfacet
  facet normal -9.302784e-01 1.057604e-15 3.668542e-01
    outer loop
      vertex   2.024837e+01 3.125000e+00 -2.320480e+01
      vertex   2.017322e+01 7.574101e-16 -2.339536e+01
      vertex   2.024837e+01 7.279100e-16 -2.320480e+01
    endloop
  endfacet
  facet normal -9.030747e-01 1.026677e-15 4.294834e-01
    outer loop
      vertex   2.024837e+01 3.125000e+00 -2.320480e+01
      vertex   2.024837e+01 7.279100e-16 -2.320480e+01
      vertex   2.033634e+01 3.125000e+00 -2.301980e+01
    endloop
  endfacet
  facet normal -9.030747e-01 0.000000e+00 4.294834e-01
    outer loop
      vertex   2.033634e+01 3.125000e+00 -2.301980e+01
      vertex   2.024837e+01 7.279100e-16 -2.320480e+01
      vertex   2.033634e+01 6.976043e-16 -2.301980e+01
    endloop
  endfacet
  facet normal -8.716605e-01 0.000000e+00 4.901102e-01
    outer loop
      vertex   2.033634e+01 3.125000e+00 -2.301980e+01
      vertex   2.033634e+01 6.976043e-16 -2.301980e+01
      vertex   2.043674e+01 3.125000e+00 -2.284125e+01
    endloop
  endfacet
  facet normal -8.716605e-01 0.000000e+00 4.901102e-01
    outer loop
      vertex   2.043674e+01 3.125000e+00 -2.284125e+01
      vertex   2.033634e+01 6.976043e-16 -2.301980e+01
      vertex   2.043674e+01 6.666341e-16 -2.284125e+01
    endloop
  endfacet
  facet normal -8.361821e-01 0.000000e+00 5.484519e-01
    outer loop
      vertex   2.043674e+01 3.125000e+00 -2.284125e+01
      vertex   2.043674e+01 6.666341e-16 -2.284125e+01
      vertex   2.054909e+01 3.125000e+00 -2.266996e+01
    endloop
  endfacet
  facet normal -8.361821e-01 0.000000e+00 5.484519e-01
    outer loop
      vertex   2.054909e+01 3.125000e+00 -2.266996e+01
      vertex   2.043674e+01 6.666341e-16 -2.284125e+01
      vertex   2.054909e+01 6.351440e-16 -2.266996e+01
    endloop
  endfacet
  facet normal -7.968051e-01 0.000000e+00 6.042364e-01
    outer loop
      vertex   2.054909e+01 3.125000e+00 -2.266996e+01
      vertex   2.054909e+01 6.351440e-16 -2.266996e+01
      vertex   2.067287e+01 3.125000e+00 -2.250674e+01
    endloop
  endfacet
  facet normal -7.968051e-01 0.000000e+00 6.042364e-01
    outer loop
      vertex   2.067287e+01 3.125000e+00 -2.250674e+01
      vertex   2.054909e+01 6.351440e-16 -2.266996e+01
      vertex   2.067287e+01 6.032808e-16 -2.250674e+01
    endloop
  endfacet
  facet normal -7.537130e-01 0.000000e+00 6.572037e-01
    outer loop
      vertex   2.067287e+01 3.125000e+00 -2.250674e+01
      vertex   2.067287e+01 6.032808e-16 -2.250674e+01
      vertex   2.080749e+01 3.125000e+00 -2.235234e+01
    endloop
  endfacet
  facet normal -7.537130e-01 0.000000e+00 6.572037e-01
    outer loop
      vertex   2.080749e+01 3.125000e+00 -2.235234e+01
      vertex   2.067287e+01 6.032808e-16 -2.250674e+01
      vertex   2.080749e+01 5.711929e-16 -2.235234e+01
    endloop
  endfacet
  facet normal -7.071068e-01 0.000000e+00 7.071068e-01
    outer loop
      vertex   2.080749e+01 3.125000e+00 -2.235234e+01
      vertex   2.080749e+01 5.711929e-16 -2.235234e+01
      vertex   2.095234e+01 3.125000e+00 -2.220749e+01
    endloop
  endfacet
  facet normal -7.071068e-01 0.000000e+00 7.071068e-01
    outer loop
      vertex   2.095234e+01 3.125000e+00 -2.220749e+01
      vertex   2.080749e+01 5.711929e-16 -2.235234e+01
      vertex   2.095234e+01 5.390301e-16 -2.220749e+01
    endloop
  endfacet
  facet normal -6.572037e-01 0.000000e+00 7.537130e-01
    outer loop
      vertex   2.095234e+01 3.125000e+00 -2.220749e+01
      vertex   2.095234e+01 5.390301e-16 -2.220749e+01
      vertex   2.110674e+01 3.125000e+00 -2.207287e+01
    endloop
  endfacet
  facet normal -6.572037e-01 0.000000e+00 7.537130e-01
    outer loop
      vertex   2.110674e+01 3.125000e+00 -2.207287e+01
      vertex   2.095234e+01 5.390301e-16 -2.220749e+01
      vertex   2.110674e+01 5.069423e-16 -2.207287e+01
    endloop
  endfacet
  facet normal -6.042364e-01 0.000000e+00 7.968051e-01
    outer loop
      vertex   2.110674e+01 3.125000e+00 -2.207287e+01
      vertex   2.110674e+01 5.069423e-16 -2.207287e+01
      vertex   2.126996e+01 3.125000e+00 -2.194909e+01
    endloop
  endfacet
  facet normal -6.042364e-01 0.000000e+00 7.968051e-01
    outer loop
      vertex   2.126996e+01 3.125000e+00 -2.194909e+01
      vertex   2.110674e+01 5.069423e-16 -2.207287e+01
      vertex   2.126996e+01 4.750790e-16 -2.194909e+01
    endloop
  endfacet
  facet normal -5.484519e-01 0.000000e+00 8.361821e-01
    outer loop
      vertex   2.126996e+01 3.125000e+00 -2.194909e+01
      vertex   2.126996e+01 4.750790e-16 -2.194909e+01
      vertex   2.144125e+01 3.125000e+00 -2.183674e+01
    endloop
  endfacet
  facet normal -5.484519e-01 0.000000e+00 8.361821e-01
    outer loop
      vertex   2.144125e+01 3.125000e+00 -2.183674e+01
      vertex   2.126996e+01 4.750790e-16 -2.194909e+01
      vertex   2.144125e+01 4.435889e-16 -2.183674e+01
    endloop
  endfacet
  facet normal -4.901102e-01 0.000000e+00 8.716605e-01
    outer loop
      vertex   2.144125e+01 3.125000e+00 -2.183674e+01
      vertex   2.144125e+01 4.435889e-16 -2.183674e+01
      vertex   2.161980e+01 3.125000e+00 -2.173634e+01
    endloop
  endfacet
  facet normal -4.901102e-01 0.000000e+00 8.716605e-01
    outer loop
      vertex   2.161980e+01 3.125000e+00 -2.173634e+01
      vertex   2.144125e+01 4.435889e-16 -2.183674e+01
      vertex   2.161980e+01 4.126188e-16 -2.173634e+01
    endloop
  endfacet
  facet normal -4.294834e-01 0.000000e+00 9.030747e-01
    outer loop
      vertex   2.161980e+01 3.125000e+00 -2.173634e+01
      vertex   2.161980e+01 4.126188e-16 -2.173634e+01
      vertex   2.180480e+01 3.125000e+00 -2.164837e+01
    endloop
  endfacet
  facet normal -4.294834e-01 0.000000e+00 9.030747e-01
    outer loop
      vertex   2.180480e+01 3.125000e+00 -2.164837e+01
      vertex   2.161980e+01 4.126188e-16 -2.173634e+01
      vertex   2.180480e+01 3.823130e-16 -2.164837e+01
    endloop
  endfacet
  facet normal -3.668542e-01 0.000000e+00 9.302784e-01
    outer loop
      vertex   2.180480e+01 3.125000e+00 -2.164837e+01
      vertex   2.180480e+01 3.823130e-16 -2.164837e+01
      vertex   2.199536e+01 3.125000e+00 -2.157322e+01
    endloop
  endfacet
  facet normal -3.668542e-01 0.000000e+00 9.302784e-01
    outer loop
      vertex   2.199536e+01 3.125000e+00 -2.157322e+01
      vertex   2.180480e+01 3.823130e-16 -2.164837e+01
      vertex   2.199536e+01 3.528129e-16 -2.157322e+01
    endloop
  endfacet
  facet normal -3.025146e-01 0.000000e+00 9.531448e-01
    outer loop
      vertex   2.199536e+01 3.125000e+00 -2.157322e+01
      vertex   2.199536e+01 3.528129e-16 -2.157322e+01
      vertex   2.219061e+01 3.125000e+00 -2.151125e+01
    endloop
  endfacet
  facet normal -3.025146e-01 0.000000e+00 9.531448e-01
    outer loop
      vertex   2.219061e+01 3.125000e+00 -2.151125e+01
      vertex   2.199536e+01 3.528129e-16 -2.157322e+01
      vertex   2.219061e+01 3.242560e-16 -2.151125e+01
    endloop
  endfacet
  facet normal -2.367644e-01 0.000000e+00 9.715671e-01
    outer loop
      vertex   2.219061e+01 3.125000e+00 -2.151125e+01
      vertex   2.219061e+01 3.242560e-16 -2.151125e+01
      vertex   2.238963e+01 3.125000e+00 -2.146275e+01
    endloop
  endfacet
  facet normal -2.367644e-01 0.000000e+00 9.715671e-01
    outer loop
      vertex   2.238963e+01 3.125000e+00 -2.146275e+01
      vertex   2.219061e+01 3.242560e-16 -2.151125e+01
      vertex   2.238963e+01 2.967755e-16 -2.146275e+01
    endloop
  endfacet
  facet normal -1.699104e-01 0.000000e+00 9.854595e-01
    outer loop
      vertex   2.238963e+01 3.125000e+00 -2.146275e+01
      vertex   2.238963e+01 2.967755e-16 -2.146275e+01
      vertex   2.259150e+01 3.125000e+00 -2.142794e+01
    endloop
  endfacet
  facet normal -1.699104e-01 0.000000e+00 9.854595e-01
    outer loop
      vertex   2.259150e+01 3.125000e+00 -2.142794e+01
      vertex   2.238963e+01 2.967755e-16 -2.146275e+01
      vertex   2.259150e+01 2.704994e-16 -2.142794e+01
    endloop
  endfacet
  facet normal -1.022641e-01 0.000000e+00 9.947573e-01
    outer loop
      vertex   2.259150e+01 3.125000e+00 -2.142794e+01
      vertex   2.259150e+01 2.704994e-16 -2.142794e+01
      vertex   2.279527e+01 3.125000e+00 -2.140699e+01
    endloop
  endfacet
  facet normal -1.022641e-01 0.000000e+00 9.947573e-01
    outer loop
      vertex   2.279527e+01 3.125000e+00 -2.140699e+01
      vertex   2.259150e+01 2.704994e-16 -2.142794e+01
      vertex   2.279527e+01 2.455504e-16 -2.140699e+01
    endloop
  endfacet
  facet normal -3.414111e-02 0.000000e+00 9.994170e-01
    outer loop
      vertex   2.279527e+01 3.125000e+00 -2.140699e+01
      vertex   2.279527e+01 2.455504e-16 -2.140699e+01
      vertex   2.300000e+01 0.000000e+00 -2.140000e+01
    endloop
  endfacet
  facet normal -0.000000e+00 1.000000e+00 1.850372e-15
    outer loop
      vertex   3.725000e+01 1.000000e+00 -2.560000e+01
      vertex   4.141730e+01 1.000000e+00 -2.440000e+01
      vertex   4.045000e+01 1.000000e+00 -2.560000e+01
    endloop
  endfacet
  facet normal 2.295514e-15 1.000000e+00 0.000000e+00
    outer loop
      vertex   4.045000e+01 1.000000e+00 -2.560000e+01
      vertex   4.141730e+01 1.000000e+00 -2.440000e+01
      vertex   4.141730e+01 1.000000e+00 -4.500000e+01
    endloop
  endfacet
  facet normal 2.295514e-15 1.000000e+00 0.000000e+00
    outer loop
      vertex   4.045000e+01 1.000000e+00 -2.560000e+01
      vertex   4.141730e+01 1.000000e+00 -4.500000e+01
      vertex   4.045000e+01 1.000000e+00 -4.595000e+01
    endloop
  endfacet
  facet normal -1.274655e-14 1.000000e+00 1.531595e-14
    outer loop
      vertex   4.045000e+01 1.000000e+00 -4.595000e+01
      vertex   4.141730e+01 1.000000e+00 -4.500000e+01
      vertex   4.141047e+01 1.000000e+00 -4.516516e+01
    endloop
  endfacet
  facet normal -2.574023e-16 1.000000e+00 3.208516e-17
    outer loop
      vertex   4.045000e+01 1.000000e+00 -4.595000e+01
      vertex   4.141047e+01 1.000000e+00 -4.516516e+01
      vertex   4.139002e+01 1.000000e+00 -4.532919e+01
    endloop
  endfacet
  facet normal 0.000000e+00 1.000000e+00 -0.000000e+00
    outer loop
      vertex   3.725000e+01 1.000000e+00 -4.595000e+01
      vertex   2.525000e+01 1.000000e+00 -4.595000e+01
      vertex   3.725000e+01 1.000000e+00 -2.560000e+01
    endloop
  endfacet
  facet normal 0.000000e+00 1.000000e+00 0.000000e+00
    outer loop
      vertex   3.725000e+01 1.000000e+00 -2.560000e+01
      vertex   2.525000e+01 1.000000e+00 -4.595000e+01
      vertex   2.525000e+01 1.000000e+00 -2.560000e+01
    endloop
  endfacet
  facet normal 0.000000e+00 1.000000e+00 1.850372e-15
    outer loop
      vertex   3.725000e+01 1.000000e+00 -2.560000e+01
      vertex   2.525000e+01 1.000000e+00 -2.560000e+01
      vertex   4.141730e+01 1.000000e+00 -2.440000e+01
    endloop
  endfacet
  facet normal 0.000000e+00 1.000000e+00 1.850372e-15
    outer loop
      vertex   4.141730e+01 1.000000e+00 -2.440000e+01
      vertex   2.525000e+01 1.000000e+00 -2.560000e+01
      vertex   2.205000e+01 1.000000e+00 -2.560000e+01
    endloop
  endfacet
  facet normal 0.000000e+00 1.000000e+00 1.850372e-15
    outer loop
      vertex   4.141730e+01 1.000000e+00 -2.440000e+01
      vertex   2.205000e+01 1.000000e+00 -2.560000e+01
      vertex   2.091730e+01 1.000000e+00 -2.440000e+01
    endloop
  endfacet
  facet normal -1.960309e-15 1.000000e+00 -3.380785e-31
    outer loop
      vertex   2.091730e+01 1.000000e+00 -2.440000e+01
      vertex   2.205000e+01 1.000000e+00 -2.560000e+01
      vertex   2.091730e+01 1.000000e+00 -4.500000e+01
    endloop
  endfacet
  facet normal -1.960309e-15 1.000000e+00 0.000000e+00
    outer loop
      vertex   2.091730e+01 1.000000e+00 -4.500000e+01
      vertex   2.205000e+01 1.000000e+00 -2.560000e+01
      vertex   2.205000e+01 1.000000e+00 -4.595000e+01
    endloop
  endfacet
  facet normal 1.315453e-14 1.000000e+00 1.802169e-14
    outer loop
      vertex   2.091730e+01 1.000000e+00 -4.500000e+01
      vertex   2.205000e+01 1.000000e+00 -4.595000e+01
      vertex   2.092413e+01 1.000000e+00 -4.516516e+01
    endloop
  endfacet
  facet normal 6.479645e-16 1.000000e+00 8.076869e-17
    outer loop
      vertex   2.092413e+01 1.000000e+00 -4.516516e+01
      vertex   2.205000e+01 1.000000e+00 -4.595000e+01
      vertex   2.094458e+01 1.000000e+00 -4.532919e+01
    endloop
  endfacet
  facet normal 6.830360e-16 1.000000e+00 1.432176e-16
    outer loop
      vertex   2.094458e+01 1.000000e+00 -4.532919e+01
      vertex   2.205000e+01 1.000000e+00 -4.595000e+01
      vertex   2.097850e+01 1.000000e+00 -4.549097e+01
    endloop
  endfacet
  facet normal 7.125617e-16 1.000000e+00 2.121388e-16
    outer loop
      vertex   2.097850e+01 1.000000e+00 -4.549097e+01
      vertex   2.205000e+01 1.000000e+00 -4.595000e+01
      vertex   2.102566e+01 1.000000e+00 -4.564940e+01
    endloop
  endfacet
  facet normal 7.344027e-16 1.000000e+00 2.865648e-16
    outer loop
      vertex   2.102566e+01 1.000000e+00 -4.564940e+01
      vertex   2.205000e+01 1.000000e+00 -4.595000e+01
      vertex   2.108575e+01 1.000000e+00 -4.580339e+01
    endloop
  endfacet
  facet normal 7.463050e-16 1.000000e+00 3.648463e-16
    outer loop
      vertex   2.108575e+01 1.000000e+00 -4.580339e+01
      vertex   2.205000e+01 1.000000e+00 -4.595000e+01
      vertex   2.115835e+01 1.000000e+00 -4.595189e+01
    endloop
  endfacet
  facet normal 7.428169e-16 1.000000e+00 2.006300e-15
    outer loop
      vertex   2.115835e+01 1.000000e+00 -4.595189e+01
      vertex   2.205000e+01 1.000000e+00 -4.595000e+01
      vertex   2.124297e+01 1.000000e+00 -4.609390e+01
    endloop
  endfacet
  facet normal 9.762616e-16 1.000000e+00 6.970374e-16
    outer loop
      vertex   2.124297e+01 1.000000e+00 -4.609390e+01
      vertex   2.205000e+01 1.000000e+00 -4.595000e+01
      vertex   2.133902e+01 1.000000e+00 -4.622843e+01
    endloop
  endfacet
  facet normal 9.380871e-16 1.000000e+00 7.945193e-16
    outer loop
      vertex   2.133902e+01 1.000000e+00 -4.622843e+01
      vertex   2.205000e+01 1.000000e+00 -4.595000e+01
      vertex   2.144585e+01 1.000000e+00 -4.635456e+01
    endloop
  endfacet
  facet normal 8.805066e-16 1.000000e+00 8.805066e-16
    outer loop
      vertex   2.144585e+01 1.000000e+00 -4.635456e+01
      vertex   2.205000e+01 1.000000e+00 -4.595000e+01
      vertex   2.156273e+01 1.000000e+00 -4.647145e+01
    endloop
  endfacet
  facet normal 8.052845e-16 1.000000e+00 9.507976e-16
    outer loop
      vertex   2.156273e+01 1.000000e+00 -4.647145e+01
      vertex   2.205000e+01 1.000000e+00 -4.595000e+01
      vertex   2.168887e+01 1.000000e+00 -4.657828e+01
    endloop
  endfacet
  facet normal 7.156440e-16 1.000000e+00 1.002322e-15
    outer loop
      vertex   2.168887e+01 1.000000e+00 -4.657828e+01
      vertex   2.205000e+01 1.000000e+00 -4.595000e+01
      vertex   2.182340e+01 1.000000e+00 -4.667433e+01
    endloop
  endfacet
  facet normal -7.021345e-16 1.000000e+00 1.445856e-15
    outer loop
      vertex   2.182340e+01 1.000000e+00 -4.667433e+01
      vertex   2.205000e+01 1.000000e+00 -4.595000e+01
      vertex   2.196540e+01 1.000000e+00 -4.675895e+01
    endloop
  endfacet
  facet normal 6.383067e-16 1.000000e+00 1.305677e-15
    outer loop
      vertex   2.196540e+01 1.000000e+00 -4.675895e+01
      vertex   2.205000e+01 1.000000e+00 -4.595000e+01
      vertex   2.211391e+01 1.000000e+00 -4.683155e+01
    endloop
  endfacet
  facet normal 5.057265e-16 1.000000e+00 1.296066e-15
    outer loop
      vertex   2.211391e+01 1.000000e+00 -4.683155e+01
      vertex   2.205000e+01 1.000000e+00 -4.595000e+01
      vertex   2.226790e+01 1.000000e+00 -4.689163e+01
    endloop
  endfacet
  facet normal 3.769863e-16 1.000000e+00 1.266275e-15
    outer loop
      vertex   2.226790e+01 1.000000e+00 -4.689163e+01
      vertex   2.205000e+01 1.000000e+00 -4.595000e+01
      vertex   2.242633e+01 1.000000e+00 -4.693880e+01
    endloop
  endfacet
  facet normal 2.558425e-16 1.000000e+00 1.220169e-15
    outer loop
      vertex   2.242633e+01 1.000000e+00 -4.693880e+01
      vertex   2.205000e+01 1.000000e+00 -4.595000e+01
      vertex   2.258811e+01 1.000000e+00 -4.697272e+01
    endloop
  endfacet
  facet normal 1.448119e-16 1.000000e+00 1.161750e-15
    outer loop
      vertex   2.258811e+01 1.000000e+00 -4.697272e+01
      vertex   2.205000e+01 1.000000e+00 -4.595000e+01
      vertex   2.275214e+01 1.000000e+00 -4.699317e+01
    endloop
  endfacet
  facet normal 6.959935e-15 1.000000e+00 5.748893e-15
    outer loop
      vertex   2.275214e+01 1.000000e+00 -4.699317e+01
      vertex   2.205000e+01 1.000000e+00 -4.595000e+01
      vertex   2.291730e+01 1.000000e+00 -4.700000e+01
    endloop
  endfacet
  facet normal 0.000000e+00 1.000000e+00 -0.000000e+00
    outer loop
      vertex   2.291730e+01 1.000000e+00 -4.700000e+01
      vertex   2.205000e+01 1.000000e+00 -4.595000e+01
      vertex   2.525000e+01 1.000000e+00 -4.595000e+01
    endloop
  endfacet
  facet normal 0.000000e+00 1.000000e+00 0.000000e+00
    outer loop
      vertex   2.291730e+01 1.000000e+00 -4.700000e+01
      vertex   2.525000e+01 1.000000e+00 -4.595000e+01
      vertex   3.941730e+01 1.000000e+00 -4.700000e+01
    endloop
  endfacet
  facet normal 0.000000e+00 1.000000e+00 0.000000e+00
    outer loop
      vertex   3.941730e+01 1.000000e+00 -4.700000e+01
      vertex   2.525000e+01 1.000000e+00 -4.595000e+01
      vertex   3.725000e+01 1.000000e+00 -4.595000e+01
    endloop
  endfacet
  facet normal 0.000000e+00 1.000000e+00 -0.000000e+00
    outer loop
      vertex   3.941730e+01 1.000000e+00 -4.700000e+01
      vertex   3.725000e+01 1.000000e+00 -4.595000e+01
      vertex   4.045000e+01 1.000000e+00 -4.595000e+01
    endloop
  endfacet
  facet normal -2.741798e-16 1.000000e+00 5.748947e-17
    outer loop
      vertex   4.139002e+01 1.000000e+00 -4.532919e+01
      vertex   4.135610e+01 1.000000e+00 -4.549097e+01
      vertex   4.045000e+01 1.000000e+00 -4.595000e+01
    endloop
  endfacet
  facet normal -2.885796e-16 1.000000e+00 8.591388e-17
    outer loop
      vertex   4.045000e+01 1.000000e+00 -4.595000e+01
      vertex   4.135610e+01 1.000000e+00 -4.549097e+01
      vertex   4.130893e+01 1.000000e+00 -4.564940e+01
    endloop
  endfacet
  facet normal -2.993977e-16 1.000000e+00 1.168254e-16
    outer loop
      vertex   4.045000e+01 1.000000e+00 -4.595000e+01
      vertex   4.130893e+01 1.000000e+00 -4.564940e+01
      vertex   4.124884e+01 1.000000e+00 -4.580339e+01
    endloop
  endfacet
  facet normal -3.053537e-16 1.000000e+00 1.492783e-16
    outer loop
      vertex   4.124884e+01 1.000000e+00 -4.580339e+01
      vertex   4.117625e+01 1.000000e+00 -4.595189e+01
      vertex   4.045000e+01 1.000000e+00 -4.595000e+01
    endloop
  endfacet
  facet normal -3.011953e-16 1.000000e+00 1.743151e-15
    outer loop
      vertex   4.045000e+01 1.000000e+00 -4.595000e+01
      vertex   4.117625e+01 1.000000e+00 -4.595189e+01
      vertex   4.109163e+01 1.000000e+00 -4.609390e+01
    endloop
  endfacet
  facet normal -5.965967e-16 1.000000e+00 4.259618e-16
    outer loop
      vertex   4.045000e+01 1.000000e+00 -4.595000e+01
      vertex   4.109163e+01 1.000000e+00 -4.609390e+01
      vertex   4.099558e+01 1.000000e+00 -4.622843e+01
    endloop
  endfacet
  facet normal -5.683300e-16 1.000000e+00 4.813509e-16
    outer loop
      vertex   4.099558e+01 1.000000e+00 -4.622843e+01
      vertex   4.088875e+01 1.000000e+00 -4.635456e+01
      vertex   4.045000e+01 1.000000e+00 -4.595000e+01
    endloop
  endfacet
  facet normal -5.266032e-16 1.000000e+00 5.266032e-16
    outer loop
      vertex   4.045000e+01 1.000000e+00 -4.595000e+01
      vertex   4.088875e+01 1.000000e+00 -4.635456e+01
      vertex   4.077186e+01 1.000000e+00 -4.647145e+01
    endloop
  endfacet
  facet normal -4.736783e-16 1.000000e+00 5.592709e-16
    outer loop
      vertex   4.045000e+01 1.000000e+00 -4.595000e+01
      vertex   4.077186e+01 1.000000e+00 -4.647145e+01
      vertex   4.064572e+01 1.000000e+00 -4.657828e+01
    endloop
  endfacet
  facet normal -4.128429e-16 1.000000e+00 5.782225e-16
    outer loop
      vertex   4.064572e+01 1.000000e+00 -4.657828e+01
      vertex   4.051119e+01 1.000000e+00 -4.667433e+01
      vertex   4.045000e+01 1.000000e+00 -4.595000e+01
    endloop
  endfacet
  facet normal -3.478192e-16 1.000000e+00 5.837159e-16
    outer loop
      vertex   4.045000e+01 1.000000e+00 -4.595000e+01
      vertex   4.051119e+01 1.000000e+00 -4.667433e+01
      vertex   4.036919e+01 1.000000e+00 -4.675895e+01
    endloop
  endfacet
  facet normal -2.821546e-16 1.000000e+00 5.771566e-16
    outer loop
      vertex   4.045000e+01 1.000000e+00 -4.595000e+01
      vertex   4.036919e+01 1.000000e+00 -4.675895e+01
      vertex   4.022069e+01 1.000000e+00 -4.683155e+01
    endloop
  endfacet
  facet normal -2.187740e-16 1.000000e+00 5.606697e-16
    outer loop
      vertex   4.022069e+01 1.000000e+00 -4.683155e+01
      vertex   4.006670e+01 1.000000e+00 -4.689163e+01
      vertex   4.045000e+01 1.000000e+00 -4.595000e+01
    endloop
  endfacet
  facet normal -1.597678e-16 1.000000e+00 5.366506e-16
    outer loop
      vertex   4.045000e+01 1.000000e+00 -4.595000e+01
      vertex   4.006670e+01 1.000000e+00 -4.689163e+01
      vertex   3.990827e+01 1.000000e+00 -4.693880e+01
    endloop
  endfacet
  facet normal -1.063922e-16 1.000000e+00 5.074079e-16
    outer loop
      vertex   4.045000e+01 1.000000e+00 -4.595000e+01
      vertex   3.990827e+01 1.000000e+00 -4.693880e+01
      vertex   3.974649e+01 1.000000e+00 -4.697272e+01
    endloop
  endfacet
  facet normal -5.920203e-17 1.000000e+00 4.749466e-16
    outer loop
      vertex   3.974649e+01 1.000000e+00 -4.697272e+01
      vertex   3.958246e+01 1.000000e+00 -4.699317e+01
      vertex   4.045000e+01 1.000000e+00 -4.595000e+01
    endloop
  endfacet
  facet normal -2.802882e-15 1.000000e+00 2.756707e-15
    outer loop
      vertex   4.045000e+01 1.000000e+00 -4.595000e+01
      vertex   3.958246e+01 1.000000e+00 -4.699317e+01
      vertex   3.941730e+01 1.000000e+00 -4.700000e+01
    endloop
  endfacet
  facet normal 0.000000e+00 1.000000e+00 -1.613318e-14
    outer loop
      vertex   4.141730e+01 1.000000e+00 -2.440000e+01
      vertex   2.091730e+01 1.000000e+00 -2.440000e+01
      vertex   4.141047e+01 1.000000e+00 -2.423484e+01
    endloop
  endfacet
  facet normal 0.000000e+00 1.000000e+00 -1.613318e-14
    outer loop
      vertex   4.141047e+01 1.000000e+00 -2.423484e+01
      vertex   2.091730e+01 1.000000e+00 -2.440000e+01
      vertex   2.092413e+01 1.000000e+00 -2.423484e+01
    endloop
  endfacet
  facet normal 0.000000e+00 1.000000e+00 0.000000e+00
    outer loop
      vertex   4.141047e+01 1.000000e+00 -2.423484e+01
      vertex   2.092413e+01 1.000000e+00 -2.423484e+01
      vertex   4.139002e+01 1.000000e+00 -2.407081e+01
    endloop
  endfacet
  facet normal 0.000000e+00 1.000000e+00 0.000000e+00
    outer loop
      vertex   4.139002e+01 1.000000e+00 -2.407081e+01
      vertex   2.092413e+01 1.000000e+00 -2.423484e+01
      vertex   2.094458e+01 1.000000e+00 -2.407081e+01
    endloop
  endfacet
  facet normal 0.000000e+00 1.000000e+00 0.000000e+00
    outer loop
      vertex   4.139002e+01 1.000000e+00 -2.407081e+01
      vertex   2.094458e+01 1.000000e+00 -2.407081e+01
      vertex   4.135610e+01 1.000000e+00 -2.390903e+01
    endloop
  endfacet
  facet normal 0.000000e+00 1.000000e+00 0.000000e+00
    outer loop
      vertex   4.135610e+01 1.000000e+00 -2.390903e+01
      vertex   2.094458e+01 1.000000e+00 -2.407081e+01
      vertex   2.097850e+01 1.000000e+00 -2.390903e+01
    endloop
  endfacet
  facet normal 0.000000e+00 1.000000e+00 2.942881e-16
    outer loop
      vertex   4.135610e+01 1.000000e+00 -2.390903e+01
      vertex   2.097850e+01 1.000000e+00 -2.390903e+01
      vertex   3.941730e+01 1.000000e+00 -2.240000e+01
    endloop
  endfacet
  facet normal 1.267298e-31 1.000000e+00 2.942881e-16
    outer loop
      vertex   3.941730e+01 1.000000e+00 -2.240000e+01
      vertex   2.097850e+01 1.000000e+00 -2.390903e+01
      vertex   2.291730e+01 1.000000e+00 -2.240000e+01
    endloop
  endfacet
  facet normal 1.407029e-15 1.000000e+00 -1.513463e-15
    outer loop
      vertex   2.291730e+01 1.000000e+00 -2.240000e+01
      vertex   2.097850e+01 1.000000e+00 -2.390903e+01
      vertex   2.275214e+01 1.000000e+00 -2.240683e+01
    endloop
  endfacet
  facet normal -2.160451e-17 1.000000e+00 1.733215e-16
    outer loop
      vertex   2.275214e+01 1.000000e+00 -2.240683e+01
      vertex   2.097850e+01 1.000000e+00 -2.390903e+01
      vertex   2.258811e+01 1.000000e+00 -2.242728e+01
    endloop
  endfacet
  facet normal -4.068848e-17 1.000000e+00 1.940523e-16
    outer loop
      vertex   2.258811e+01 1.000000e+00 -2.242728e+01
      vertex   2.097850e+01 1.000000e+00 -2.390903e+01
      vertex   2.242633e+01 1.000000e+00 -2.246120e+01
    endloop
  endfacet
  facet normal -6.501383e-17 1.000000e+00 2.183776e-16
    outer loop
      vertex   2.242633e+01 1.000000e+00 -2.246120e+01
      vertex   2.097850e+01 1.000000e+00 -2.390903e+01
      vertex   2.226790e+01 1.000000e+00 -2.250837e+01
    endloop
  endfacet
  facet normal -9.653310e-17 1.000000e+00 2.473931e-16
    outer loop
      vertex   2.226790e+01 1.000000e+00 -2.250837e+01
      vertex   2.097850e+01 1.000000e+00 -2.390903e+01
      vertex   2.211391e+01 1.000000e+00 -2.256845e+01
    endloop
  endfacet
  facet normal -1.381921e-16 1.000000e+00 2.826765e-16
    outer loop
      vertex   2.211391e+01 1.000000e+00 -2.256845e+01
      vertex   2.097850e+01 1.000000e+00 -2.390903e+01
      vertex   2.196540e+01 1.000000e+00 -2.264105e+01
    endloop
  endfacet
  facet normal 2.721538e-15 1.000000e+00 -1.943141e-15
    outer loop
      vertex   2.196540e+01 1.000000e+00 -2.264105e+01
      vertex   2.097850e+01 1.000000e+00 -2.390903e+01
      vertex   2.182340e+01 1.000000e+00 -2.272567e+01
    endloop
  endfacet
  facet normal 0.000000e+00 1.000000e+00 0.000000e+00
    outer loop
      vertex   2.182340e+01 1.000000e+00 -2.272567e+01
      vertex   2.097850e+01 1.000000e+00 -2.390903e+01
      vertex   2.168887e+01 1.000000e+00 -2.282172e+01
    endloop
  endfacet
  facet normal 0.000000e+00 1.000000e+00 0.000000e+00
    outer loop
      vertex   2.168887e+01 1.000000e+00 -2.282172e+01
      vertex   2.097850e+01 1.000000e+00 -2.390903e+01
      vertex   2.156273e+01 1.000000e+00 -2.292855e+01
    endloop
  endfacet
  facet normal 0.000000e+00 1.000000e+00 0.000000e+00
    outer loop
      vertex   2.156273e+01 1.000000e+00 -2.292855e+01
      vertex   2.097850e+01 1.000000e+00 -2.390903e+01
      vertex   2.144585e+01 1.000000e+00 -2.304544e+01
    endloop
  endfacet
  facet normal 0.000000e+00 1.000000e+00 0.000000e+00
    outer loop
      vertex   2.144585e+01 1.000000e+00 -2.304544e+01
      vertex   2.097850e+01 1.000000e+00 -2.390903e+01
      vertex   2.133902e+01 1.000000e+00 -2.317157e+01
    endloop
  endfacet
  facet normal 0.000000e+00 1.000000e+00 0.000000e+00
    outer loop
      vertex   2.133902e+01 1.000000e+00 -2.317157e+01
      vertex   2.097850e+01 1.000000e+00 -2.390903e+01
      vertex   2.124297e+01 1.000000e+00 -2.330610e+01
    endloop
  endfacet
  facet normal 0.000000e+00 1.000000e+00 0.000000e+00
    outer loop
      vertex   2.124297e+01 1.000000e+00 -2.330610e+01
      vertex   2.097850e+01 1.000000e+00 -2.390903e+01
      vertex   2.115835e+01 1.000000e+00 -2.344811e+01
    endloop
  endfacet
  facet normal 0.000000e+00 1.000000e+00 0.000000e+00
    outer loop
      vertex   2.115835e+01 1.000000e+00 -2.344811e+01
      vertex   2.097850e+01 1.000000e+00 -2.390903e+01
      vertex   2.108575e+01 1.000000e+00 -2.359661e+01
    endloop
  endfacet
  facet normal 0.000000e+00 1.000000e+00 0.000000e+00
    outer loop
      vertex   2.108575e+01 1.000000e+00 -2.359661e+01
      vertex   2.097850e+01 1.000000e+00 -2.390903e+01
      vertex   2.102566e+01 1.000000e+00 -2.375060e+01
    endloop
  endfacet
  facet normal -1.407029e-15 1.000000e+00 -1.513463e-15
    outer loop
      vertex   3.941730e+01 1.000000e+00 -2.240000e+01
      vertex   3.958246e+01 1.000000e+00 -2.240683e+01
      vertex   4.135610e+01 1.000000e+00 -2.390903e+01
    endloop
  endfacet
  facet normal 2.160451e-17 1.000000e+00 1.733215e-16
    outer loop
      vertex   4.135610e+01 1.000000e+00 -2.390903e+01
      vertex   3.958246e+01 1.000000e+00 -2.240683e+01
      vertex   3.974649e+01 1.000000e+00 -2.242728e+01
    endloop
  endfacet
  facet normal 4.068848e-17 1.000000e+00 1.940523e-16
    outer loop
      vertex   4.135610e+01 1.000000e+00 -2.390903e+01
      vertex   3.974649e+01 1.000000e+00 -2.242728e+01
      vertex   3.990827e+01 1.000000e+00 -2.246120e+01
    endloop
  endfacet
  facet normal -2.183776e-16 1.000000e+00 -6.501383e-17
    outer loop
      vertex   4.135610e+01 1.000000e+00 -2.390903e+01
      vertex   3.990827e+01 1.000000e+00 -2.246120e+01
      vertex   4.130893e+01 1.000000e+00 -2.375060e+01
    endloop
  endfacet
  facet normal 7.577383e-17 1.000000e+00 2.545198e-16
    outer loop
      vertex   4.130893e+01 1.000000e+00 -2.375060e+01
      vertex   3.990827e+01 1.000000e+00 -2.246120e+01
      vertex   4.006670e+01 1.000000e+00 -2.250837e+01
    endloop
  endfacet
  facet normal 1.143769e-16 1.000000e+00 2.931229e-16
    outer loop
      vertex   4.130893e+01 1.000000e+00 -2.375060e+01
      vertex   4.006670e+01 1.000000e+00 -2.250837e+01
      vertex   4.022069e+01 1.000000e+00 -2.256845e+01
    endloop
  endfacet
  facet normal 1.669661e-16 1.000000e+00 3.415347e-16
    outer loop
      vertex   4.022069e+01 1.000000e+00 -2.256845e+01
      vertex   4.036919e+01 1.000000e+00 -2.264105e+01
      vertex   4.130893e+01 1.000000e+00 -2.375060e+01
    endloop
  endfacet
  facet normal -2.916138e-15 1.000000e+00 -2.269721e-15
    outer loop
      vertex   4.130893e+01 1.000000e+00 -2.375060e+01
      vertex   4.036919e+01 1.000000e+00 -2.264105e+01
      vertex   4.051119e+01 1.000000e+00 -2.272567e+01
    endloop
  endfacet
  facet normal 0.000000e+00 1.000000e+00 0.000000e+00
    outer loop
      vertex   4.130893e+01 1.000000e+00 -2.375060e+01
      vertex   4.051119e+01 1.000000e+00 -2.272567e+01
      vertex   4.064572e+01 1.000000e+00 -2.282172e+01
    endloop
  endfacet
  facet normal 0.000000e+00 1.000000e+00 0.000000e+00
    outer loop
      vertex   4.064572e+01 1.000000e+00 -2.282172e+01
      vertex   4.077186e+01 1.000000e+00 -2.292855e+01
      vertex   4.130893e+01 1.000000e+00 -2.375060e+01
    endloop
  endfacet
  facet normal 0.000000e+00 1.000000e+00 0.000000e+00
    outer loop
      vertex   4.130893e+01 1.000000e+00 -2.375060e+01
      vertex   4.077186e+01 1.000000e+00 -2.292855e+01
      vertex   4.088875e+01 1.000000e+00 -2.304544e+01
    endloop
  endfacet
  facet normal 0.000000e+00 1.000000e+00 0.000000e+00
    outer loop
      vertex   4.130893e+01 1.000000e+00 -2.375060e+01
      vertex   4.088875e+01 1.000000e+00 -2.304544e+01
      vertex   4.099558e+01 1.000000e+00 -2.317157e+01
    endloop
  endfacet
  facet normal 0.000000e+00 1.000000e+00 0.000000e+00
    outer loop
      vertex   4.099558e+01 1.000000e+00 -2.317157e+01
      vertex   4.109163e+01 1.000000e+00 -2.330610e+01
      vertex   4.130893e+01 1.000000e+00 -2.375060e+01
    endloop
  endfacet
  facet normal 0.000000e+00 1.000000e+00 0.000000e+00
    outer loop
      vertex   4.130893e+01 1.000000e+00 -2.375060e+01
      vertex   4.109163e+01 1.000000e+00 -2.330610e+01
      vertex   4.117625e+01 1.000000e+00 -2.344811e+01
    endloop
  endfacet
  facet normal 0.000000e+00 1.000000e+00 0.000000e+00
    outer loop
      vertex   4.130893e+01 1.000000e+00 -2.375060e+01
      vertex   4.117625e+01 1.000000e+00 -2.344811e+01
      vertex   4.124884e+01 1.000000e+00 -2.359661e+01
    endloop
  endfacet
  facet normal 1.936510e-15 1.000000e+00 3.339741e-31
    outer loop
      vertex   2.000000e+01 6.250000e+00 -2.440000e+01
      vertex   2.091730e+01 6.250000e+00 -2.440000e+01
      vertex   2.000000e+01 6.250000e+00 -4.500000e+01
    endloop
  endfacet
  facet normal 1.936510e-15 1.000000e+00 3.339741e-31
    outer loop
      vertex   2.000000e+01 6.250000e+00 -4.500000e+01
      vertex   2.091730e+01 6.250000e+00 -2.440000e+01
      vertex   2.091730e+01 6.250000e+00 -4.500000e+01
    endloop
  endfacet
  facet normal 1.936510e-15 1.000000e+00 4.404503e-15
    outer loop
      vertex   2.000000e+01 6.250000e+00 -4.500000e+01
      vertex   2.091730e+01 6.250000e+00 -4.500000e+01
      vertex   2.000699e+01 6.250000e+00 -4.520473e+01
    endloop
  endfacet
  facet normal -6.948043e-16 1.000000e+00 1.610444e-14
    outer loop
      vertex   2.000699e+01 6.250000e+00 -4.520473e+01
      vertex   2.091730e+01 6.250000e+00 -4.500000e+01
      vertex   2.092413e+01 6.250000e+00 -4.516516e+01
    endloop
  endfacet
  facet normal -0.000000e+00 1.000000e+00 0.000000e+00
    outer loop
      vertex   2.000699e+01 6.250000e+00 -4.520473e+01
      vertex   2.092413e+01 6.250000e+00 -4.516516e+01
      vertex   2.002794e+01 6.250000e+00 -4.540850e+01
    endloop
  endfacet
  facet normal 0.000000e+00 1.000000e+00 0.000000e+00
    outer loop
      vertex   2.002794e+01 6.250000e+00 -4.540850e+01
      vertex   2.092413e+01 6.250000e+00 -4.516516e+01
      vertex   2.094458e+01 6.250000e+00 -4.532919e+01
    endloop
  endfacet
  facet normal -0.000000e+00 1.000000e+00 0.000000e+00
    outer loop
      vertex   2.002794e+01 6.250000e+00 -4.540850e+01
      vertex   2.094458e+01 6.250000e+00 -4.532919e+01
      vertex   2.006275e+01 6.250000e+00 -4.561037e+01
    endloop
  endfacet
  facet normal 0.000000e+00 1.000000e+00 0.000000e+00
    outer loop
      vertex   2.006275e+01 6.250000e+00 -4.561037e+01
      vertex   2.094458e+01 6.250000e+00 -4.532919e+01
      vertex   2.097850e+01 6.250000e+00 -4.549097e+01
    endloop
  endfacet
  facet normal -0.000000e+00 1.000000e+00 0.000000e+00
    outer loop
      vertex   2.006275e+01 6.250000e+00 -4.561037e+01
      vertex   2.097850e+01 6.250000e+00 -4.549097e+01
      vertex   2.011125e+01 6.250000e+00 -4.580939e+01
    endloop
  endfacet
  facet normal -0.000000e+00 1.000000e+00 0.000000e+00
    outer loop
      vertex   2.011125e+01 6.250000e+00 -4.580939e+01
      vertex   2.097850e+01 6.250000e+00 -4.549097e+01
      vertex   2.017322e+01 6.250000e+00 -4.600464e+01
    endloop
  endfacet
  facet normal 0.000000e+00 1.000000e+00 0.000000e+00
    outer loop
      vertex   2.017322e+01 6.250000e+00 -4.600464e+01
      vertex   2.097850e+01 6.250000e+00 -4.549097e+01
      vertex   2.102566e+01 6.250000e+00 -4.564940e+01
    endloop
  endfacet
  facet normal -0.000000e+00 1.000000e+00 0.000000e+00
    outer loop
      vertex   2.017322e+01 6.250000e+00 -4.600464e+01
      vertex   2.102566e+01 6.250000e+00 -4.564940e+01
      vertex   2.024837e+01 6.250000e+00 -4.619520e+01
    endloop
  endfacet
  facet normal 0.000000e+00 1.000000e+00 0.000000e+00
    outer loop
      vertex   2.024837e+01 6.250000e+00 -4.619520e+01
      vertex   2.102566e+01 6.250000e+00 -4.564940e+01
      vertex   2.108575e+01 6.250000e+00 -4.580339e+01
    endloop
  endfacet
  facet normal -0.000000e+00 1.000000e+00 0.000000e+00
    outer loop
      vertex   2.024837e+01 6.250000e+00 -4.619520e+01
      vertex   2.108575e+01 6.250000e+00 -4.580339e+01
      vertex   2.033634e+01 6.250000e+00 -4.638020e+01
    endloop
  endfacet
  facet normal 0.000000e+00 1.000000e+00 0.000000e+00
    outer loop
      vertex   2.033634e+01 6.250000e+00 -4.638020e+01
      vertex   2.108575e+01 6.250000e+00 -4.580339e+01
      vertex   2.115835e+01 6.250000e+00 -4.595189e+01
    endloop
  endfacet
  facet normal -0.000000e+00 1.000000e+00 0.000000e+00
    outer loop
      vertex   2.033634e+01 6.250000e+00 -4.638020e+01
      vertex   2.115835e+01 6.250000e+00 -4.595189e+01
      vertex   2.043674e+01 6.250000e+00 -4.655875e+01
    endloop
  endfacet
  facet normal 0.000000e+00 1.000000e+00 0.000000e+00
    outer loop
      vertex   2.043674e+01 6.250000e+00 -4.655875e+01
      vertex   2.115835e+01 6.250000e+00 -4.595189e+01
      vertex   2.124297e+01 6.250000e+00 -4.609390e+01
    endloop
  endfacet
  facet normal -0.000000e+00 1.000000e+00 0.000000e+00
    outer loop
      vertex   2.043674e+01 6.250000e+00 -4.655875e+01
      vertex   2.124297e+01 6.250000e+00 -4.609390e+01
      vertex   2.054909e+01 6.250000e+00 -4.673004e+01
    endloop
  endfacet
  facet normal -0.000000e+00 1.000000e+00 0.000000e+00
    outer loop
      vertex   2.054909e+01 6.250000e+00 -4.673004e+01
      vertex   2.124297e+01 6.250000e+00 -4.609390e+01
      vertex   2.067287e+01 6.250000e+00 -4.689326e+01
    endloop
  endfacet
  facet normal 0.000000e+00 1.000000e+00 0.000000e+00
    outer loop
      vertex   2.067287e+01 6.250000e+00 -4.689326e+01
      vertex   2.124297e+01 6.250000e+00 -4.609390e+01
      vertex   2.133902e+01 6.250000e+00 -4.622843e+01
    endloop
  endfacet
  facet normal -0.000000e+00 1.000000e+00 0.000000e+00
    outer loop
      vertex   2.067287e+01 6.250000e+00 -4.689326e+01
      vertex   2.133902e+01 6.250000e+00 -4.622843e+01
      vertex   2.080749e+01 6.250000e+00 -4.704766e+01
    endloop
  endfacet
  facet normal 0.000000e+00 1.000000e+00 0.000000e+00
    outer loop
      vertex   2.080749e+01 6.250000e+00 -4.704766e+01
      vertex   2.133902e+01 6.250000e+00 -4.622843e+01
      vertex   2.144585e+01 6.250000e+00 -4.635456e+01
    endloop
  endfacet
  facet normal -0.000000e+00 1.000000e+00 0.000000e+00
    outer loop
      vertex   2.080749e+01 6.250000e+00 -4.704766e+01
      vertex   2.144585e+01 6.250000e+00 -4.635456e+01
      vertex   2.095234e+01 6.250000e+00 -4.719251e+01
    endloop
  endfacet
  facet normal 0.000000e+00 1.000000e+00 0.000000e+00
    outer loop
      vertex   2.095234e+01 6.250000e+00 -4.719251e+01
      vertex   2.144585e+01 6.250000e+00 -4.635456e+01
      vertex   2.156273e+01 6.250000e+00 -4.647145e+01
    endloop
  endfacet
  facet normal -0.000000e+00 1.000000e+00 0.000000e+00
    outer loop
      vertex   2.095234e+01 6.250000e+00 -4.719251e+01
      vertex   2.156273e+01 6.250000e+00 -4.647145e+01
      vertex   2.110674e+01 6.250000e+00 -4.732713e+01
    endloop
  endfacet
  facet normal 0.000000e+00 1.000000e+00 0.000000e+00
    outer loop
      vertex   2.110674e+01 6.250000e+00 -4.732713e+01
      vertex   2.156273e+01 6.250000e+00 -4.647145e+01
      vertex   2.168887e+01 6.250000e+00 -4.657828e+01
    endloop
  endfacet
  facet normal -0.000000e+00 1.000000e+00 0.000000e+00
    outer loop
      vertex   2.110674e+01 6.250000e+00 -4.732713e+01
      vertex   2.168887e+01 6.250000e+00 -4.657828e+01
      vertex   2.126996e+01 6.250000e+00 -4.745091e+01
    endloop
  endfacet
  facet normal 0.000000e+00 1.000000e+00 0.000000e+00
    outer loop
      vertex   2.126996e+01 6.250000e+00 -4.745091e+01
      vertex   2.168887e+01 6.250000e+00 -4.657828e+01
      vertex   2.182340e+01 6.250000e+00 -4.667433e+01
    endloop
  endfacet
  facet normal 0.000000e+00 1.000000e+00 0.000000e+00
    outer loop
      vertex   2.126996e+01 6.250000e+00 -4.745091e+01
      vertex   2.182340e+01 6.250000e+00 -4.667433e+01
      vertex   2.196540e+01 6.250000e+00 -4.675895e+01
    endloop
  endfacet
  facet normal 1.936510e-15 1.000000e+00 -4.404503e-15
    outer loop
      vertex   2.000000e+01 6.250000e+00 -2.440000e+01
      vertex   2.000699e+01 6.250000e+00 -2.419527e+01
      vertex   2.091730e+01 6.250000e+00 -2.440000e+01
    endloop
  endfacet
  facet normal -6.948043e-16 1.000000e+00 -1.610444e-14
    outer loop
      vertex   2.091730e+01 6.250000e+00 -2.440000e+01
      vertex   2.000699e+01 6.250000e+00 -2.419527e+01
      vertex   2.092413e+01 6.250000e+00 -2.423484e+01
    endloop
  endfacet
  facet normal 0.000000e+00 1.000000e+00 0.000000e+00
    outer loop
      vertex   2.092413e+01 6.250000e+00 -2.423484e+01
      vertex   2.000699e+01 6.250000e+00 -2.419527e+01
      vertex   2.002794e+01 6.250000e+00 -2.399150e+01
    endloop
  endfacet
  facet normal 0.000000e+00 1.000000e+00 -0.000000e+00
    outer loop
      vertex   2.092413e+01 6.250000e+00 -2.423484e+01
      vertex   2.002794e+01 6.250000e+00 -2.399150e+01
      vertex   2.094458e+01 6.250000e+00 -2.407081e+01
    endloop
  endfacet
  facet normal 0.000000e+00 1.000000e+00 0.000000e+00
    outer loop
      vertex   2.094458e+01 6.250000e+00 -2.407081e+01
      vertex   2.002794e+01 6.250000e+00 -2.399150e+01
      vertex   2.006275e+01 6.250000e+00 -2.378963e+01
    endloop
  endfacet
  facet normal 0.000000e+00 1.000000e+00 -0.000000e+00
    outer loop
      vertex   2.094458e+01 6.250000e+00 -2.407081e+01
      vertex   2.006275e+01 6.250000e+00 -2.378963e+01
      vertex   2.097850e+01 6.250000e+00 -2.390903e+01
    endloop
  endfacet
  facet normal 0.000000e+00 1.000000e+00 0.000000e+00
    outer loop
      vertex   2.097850e+01 6.250000e+00 -2.390903e+01
      vertex   2.006275e+01 6.250000e+00 -2.378963e+01
      vertex   2.011125e+01 6.250000e+00 -2.359061e+01
    endloop
  endfacet
  facet normal 0.000000e+00 1.000000e+00 0.000000e+00
    outer loop
      vertex   2.097850e+01 6.250000e+00 -2.390903e+01
      vertex   2.011125e+01 6.250000e+00 -2.359061e+01
      vertex   2.017322e+01 6.250000e+00 -2.339536e+01
    endloop
  endfacet
  facet normal 0.000000e+00 1.000000e+00 -0.000000e+00
    outer loop
      vertex   2.097850e+01 6.250000e+00 -2.390903e+01
      vertex   2.017322e+01 6.250000e+00 -2.339536e+01
      vertex   2.102566e+01 6.250000e+00 -2.375060e+01
    endloop
  endfacet
  facet normal 0.000000e+00 1.000000e+00 0.000000e+00
    outer loop
      vertex   2.102566e+01 6.250000e+00 -2.375060e+01
      vertex   2.017322e+01 6.250000e+00 -2.339536e+01
      vertex   2.024837e+01 6.250000e+00 -2.320480e+01
    endloop
  endfacet
  facet normal 0.000000e+00 1.000000e+00 -0.000000e+00
    outer loop
      vertex   2.102566e+01 6.250000e+00 -2.375060e+01
      vertex   2.024837e+01 6.250000e+00 -2.320480e+01
      vertex   2.108575e+01 6.250000e+00 -2.359661e+01
    endloop
  endfacet
  facet normal 0.000000e+00 1.000000e+00 0.000000e+00
    outer loop
      vertex   2.108575e+01 6.250000e+00 -2.359661e+01
      vertex   2.024837e+01 6.250000e+00 -2.320480e+01
      vertex   2.033634e+01 6.250000e+00 -2.301980e+01
    endloop
  endfacet
  facet normal 0.000000e+00 1.000000e+00 -0.000000e+00
    outer loop
      vertex   2.108575e+01 6.250000e+00 -2.359661e+01
      vertex   2.033634e+01 6.250000e+00 -2.301980e+01
      vertex   2.115835e+01 6.250000e+00 -2.344811e+01
    endloop
  endfacet
  facet normal 0.000000e+00 1.000000e+00 0.000000e+00
    outer loop
      vertex   2.115835e+01 6.250000e+00 -2.344811e+01
      vertex   2.033634e+01 6.250000e+00 -2.301980e+01
      vertex   2.043674e+01 6.250000e+00 -2.284125e+01
    endloop
  endfacet
  facet normal 0.000000e+00 1.000000e+00 -0.000000e+00
    outer loop
      vertex   2.115835e+01 6.250000e+00 -2.344811e+01
      vertex   2.043674e+01 6.250000e+00 -2.284125e+01
      vertex   2.124297e+01 6.250000e+00 -2.330610e+01
    endloop
  endfacet
  facet normal 0.000000e+00 1.000000e+00 0.000000e+00
    outer loop
      vertex   2.124297e+01 6.250000e+00 -2.330610e+01
      vertex   2.043674e+01 6.250000e+00 -2.284125e+01
      vertex   2.054909e+01 6.250000e+00 -2.266996e+01
    endloop
  endfacet
  facet normal 0.000000e+00 1.000000e+00 0.000000e+00
    outer loop
      vertex   2.124297e+01 6.250000e+00 -2.330610e+01
      vertex   2.054909e+01 6.250000e+00 -2.266996e+01
      vertex   2.067287e+01 6.250000e+00 -2.250674e+01
    endloop
  endfacet
  facet normal 0.000000e+00 1.000000e+00 -0.000000e+00
    outer loop
      vertex   2.124297e+01 6.250000e+00 -2.330610e+01
      vertex   2.067287e+01 6.250000e+00 -2.250674e+01
      vertex   2.133902e+01 6.250000e+00 -2.317157e+01
    endloop
  endfacet
  facet normal 0.000000e+00 1.000000e+00 0.000000e+00
    outer loop
      vertex   2.133902e+01 6.250000e+00 -2.317157e+01
      vertex   2.067287e+01 6.250000e+00 -2.250674e+01
      vertex   2.080749e+01 6.250000e+00 -2.235234e+01
    endloop
  endfacet
  facet normal 0.000000e+00 1.000000e+00 -0.000000e+00
    outer loop
      vertex   2.133902e+01 6.250000e+00 -2.317157e+01
      vertex   2.080749e+01 6.250000e+00 -2.235234e+01
      vertex   2.144585e+01 6.250000e+00 -2.304544e+01
    endloop
  endfacet
  facet normal 0.000000e+00 1.000000e+00 0.000000e+00
    outer loop
      vertex   2.144585e+01 6.250000e+00 -2.304544e+01
      vertex   2.080749e+01 6.250000e+00 -2.235234e+01
      vertex   2.095234e+01 6.250000e+00 -2.220749e+01
    endloop
  endfacet
  facet normal 0.000000e+00 1.000000e+00 -0.000000e+00
    outer loop
      vertex   2.144585e+01 6.250000e+00 -2.304544e+01
      vertex   2.095234e+01 6.250000e+00 -2.220749e+01
      vertex   2.156273e+01 6.250000e+00 -2.292855e+01
    endloop
  endfacet
  facet normal 0.000000e+00 1.000000e+00 0.000000e+00
    outer loop
      vertex   2.156273e+01 6.250000e+00 -2.292855e+01
      vertex   2.095234e+01 6.250000e+00 -2.220749e+01
      vertex   2.110674e+01 6.250000e+00 -2.207287e+01
    endloop
  endfacet
  facet normal 0.000000e+00 1.000000e+00 -0.000000e+00
    outer loop
      vertex   2.156273e+01 6.250000e+00 -2.292855e+01
      vertex   2.110674e+01 6.250000e+00 -2.207287e+01
      vertex   2.168887e+01 6.250000e+00 -2.282172e+01
    endloop
  endfacet
  facet normal 0.000000e+00 1.000000e+00 0.000000e+00
    outer loop
      vertex   2.168887e+01 6.250000e+00 -2.282172e+01
      vertex   2.110674e+01 6.250000e+00 -2.207287e+01
      vertex   2.126996e+01 6.250000e+00 -2.194909e+01
    endloop
  endfacet
  facet normal 0.000000e+00 1.000000e+00 -0.000000e+00
    outer loop
      vertex   2.168887e+01 6.250000e+00 -2.282172e+01
      vertex   2.126996e+01 6.250000e+00 -2.194909e+01
      vertex   2.182340e+01 6.250000e+00 -2.272567e+01
    endloop
  endfacet
  facet normal 0.000000e+00 1.000000e+00 0.000000e+00
    outer loop
      vertex   2.182340e+01 6.250000e+00 -2.272567e+01
      vertex   2.126996e+01 6.250000e+00 -2.194909e+01
      vertex   2.144125e+01 6.250000e+00 -2.183674e+01
    endloop
  endfacet
  facet normal 0.000000e+00 1.000000e+00 -0.000000e+00
    outer loop
      vertex   2.182340e+01 6.250000e+00 -2.272567e+01
      vertex   2.144125e+01 6.250000e+00 -2.183674e+01
      vertex   2.196540e+01 6.250000e+00 -2.264105e+01
    endloop
  endfacet
  facet normal 0.000000e+00 1.000000e+00 0.000000e+00
    outer loop
      vertex   2.196540e+01 6.250000e+00 -2.264105e+01
      vertex   2.144125e+01 6.250000e+00 -2.183674e+01
      vertex   2.161980e+01 6.250000e+00 -2.173634e+01
    endloop
  endfacet
  facet normal 0.000000e+00 1.000000e+00 0.000000e+00
    outer loop
      vertex   2.196540e+01 6.250000e+00 -2.264105e+01
      vertex   2.161980e+01 6.250000e+00 -2.173634e+01
      vertex   2.180480e+01 6.250000e+00 -2.164837e+01
    endloop
  endfacet
  facet normal 0.000000e+00 1.000000e+00 -0.000000e+00
    outer loop
      vertex   2.196540e+01 6.250000e+00 -2.264105e+01
      vertex   2.180480e+01 6.250000e+00 -2.164837e+01
      vertex   2.211391e+01 6.250000e+00 -2.256845e+01
    endloop
  endfacet
  facet normal 0.000000e+00 1.000000e+00 0.000000e+00
    outer loop
      vertex   2.211391e+01 6.250000e+00 -2.256845e+01
      vertex   2.180480e+01 6.250000e+00 -2.164837e+01
      vertex   2.199536e+01 6.250000e+00 -2.157322e+01
    endloop
  endfacet
  facet normal 0.000000e+00 1.000000e+00 -0.000000e+00
    outer loop
      vertex   2.211391e+01 6.250000e+00 -2.256845e+01
      vertex   2.199536e+01 6.250000e+00 -2.157322e+01
      vertex   2.226790e+01 6.250000e+00 -2.250837e+01
    endloop
  endfacet
  facet normal 0.000000e+00 1.000000e+00 0.000000e+00
    outer loop
      vertex   2.226790e+01 6.250000e+00 -2.250837e+01
      vertex   2.199536e+01 6.250000e+00 -2.157322e+01
      vertex   2.219061e+01 6.250000e+00 -2.151125e+01
    endloop
  endfacet
  facet normal 0.000000e+00 1.000000e+00 -0.000000e+00
    outer loop
      vertex   2.226790e+01 6.250000e+00 -2.250837e+01
      vertex   2.219061e+01 6.250000e+00 -2.151125e+01
      vertex   2.242633e+01 6.250000e+00 -2.246120e+01
    endloop
  endfacet
  facet normal 0.000000e+00 1.000000e+00 0.000000e+00
    outer loop
      vertex   2.242633e+01 6.250000e+00 -2.246120e+01
      vertex   2.219061e+01 6.250000e+00 -2.151125e+01
      vertex   2.238963e+01 6.250000e+00 -2.146275e+01
    endloop
  endfacet
  facet normal 0.000000e+00 1.000000e+00 -0.000000e+00
    outer loop
      vertex   2.242633e+01 6.250000e+00 -2.246120e+01
      vertex   2.238963e+01 6.250000e+00 -2.146275e+01
      vertex   2.258811e+01 6.250000e+00 -2.242728e+01
    endloop
  endfacet
  facet normal 0.000000e+00 1.000000e+00 -0.000000e+00
    outer loop
      vertex   2.258811e+01 6.250000e+00 -2.242728e+01
      vertex   2.238963e+01 6.250000e+00 -2.146275e+01
      vertex   2.259150e+01 6.250000e+00 -2.142794e+01
    endloop
  endfacet
  facet normal 0.000000e+00 1.000000e+00 0.000000e+00
    outer loop
      vertex   2.258811e+01 6.250000e+00 -2.242728e+01
      vertex   2.259150e+01 6.250000e+00 -2.142794e+01
      vertex   2.275214e+01 6.250000e+00 -2.240683e+01
    endloop
  endfacet
  facet normal 0.000000e+00 1.000000e+00 -0.000000e+00
    outer loop
      vertex   2.275214e+01 6.250000e+00 -2.240683e+01
      vertex   2.259150e+01 6.250000e+00 -2.142794e+01
      vertex   2.279527e+01 6.250000e+00 -2.140699e+01
    endloop
  endfacet
  facet normal 5.387340e-15 1.000000e+00 -2.324126e-16
    outer loop
      vertex   2.275214e+01 6.250000e+00 -2.240683e+01
      vertex   2.279527e+01 6.250000e+00 -2.140699e+01
      vertex   2.291730e+01 6.250000e+00 -2.240000e+01
    endloop
  endfacet
  facet normal 4.350641e-15 1.000000e+00 -3.598069e-16
    outer loop
      vertex   2.291730e+01 6.250000e+00 -2.240000e+01
      vertex   2.279527e+01 6.250000e+00 -2.140699e+01
      vertex   2.300000e+01 6.250000e+00 -2.140000e+01
    endloop
  endfacet
  facet normal -0.000000e+00 1.000000e+00 0.000000e+00
    outer loop
      vertex   2.291730e+01 6.250000e+00 -2.240000e+01
      vertex   2.300000e+01 6.250000e+00 -2.140000e+01
      vertex   3.941730e+01 6.250000e+00 -2.240000e+01
    endloop
  endfacet
  facet normal 0.000000e+00 1.000000e+00 -0.000000e+00
    outer loop
      vertex   3.941730e+01 6.250000e+00 -2.240000e+01
      vertex   2.300000e+01 6.250000e+00 -2.140000e+01
      vertex   3.950000e+01 6.250000e+00 -2.140000e+01
    endloop
  endfacet
  facet normal -5.359395e-15 1.000000e+00 4.432329e-16
    outer loop
      vertex   3.941730e+01 6.250000e+00 -2.240000e+01
      vertex   3.950000e+01 6.250000e+00 -2.140000e+01
      vertex   3.958246e+01 6.250000e+00 -2.240683e+01
    endloop
  endfacet
  facet normal -4.320302e-15 1.000000e+00 5.283318e-16
    outer loop
      vertex   3.958246e+01 6.250000e+00 -2.240683e+01
      vertex   3.950000e+01 6.250000e+00 -2.140000e+01
      vertex   3.970473e+01 6.250000e+00 -2.140699e+01
    endloop
  endfacet
  facet normal -0.000000e+00 1.000000e+00 0.000000e+00
    outer loop
      vertex   3.958246e+01 6.250000e+00 -2.240683e+01
      vertex   3.970473e+01 6.250000e+00 -2.140699e+01
      vertex   3.974649e+01 6.250000e+00 -2.242728e+01
    endloop
  endfacet
  facet normal 0.000000e+00 1.000000e+00 -0.000000e+00
    outer loop
      vertex   3.974649e+01 6.250000e+00 -2.242728e+01
      vertex   3.970473e+01 6.250000e+00 -2.140699e+01
      vertex   3.990850e+01 6.250000e+00 -2.142794e+01
    endloop
  endfacet
  facet normal -0.000000e+00 1.000000e+00 0.000000e+00
    outer loop
      vertex   3.974649e+01 6.250000e+00 -2.242728e+01
      vertex   3.990850e+01 6.250000e+00 -2.142794e+01
      vertex   3.990827e+01 6.250000e+00 -2.246120e+01
    endloop
  endfacet
  facet normal 0.000000e+00 1.000000e+00 0.000000e+00
    outer loop
      vertex   3.990827e+01 6.250000e+00 -2.246120e+01
      vertex   3.990850e+01 6.250000e+00 -2.142794e+01
      vertex   4.011037e+01 6.250000e+00 -2.146275e+01
    endloop
  endfacet
  facet normal -0.000000e+00 1.000000e+00 0.000000e+00
    outer loop
      vertex   3.990827e+01 6.250000e+00 -2.246120e+01
      vertex   4.011037e+01 6.250000e+00 -2.146275e+01
      vertex   4.006670e+01 6.250000e+00 -2.250837e+01
    endloop
  endfacet
  facet normal 0.000000e+00 1.000000e+00 0.000000e+00
    outer loop
      vertex   4.006670e+01 6.250000e+00 -2.250837e+01
      vertex   4.011037e+01 6.250000e+00 -2.146275e+01
      vertex   4.030939e+01 6.250000e+00 -2.151125e+01
    endloop
  endfacet
  facet normal -0.000000e+00 1.000000e+00 0.000000e+00
    outer loop
      vertex   4.006670e+01 6.250000e+00 -2.250837e+01
      vertex   4.030939e+01 6.250000e+00 -2.151125e+01
      vertex   4.022069e+01 6.250000e+00 -2.256845e+01
    endloop
  endfacet
  facet normal 0.000000e+00 1.000000e+00 0.000000e+00
    outer loop
      vertex   4.022069e+01 6.250000e+00 -2.256845e+01
      vertex   4.030939e+01 6.250000e+00 -2.151125e+01
      vertex   4.050464e+01 6.250000e+00 -2.157322e+01
    endloop
  endfacet
  facet normal 0.000000e+00 1.000000e+00 0.000000e+00
    outer loop
      vertex   4.022069e+01 6.250000e+00 -2.256845e+01
      vertex   4.050464e+01 6.250000e+00 -2.157322e+01
      vertex   4.069520e+01 6.250000e+00 -2.164837e+01
    endloop
  endfacet
  facet normal -0.000000e+00 1.000000e+00 0.000000e+00
    outer loop
      vertex   4.022069e+01 6.250000e+00 -2.256845e+01
      vertex   4.069520e+01 6.250000e+00 -2.164837e+01
      vertex   4.036919e+01 6.250000e+00 -2.264105e+01
    endloop
  endfacet
  facet normal 0.000000e+00 1.000000e+00 0.000000e+00
    outer loop
      vertex   4.036919e+01 6.250000e+00 -2.264105e+01
      vertex   4.069520e+01 6.250000e+00 -2.164837e+01
      vertex   4.088020e+01 6.250000e+00 -2.173634e+01
    endloop
  endfacet
  facet normal -0.000000e+00 1.000000e+00 0.000000e+00
    outer loop
      vertex   4.036919e+01 6.250000e+00 -2.264105e+01
      vertex   4.088020e+01 6.250000e+00 -2.173634e+01
      vertex   4.051119e+01 6.250000e+00 -2.272567e+01
    endloop
  endfacet
  facet normal 0.000000e+00 1.000000e+00 0.000000e+00
    outer loop
      vertex   4.051119e+01 6.250000e+00 -2.272567e+01
      vertex   4.088020e+01 6.250000e+00 -2.173634e+01
      vertex   4.105875e+01 6.250000e+00 -2.183674e+01
    endloop
  endfacet
  facet normal -0.000000e+00 1.000000e+00 0.000000e+00
    outer loop
      vertex   4.051119e+01 6.250000e+00 -2.272567e+01
      vertex   4.105875e+01 6.250000e+00 -2.183674e+01
      vertex   4.064572e+01 6.250000e+00 -2.282172e+01
    endloop
  endfacet
  facet normal 0.000000e+00 1.000000e+00 0.000000e+00
    outer loop
      vertex   4.064572e+01 6.250000e+00 -2.282172e+01
      vertex   4.105875e+01 6.250000e+00 -2.183674e+01
      vertex   4.123004e+01 6.250000e+00 -2.194909e+01
    endloop
  endfacet
  facet normal -0.000000e+00 1.000000e+00 0.000000e+00
    outer loop
      vertex   4.064572e+01 6.250000e+00 -2.282172e+01
      vertex   4.123004e+01 6.250000e+00 -2.194909e+01
      vertex   4.077186e+01 6.250000e+00 -2.292855e+01
    endloop
  endfacet
  facet normal 0.000000e+00 1.000000e+00 0.000000e+00
    outer loop
      vertex   4.077186e+01 6.250000e+00 -2.292855e+01
      vertex   4.123004e+01 6.250000e+00 -2.194909e+01
      vertex   4.139326e+01 6.250000e+00 -2.207287e+01
    endloop
  endfacet
  facet normal -0.000000e+00 1.000000e+00 0.000000e+00
    outer loop
      vertex   4.077186e+01 6.250000e+00 -2.292855e+01
      vertex   4.139326e+01 6.250000e+00 -2.207287e+01
      vertex   4.088875e+01 6.250000e+00 -2.304544e+01
    endloop
  endfacet
  facet normal 0.000000e+00 1.000000e+00 0.000000e+00
    outer loop
      vertex   4.088875e+01 6.250000e+00 -2.304544e+01
      vertex   4.139326e+01 6.250000e+00 -2.207287e+01
      vertex   4.154766e+01 6.250000e+00 -2.220749e+01
    endloop
  endfacet
  facet normal -0.000000e+00 1.000000e+00 0.000000e+00
    outer loop
      vertex   4.088875e+01 6.250000e+00 -2.304544e+01
      vertex   4.154766e+01 6.250000e+00 -2.220749e+01
      vertex   4.099558e+01 6.250000e+00 -2.317157e+01
    endloop
  endfacet
  facet normal 0.000000e+00 1.000000e+00 0.000000e+00
    outer loop
      vertex   4.099558e+01 6.250000e+00 -2.317157e+01
      vertex   4.154766e+01 6.250000e+00 -2.220749e+01
      vertex   4.169251e+01 6.250000e+00 -2.235234e+01
    endloop
  endfacet
  facet normal 0.000000e+00 1.000000e+00 0.000000e+00
    outer loop
      vertex   4.099558e+01 6.250000e+00 -2.317157e+01
      vertex   4.169251e+01 6.250000e+00 -2.235234e+01
      vertex   4.182713e+01 6.250000e+00 -2.250674e+01
    endloop
  endfacet
  facet normal -0.000000e+00 1.000000e+00 0.000000e+00
    outer loop
      vertex   4.099558e+01 6.250000e+00 -2.317157e+01
      vertex   4.182713e+01 6.250000e+00 -2.250674e+01
      vertex   4.109163e+01 6.250000e+00 -2.330610e+01
    endloop
  endfacet
  facet normal 0.000000e+00 1.000000e+00 0.000000e+00
    outer loop
      vertex   4.109163e+01 6.250000e+00 -2.330610e+01
      vertex   4.182713e+01 6.250000e+00 -2.250674e+01
      vertex   4.195091e+01 6.250000e+00 -2.266996e+01
    endloop
  endfacet
  facet normal -0.000000e+00 1.000000e+00 0.000000e+00
    outer loop
      vertex   4.109163e+01 6.250000e+00 -2.330610e+01
      vertex   4.195091e+01 6.250000e+00 -2.266996e+01
      vertex   4.117625e+01 6.250000e+00 -2.344811e+01
    endloop
  endfacet
  facet normal 0.000000e+00 1.000000e+00 0.000000e+00
    outer loop
      vertex   4.117625e+01 6.250000e+00 -2.344811e+01
      vertex   4.195091e+01 6.250000e+00 -2.266996e+01
      vertex   4.206326e+01 6.250000e+00 -2.284125e+01
    endloop
  endfacet
  facet normal -0.000000e+00 1.000000e+00 0.000000e+00
    outer loop
      vertex   4.117625e+01 6.250000e+00 -2.344811e+01
      vertex   4.206326e+01 6.250000e+00 -2.284125e+01
      vertex   4.124884e+01 6.250000e+00 -2.359661e+01
    endloop
  endfacet
  facet normal 0.000000e+00 1.000000e+00 0.000000e+00
    outer loop
      vertex   4.124884e+01 6.250000e+00 -2.359661e+01
      vertex   4.206326e+01 6.250000e+00 -2.284125e+01
      vertex   4.216366e+01 6.250000e+00 -2.301980e+01
    endloop
  endfacet
  facet normal 0.000000e+00 1.000000e+00 0.000000e+00
    outer loop
      vertex   4.124884e+01 6.250000e+00 -2.359661e+01
      vertex   4.216366e+01 6.250000e+00 -2.301980e+01
      vertex   4.225163e+01 6.250000e+00 -2.320480e+01
    endloop
  endfacet
  facet normal -0.000000e+00 1.000000e+00 0.000000e+00
    outer loop
      vertex   4.124884e+01 6.250000e+00 -2.359661e+01
      vertex   4.225163e+01 6.250000e+00 -2.320480e+01
      vertex   4.130893e+01 6.250000e+00 -2.375060e+01
    endloop
  endfacet
  facet normal 0.000000e+00 1.000000e+00 0.000000e+00
    outer loop
      vertex   4.130893e+01 6.250000e+00 -2.375060e+01
      vertex   4.225163e+01 6.250000e+00 -2.320480e+01
      vertex   4.232678e+01 6.250000e+00 -2.339536e+01
    endloop
  endfacet
  facet normal -0.000000e+00 1.000000e+00 0.000000e+00
    outer loop
      vertex   4.130893e+01 6.250000e+00 -2.375060e+01
      vertex   4.232678e+01 6.250000e+00 -2.339536e+01
      vertex   4.135610e+01 6.250000e+00 -2.390903e+01
    endloop
  endfacet
  facet normal 0.000000e+00 1.000000e+00 0.000000e+00
    outer loop
      vertex   4.135610e+01 6.250000e+00 -2.390903e+01
      vertex   4.232678e+01 6.250000e+00 -2.339536e+01
      vertex   4.238875e+01 6.250000e+00 -2.359061e+01
    endloop
  endfacet
  facet normal -0.000000e+00 1.000000e+00 0.000000e+00
    outer loop
      vertex   4.135610e+01 6.250000e+00 -2.390903e+01
      vertex   4.238875e+01 6.250000e+00 -2.359061e+01
      vertex   4.139002e+01 6.250000e+00 -2.407081e+01
    endloop
  endfacet
  facet normal 0.000000e+00 1.000000e+00 0.000000e+00
    outer loop
      vertex   4.139002e+01 6.250000e+00 -2.407081e+01
      vertex   4.238875e+01 6.250000e+00 -2.359061e+01
      vertex   4.243725e+01 6.250000e+00 -2.378963e+01
    endloop
  endfacet
  facet normal 0.000000e+00 1.000000e+00 0.000000e+00
    outer loop
      vertex   4.139002e+01 6.250000e+00 -2.407081e+01
      vertex   4.243725e+01 6.250000e+00 -2.378963e+01
      vertex   4.247206e+01 6.250000e+00 -2.399150e+01
    endloop
  endfacet
  facet normal -0.000000e+00 1.000000e+00 0.000000e+00
    outer loop
      vertex   4.139002e+01 6.250000e+00 -2.407081e+01
      vertex   4.247206e+01 6.250000e+00 -2.399150e+01
      vertex   4.141047e+01 6.250000e+00 -2.423484e+01
    endloop
  endfacet
  facet normal 0.000000e+00 1.000000e+00 0.000000e+00
    outer loop
      vertex   4.141047e+01 6.250000e+00 -2.423484e+01
      vertex   4.247206e+01 6.250000e+00 -2.399150e+01
      vertex   4.249301e+01 6.250000e+00 -2.419527e+01
    endloop
  endfacet
  facet normal 5.888035e-16 1.000000e+00 -1.610883e-14
    outer loop
      vertex   4.141047e+01 6.250000e+00 -2.423484e+01
      vertex   4.249301e+01 6.250000e+00 -2.419527e+01
      vertex   4.141730e+01 6.250000e+00 -2.440000e+01
    endloop
  endfacet
  facet normal -1.640670e-15 1.000000e+00 -4.394397e-15
    outer loop
      vertex   4.141730e+01 6.250000e+00 -2.440000e+01
      vertex   4.249301e+01 6.250000e+00 -2.419527e+01
      vertex   4.250000e+01 6.250000e+00 -2.440000e+01
    endloop
  endfacet
  facet normal -1.640670e-15 1.000000e+00 0.000000e+00
    outer loop
      vertex   4.141730e+01 6.250000e+00 -2.440000e+01
      vertex   4.250000e+01 6.250000e+00 -2.440000e+01
      vertex   4.141730e+01 6.250000e+00 -4.500000e+01
    endloop
  endfacet
  facet normal -1.640670e-15 1.000000e+00 5.659059e-31
    outer loop
      vertex   4.141730e+01 6.250000e+00 -4.500000e+01
      vertex   4.250000e+01 6.250000e+00 -2.440000e+01
      vertex   4.250000e+01 6.250000e+00 -4.500000e+01
    endloop
  endfacet
  facet normal -1.640670e-15 1.000000e+00 4.394397e-15
    outer loop
      vertex   4.141730e+01 6.250000e+00 -4.500000e+01
      vertex   4.250000e+01 6.250000e+00 -4.500000e+01
      vertex   4.249301e+01 6.250000e+00 -4.520473e+01
    endloop
  endfacet
  facet normal 5.888035e-16 1.000000e+00 1.610883e-14
    outer loop
      vertex   4.141730e+01 6.250000e+00 -4.500000e+01
      vertex   4.249301e+01 6.250000e+00 -4.520473e+01
      vertex   4.141047e+01 6.250000e+00 -4.516516e+01
    endloop
  endfacet
  facet normal 0.000000e+00 1.000000e+00 0.000000e+00
    outer loop
      vertex   4.141047e+01 6.250000e+00 -4.516516e+01
      vertex   4.249301e+01 6.250000e+00 -4.520473e+01
      vertex   4.247206e+01 6.250000e+00 -4.540850e+01
    endloop
  endfacet
  facet normal 0.000000e+00 1.000000e+00 0.000000e+00
    outer loop
      vertex   4.141047e+01 6.250000e+00 -4.516516e+01
      vertex   4.247206e+01 6.250000e+00 -4.540850e+01
      vertex   4.139002e+01 6.250000e+00 -4.532919e+01
    endloop
  endfacet
  facet normal 0.000000e+00 1.000000e+00 0.000000e+00
    outer loop
      vertex   4.139002e+01 6.250000e+00 -4.532919e+01
      vertex   4.247206e+01 6.250000e+00 -4.540850e+01
      vertex   4.243725e+01 6.250000e+00 -4.561037e+01
    endloop
  endfacet
  facet normal 0.000000e+00 1.000000e+00 0.000000e+00
    outer loop
      vertex   4.139002e+01 6.250000e+00 -4.532919e+01
      vertex   4.243725e+01 6.250000e+00 -4.561037e+01
      vertex   4.238875e+01 6.250000e+00 -4.580939e+01
    endloop
  endfacet
  facet normal 0.000000e+00 1.000000e+00 0.000000e+00
    outer loop
      vertex   4.139002e+01 6.250000e+00 -4.532919e+01
      vertex   4.238875e+01 6.250000e+00 -4.580939e+01
      vertex   4.135610e+01 6.250000e+00 -4.549097e+01
    endloop
  endfacet
  facet normal 0.000000e+00 1.000000e+00 0.000000e+00
    outer loop
      vertex   4.135610e+01 6.250000e+00 -4.549097e+01
      vertex   4.238875e+01 6.250000e+00 -4.580939e+01
      vertex   4.232678e+01 6.250000e+00 -4.600464e+01
    endloop
  endfacet
  facet normal 0.000000e+00 1.000000e+00 0.000000e+00
    outer loop
      vertex   4.135610e+01 6.250000e+00 -4.549097e+01
      vertex   4.232678e+01 6.250000e+00 -4.600464e+01
      vertex   4.130893e+01 6.250000e+00 -4.564940e+01
    endloop
  endfacet
  facet normal 0.000000e+00 1.000000e+00 0.000000e+00
    outer loop
      vertex   4.130893e+01 6.250000e+00 -4.564940e+01
      vertex   4.232678e+01 6.250000e+00 -4.600464e+01
      vertex   4.225163e+01 6.250000e+00 -4.619520e+01
    endloop
  endfacet
  facet normal 0.000000e+00 1.000000e+00 0.000000e+00
    outer loop
      vertex   4.130893e+01 6.250000e+00 -4.564940e+01
      vertex   4.225163e+01 6.250000e+00 -4.619520e+01
      vertex   4.124884e+01 6.250000e+00 -4.580339e+01
    endloop
  endfacet
  facet normal 0.000000e+00 1.000000e+00 0.000000e+00
    outer loop
      vertex   4.124884e+01 6.250000e+00 -4.580339e+01
      vertex   4.225163e+01 6.250000e+00 -4.619520e+01
      vertex   4.216366e+01 6.250000e+00 -4.638020e+01
    endloop
  endfacet
  facet normal 0.000000e+00 1.000000e+00 0.000000e+00
    outer loop
      vertex   4.124884e+01 6.250000e+00 -4.580339e+01
      vertex   4.216366e+01 6.250000e+00 -4.638020e+01
      vertex   4.206326e+01 6.250000e+00 -4.655875e+01
    endloop
  endfacet
  facet normal 0.000000e+00 1.000000e+00 0.000000e+00
    outer loop
      vertex   4.124884e+01 6.250000e+00 -4.580339e+01
      vertex   4.206326e+01 6.250000e+00 -4.655875e+01
      vertex   4.117625e+01 6.250000e+00 -4.595189e+01
    endloop
  endfacet
  facet normal 0.000000e+00 1.000000e+00 0.000000e+00
    outer loop
      vertex   4.117625e+01 6.250000e+00 -4.595189e+01
      vertex   4.206326e+01 6.250000e+00 -4.655875e+01
      vertex   4.195091e+01 6.250000e+00 -4.673004e+01
    endloop
  endfacet
  facet normal 0.000000e+00 1.000000e+00 0.000000e+00
    outer loop
      vertex   4.117625e+01 6.250000e+00 -4.595189e+01
      vertex   4.195091e+01 6.250000e+00 -4.673004e+01
      vertex   4.109163e+01 6.250000e+00 -4.609390e+01
    endloop
  endfacet
  facet normal 0.000000e+00 1.000000e+00 0.000000e+00
    outer loop
      vertex   4.109163e+01 6.250000e+00 -4.609390e+01
      vertex   4.195091e+01 6.250000e+00 -4.673004e+01
      vertex   4.182713e+01 6.250000e+00 -4.689326e+01
    endloop
  endfacet
  facet normal 0.000000e+00 1.000000e+00 0.000000e+00
    outer loop
      vertex   4.109163e+01 6.250000e+00 -4.609390e+01
      vertex   4.182713e+01 6.250000e+00 -4.689326e+01
      vertex   4.099558e+01 6.250000e+00 -4.622843e+01
    endloop
  endfacet
  facet normal 0.000000e+00 1.000000e+00 0.000000e+00
    outer loop
      vertex   4.099558e+01 6.250000e+00 -4.622843e+01
      vertex   4.182713e+01 6.250000e+00 -4.689326e+01
      vertex   4.169251e+01 6.250000e+00 -4.704766e+01
    endloop
  endfacet
  facet normal 0.000000e+00 1.000000e+00 0.000000e+00
    outer loop
      vertex   4.099558e+01 6.250000e+00 -4.622843e+01
      vertex   4.169251e+01 6.250000e+00 -4.704766e+01
      vertex   4.154766e+01 6.250000e+00 -4.719251e+01
    endloop
  endfacet
  facet normal 0.000000e+00 1.000000e+00 0.000000e+00
    outer loop
      vertex   4.099558e+01 6.250000e+00 -4.622843e+01
      vertex   4.154766e+01 6.250000e+00 -4.719251e+01
      vertex   4.088875e+01 6.250000e+00 -4.635456e+01
    endloop
  endfacet
  facet normal 0.000000e+00 1.000000e+00 0.000000e+00
    outer loop
      vertex   4.088875e+01 6.250000e+00 -4.635456e+01
      vertex   4.154766e+01 6.250000e+00 -4.719251e+01
      vertex   4.139326e+01 6.250000e+00 -4.732713e+01
    endloop
  endfacet
  facet normal 0.000000e+00 1.000000e+00 0.000000e+00
    outer loop
      vertex   4.088875e+01 6.250000e+00 -4.635456e+01
      vertex   4.139326e+01 6.250000e+00 -4.732713e+01
      vertex   4.077186e+01 6.250000e+00 -4.647145e+01
    endloop
  endfacet
  facet normal 0.000000e+00 1.000000e+00 0.000000e+00
    outer loop
      vertex   4.077186e+01 6.250000e+00 -4.647145e+01
      vertex   4.139326e+01 6.250000e+00 -4.732713e+01
      vertex   4.123004e+01 6.250000e+00 -4.745091e+01
    endloop
  endfacet
  facet normal 0.000000e+00 1.000000e+00 0.000000e+00
    outer loop
      vertex   4.077186e+01 6.250000e+00 -4.647145e+01
      vertex   4.123004e+01 6.250000e+00 -4.745091e+01
      vertex   4.064572e+01 6.250000e+00 -4.657828e+01
    endloop
  endfacet
  facet normal 0.000000e+00 1.000000e+00 0.000000e+00
    outer loop
      vertex   4.064572e+01 6.250000e+00 -4.657828e+01
      vertex   4.123004e+01 6.250000e+00 -4.745091e+01
      vertex   4.105875e+01 6.250000e+00 -4.756326e+01
    endloop
  endfacet
  facet normal 0.000000e+00 1.000000e+00 0.000000e+00
    outer loop
      vertex   4.064572e+01 6.250000e+00 -4.657828e+01
      vertex   4.105875e+01 6.250000e+00 -4.756326e+01
      vertex   4.051119e+01 6.250000e+00 -4.667433e+01
    endloop
  endfacet
  facet normal 0.000000e+00 1.000000e+00 0.000000e+00
    outer loop
      vertex   4.051119e+01 6.250000e+00 -4.667433e+01
      vertex   4.105875e+01 6.250000e+00 -4.756326e+01
      vertex   4.088020e+01 6.250000e+00 -4.766366e+01
    endloop
  endfacet
  facet normal 0.000000e+00 1.000000e+00 0.000000e+00
    outer loop
      vertex   4.051119e+01 6.250000e+00 -4.667433e+01
      vertex   4.088020e+01 6.250000e+00 -4.766366e+01
      vertex   4.036919e+01 6.250000e+00 -4.675895e+01
    endloop
  endfacet
  facet normal 0.000000e+00 1.000000e+00 0.000000e+00
    outer loop
      vertex   4.036919e+01 6.250000e+00 -4.675895e+01
      vertex   4.088020e+01 6.250000e+00 -4.766366e+01
      vertex   4.069520e+01 6.250000e+00 -4.775163e+01
    endloop
  endfacet
  facet normal 0.000000e+00 1.000000e+00 0.000000e+00
    outer loop
      vertex   4.036919e+01 6.250000e+00 -4.675895e+01
      vertex   4.069520e+01 6.250000e+00 -4.775163e+01
      vertex   4.022069e+01 6.250000e+00 -4.683155e+01
    endloop
  endfacet
  facet normal 0.000000e+00 1.000000e+00 0.000000e+00
    outer loop
      vertex   4.022069e+01 6.250000e+00 -4.683155e+01
      vertex   4.069520e+01 6.250000e+00 -4.775163e+01
      vertex   4.050464e+01 6.250000e+00 -4.782678e+01
    endloop
  endfacet
  facet normal 0.000000e+00 1.000000e+00 0.000000e+00
    outer loop
      vertex   4.022069e+01 6.250000e+00 -4.683155e+01
      vertex   4.050464e+01 6.250000e+00 -4.782678e+01
      vertex   4.030939e+01 6.250000e+00 -4.788875e+01
    endloop
  endfacet
  facet normal 0.000000e+00 1.000000e+00 0.000000e+00
    outer loop
      vertex   4.022069e+01 6.250000e+00 -4.683155e+01
      vertex   4.030939e+01 6.250000e+00 -4.788875e+01
      vertex   4.006670e+01 6.250000e+00 -4.689163e+01
    endloop
  endfacet
  facet normal 0.000000e+00 1.000000e+00 0.000000e+00
    outer loop
      vertex   4.006670e+01 6.250000e+00 -4.689163e+01
      vertex   4.030939e+01 6.250000e+00 -4.788875e+01
      vertex   4.011037e+01 6.250000e+00 -4.793725e+01
    endloop
  endfacet
  facet normal 0.000000e+00 1.000000e+00 0.000000e+00
    outer loop
      vertex   4.006670e+01 6.250000e+00 -4.689163e+01
      vertex   4.011037e+01 6.250000e+00 -4.793725e+01
      vertex   3.990827e+01 6.250000e+00 -4.693880e+01
    endloop
  endfacet
  facet normal 0.000000e+00 1.000000e+00 0.000000e+00
    outer loop
      vertex   3.990827e+01 6.250000e+00 -4.693880e+01
      vertex   4.011037e+01 6.250000e+00 -4.793725e+01
      vertex   3.990850e+01 6.250000e+00 -4.797206e+01
    endloop
  endfacet
  facet normal 0.000000e+00 1.000000e+00 0.000000e+00
    outer loop
      vertex   3.990827e+01 6.250000e+00 -4.693880e+01
      vertex   3.990850e+01 6.250000e+00 -4.797206e+01
      vertex   3.974649e+01 6.250000e+00 -4.697272e+01
    endloop
  endfacet
  facet normal 0.000000e+00 1.000000e+00 0.000000e+00
    outer loop
      vertex   3.974649e+01 6.250000e+00 -4.697272e+01
      vertex   3.990850e+01 6.250000e+00 -4.797206e+01
      vertex   3.970473e+01 6.250000e+00 -4.799301e+01
    endloop
  endfacet
  facet normal 0.000000e+00 1.000000e+00 0.000000e+00
    outer loop
      vertex   3.974649e+01 6.250000e+00 -4.697272e+01
      vertex   3.970473e+01 6.250000e+00 -4.799301e+01
      vertex   3.958246e+01 6.250000e+00 -4.699317e+01
    endloop
  endfacet
  facet normal -4.320302e-15 1.000000e+00 -5.283318e-16
    outer loop
      vertex   3.958246e+01 6.250000e+00 -4.699317e+01
      vertex   3.970473e+01 6.250000e+00 -4.799301e+01
      vertex   3.950000e+01 6.250000e+00 -4.800000e+01
    endloop
  endfacet
  facet normal -5.359396e-15 1.000000e+00 -4.432328e-16
    outer loop
      vertex   3.958246e+01 6.250000e+00 -4.699317e+01
      vertex   3.950000e+01 6.250000e+00 -4.800000e+01
      vertex   3.941730e+01 6.250000e+00 -4.700000e+01
    endloop
  endfacet
  facet normal 0.000000e+00 1.000000e+00 0.000000e+00
    outer loop
      vertex   3.941730e+01 6.250000e+00 -4.700000e+01
      vertex   3.950000e+01 6.250000e+00 -4.800000e+01
      vertex   3.688884e+01 6.250000e+00 -4.792178e+01
    endloop
  endfacet
  facet normal 0.000000e+00 1.000000e+00 0.000000e+00
    outer loop
      vertex   3.941730e+01 6.250000e+00 -4.700000e+01
      vertex   3.688884e+01 6.250000e+00 -4.792178e+01
      vertex   3.687053e+01 6.250000e+00 -4.784549e+01
    endloop
  endfacet
  facet normal 0.000000e+00 1.000000e+00 0.000000e+00
    outer loop
      vertex   3.950000e+01 6.250000e+00 -4.800000e+01
      vertex   3.689500e+01 6.250000e+00 -4.800000e+01
      vertex   3.688884e+01 6.250000e+00 -4.792178e+01
    endloop
  endfacet
  facet normal 0.000000e+00 1.000000e+00 -0.000000e+00
    outer loop
      vertex   3.687053e+01 6.250000e+00 -4.784549e+01
      vertex   3.684050e+01 6.250000e+00 -4.777300e+01
      vertex   3.941730e+01 6.250000e+00 -4.700000e+01
    endloop
  endfacet
  facet normal 0.000000e+00 1.000000e+00 0.000000e+00
    outer loop
      vertex   3.941730e+01 6.250000e+00 -4.700000e+01
      vertex   3.684050e+01 6.250000e+00 -4.777300e+01
      vertex   3.679951e+01 6.250000e+00 -4.770611e+01
    endloop
  endfacet
  facet normal 0.000000e+00 1.000000e+00 0.000000e+00
    outer loop
      vertex   3.941730e+01 6.250000e+00 -4.700000e+01
      vertex   3.679951e+01 6.250000e+00 -4.770611e+01
      vertex   3.674855e+01 6.250000e+00 -4.764645e+01
    endloop
  endfacet
  facet normal 0.000000e+00 1.000000e+00 -0.000000e+00
    outer loop
      vertex   3.674855e+01 6.250000e+00 -4.764645e+01
      vertex   3.668889e+01 6.250000e+00 -4.759549e+01
      vertex   3.941730e+01 6.250000e+00 -4.700000e+01
    endloop
  endfacet
  facet normal 0.000000e+00 1.000000e+00 0.000000e+00
    outer loop
      vertex   3.941730e+01 6.250000e+00 -4.700000e+01
      vertex   3.668889e+01 6.250000e+00 -4.759549e+01
      vertex   3.662200e+01 6.250000e+00 -4.755450e+01
    endloop
  endfacet
  facet normal 0.000000e+00 1.000000e+00 0.000000e+00
    outer loop
      vertex   3.941730e+01 6.250000e+00 -4.700000e+01
      vertex   3.662200e+01 6.250000e+00 -4.755450e+01
      vertex   3.589500e+01 6.250000e+00 -4.700000e+01
    endloop
  endfacet
  facet normal 0.000000e+00 1.000000e+00 0.000000e+00
    outer loop
      vertex   3.589500e+01 6.250000e+00 -4.700000e+01
      vertex   3.662200e+01 6.250000e+00 -4.755450e+01
      vertex   3.654951e+01 6.250000e+00 -4.752447e+01
    endloop
  endfacet
  facet normal 0.000000e+00 1.000000e+00 0.000000e+00
    outer loop
      vertex   3.589500e+01 6.250000e+00 -4.700000e+01
      vertex   3.654951e+01 6.250000e+00 -4.752447e+01
      vertex   3.647322e+01 6.250000e+00 -4.750616e+01
    endloop
  endfacet
  facet normal 0.000000e+00 1.000000e+00 0.000000e+00
    outer loop
      vertex   3.647322e+01 6.250000e+00 -4.750616e+01
      vertex   3.639500e+01 6.250000e+00 -4.750000e+01
      vertex   3.589500e+01 6.250000e+00 -4.700000e+01
    endloop
  endfacet
  facet normal 0.000000e+00 1.000000e+00 0.000000e+00
    outer loop
      vertex   3.589500e+01 6.250000e+00 -4.700000e+01
      vertex   3.639500e+01 6.250000e+00 -4.750000e+01
      vertex   3.589500e+01 6.250000e+00 -4.750000e+01
    endloop
  endfacet
  facet normal 0.000000e+00 1.000000e+00 0.000000e+00
    outer loop
      vertex   2.196540e+01 6.250000e+00 -4.675895e+01
      vertex   2.211391e+01 6.250000e+00 -4.683155e+01
      vertex   2.126996e+01 6.250000e+00 -4.745091e+01
    endloop
  endfacet
  facet normal 0.000000e+00 1.000000e+00 0.000000e+00
    outer loop
      vertex   2.126996e+01 6.250000e+00 -4.745091e+01
      vertex   2.211391e+01 6.250000e+00 -4.683155e+01
      vertex   2.226790e+01 6.250000e+00 -4.689163e+01
    endloop
  endfacet
  facet normal -0.000000e+00 1.000000e+00 0.000000e+00
    outer loop
      vertex   2.126996e+01 6.250000e+00 -4.745091e+01
      vertex   2.226790e+01 6.250000e+00 -4.689163e+01
      vertex   2.144125e+01 6.250000e+00 -4.756326e+01
    endloop
  endfacet
  facet normal -0.000000e+00 1.000000e+00 0.000000e+00
    outer loop
      vertex   2.144125e+01 6.250000e+00 -4.756326e+01
      vertex   2.226790e+01 6.250000e+00 -4.689163e+01
      vertex   2.161980e+01 6.250000e+00 -4.766366e+01
    endloop
  endfacet
  facet normal -0.000000e+00 1.000000e+00 0.000000e+00
    outer loop
      vertex   2.161980e+01 6.250000e+00 -4.766366e+01
      vertex   2.226790e+01 6.250000e+00 -4.689163e+01
      vertex   2.180480e+01 6.250000e+00 -4.775163e+01
    endloop
  endfacet
  facet normal -0.000000e+00 1.000000e+00 0.000000e+00
    outer loop
      vertex   2.180480e+01 6.250000e+00 -4.775163e+01
      vertex   2.226790e+01 6.250000e+00 -4.689163e+01
      vertex   2.199536e+01 6.250000e+00 -4.782678e+01
    endloop
  endfacet
  facet normal -0.000000e+00 1.000000e+00 0.000000e+00
    outer loop
      vertex   2.199536e+01 6.250000e+00 -4.782678e+01
      vertex   2.226790e+01 6.250000e+00 -4.689163e+01
      vertex   2.219061e+01 6.250000e+00 -4.788875e+01
    endloop
  endfacet
  facet normal 0.000000e+00 1.000000e+00 0.000000e+00
    outer loop
      vertex   2.219061e+01 6.250000e+00 -4.788875e+01
      vertex   2.226790e+01 6.250000e+00 -4.689163e+01
      vertex   2.242633e+01 6.250000e+00 -4.693880e+01
    endloop
  endfacet
  facet normal -0.000000e+00 1.000000e+00 0.000000e+00
    outer loop
      vertex   2.219061e+01 6.250000e+00 -4.788875e+01
      vertex   2.242633e+01 6.250000e+00 -4.693880e+01
      vertex   2.238963e+01 6.250000e+00 -4.793725e+01
    endloop
  endfacet
  facet normal 0.000000e+00 1.000000e+00 0.000000e+00
    outer loop
      vertex   2.238963e+01 6.250000e+00 -4.793725e+01
      vertex   2.242633e+01 6.250000e+00 -4.693880e+01
      vertex   2.258811e+01 6.250000e+00 -4.697272e+01
    endloop
  endfacet
  facet normal -0.000000e+00 1.000000e+00 0.000000e+00
    outer loop
      vertex   2.238963e+01 6.250000e+00 -4.793725e+01
      vertex   2.258811e+01 6.250000e+00 -4.697272e+01
      vertex   2.259150e+01 6.250000e+00 -4.797206e+01
    endloop
  endfacet
  facet normal 0.000000e+00 1.000000e+00 -0.000000e+00
    outer loop
      vertex   2.259150e+01 6.250000e+00 -4.797206e+01
      vertex   2.258811e+01 6.250000e+00 -4.697272e+01
      vertex   2.275214e+01 6.250000e+00 -4.699317e+01
    endloop
  endfacet
  facet normal -0.000000e+00 1.000000e+00 0.000000e+00
    outer loop
      vertex   2.259150e+01 6.250000e+00 -4.797206e+01
      vertex   2.275214e+01 6.250000e+00 -4.699317e+01
      vertex   2.279527e+01 6.250000e+00 -4.799301e+01
    endloop
  endfacet
  facet normal 5.387340e-15 1.000000e+00 2.324126e-16
    outer loop
      vertex   2.279527e+01 6.250000e+00 -4.799301e+01
      vertex   2.275214e+01 6.250000e+00 -4.699317e+01
      vertex   2.291730e+01 6.250000e+00 -4.700000e+01
    endloop
  endfacet
  facet normal 4.350641e-15 1.000000e+00 3.598069e-16
    outer loop
      vertex   2.279527e+01 6.250000e+00 -4.799301e+01
      vertex   2.291730e+01 6.250000e+00 -4.700000e+01
      vertex   2.300000e+01 6.250000e+00 -4.800000e+01
    endloop
  endfacet
  facet normal 0.000000e+00 1.000000e+00 -0.000000e+00
    outer loop
      vertex   2.300000e+01 6.250000e+00 -4.800000e+01
      vertex   2.291730e+01 6.250000e+00 -4.700000e+01
      vertex   2.561947e+01 6.250000e+00 -4.784549e+01
    endloop
  endfacet
  facet normal 0.000000e+00 1.000000e+00 0.000000e+00
    outer loop
      vertex   2.300000e+01 6.250000e+00 -4.800000e+01
      vertex   2.561947e+01 6.250000e+00 -4.784549e+01
      vertex   2.560116e+01 6.250000e+00 -4.792178e+01
    endloop
  endfacet
  facet normal 0.000000e+00 1.000000e+00 0.000000e+00
    outer loop
      vertex   2.659500e+01 6.250000e+00 -4.700000e+01
      vertex   2.586800e+01 6.250000e+00 -4.755450e+01
      vertex   2.291730e+01 6.250000e+00 -4.700000e+01
    endloop
  endfacet
  facet normal 0.000000e+00 1.000000e+00 0.000000e+00
    outer loop
      vertex   2.291730e+01 6.250000e+00 -4.700000e+01
      vertex   2.586800e+01 6.250000e+00 -4.755450e+01
      vertex   2.580111e+01 6.250000e+00 -4.759549e+01
    endloop
  endfacet
  facet normal 0.000000e+00 1.000000e+00 0.000000e+00
    outer loop
      vertex   2.291730e+01 6.250000e+00 -4.700000e+01
      vertex   2.580111e+01 6.250000e+00 -4.759549e+01
      vertex   2.574145e+01 6.250000e+00 -4.764645e+01
    endloop
  endfacet
  facet normal 0.000000e+00 1.000000e+00 -0.000000e+00
    outer loop
      vertex   2.659500e+01 6.250000e+00 -4.750000e+01
      vertex   2.609500e+01 6.250000e+00 -4.750000e+01
      vertex   2.659500e+01 6.250000e+00 -4.700000e+01
    endloop
  endfacet
  facet normal 0.000000e+00 1.000000e+00 0.000000e+00
    outer loop
      vertex   2.659500e+01 6.250000e+00 -4.700000e+01
      vertex   2.609500e+01 6.250000e+00 -4.750000e+01
      vertex   2.601678e+01 6.250000e+00 -4.750616e+01
    endloop
  endfacet
  facet normal 0.000000e+00 1.000000e+00 0.000000e+00
    outer loop
      vertex   2.659500e+01 6.250000e+00 -4.700000e+01
      vertex   2.601678e+01 6.250000e+00 -4.750616e+01
      vertex   2.594049e+01 6.250000e+00 -4.752447e+01
    endloop
  endfacet
  facet normal 0.000000e+00 1.000000e+00 -0.000000e+00
    outer loop
      vertex   2.594049e+01 6.250000e+00 -4.752447e+01
      vertex   2.586800e+01 6.250000e+00 -4.755450e+01
      vertex   2.659500e+01 6.250000e+00 -4.700000e+01
    endloop
  endfacet
  facet normal 0.000000e+00 1.000000e+00 0.000000e+00
    outer loop
      vertex   2.574145e+01 6.250000e+00 -4.764645e+01
      vertex   2.569049e+01 6.250000e+00 -4.770611e+01
      vertex   2.291730e+01 6.250000e+00 -4.700000e+01
    endloop
  endfacet
  facet normal 0.000000e+00 1.000000e+00 0.000000e+00
    outer loop
      vertex   2.291730e+01 6.250000e+00 -4.700000e+01
      vertex   2.569049e+01 6.250000e+00 -4.770611e+01
      vertex   2.564950e+01 6.250000e+00 -4.777300e+01
    endloop
  endfacet
  facet normal 0.000000e+00 1.000000e+00 0.000000e+00
    outer loop
      vertex   2.291730e+01 6.250000e+00 -4.700000e+01
      vertex   2.564950e+01 6.250000e+00 -4.777300e+01
      vertex   2.561947e+01 6.250000e+00 -4.784549e+01
    endloop
  endfacet
  facet normal 0.000000e+00 1.000000e+00 0.000000e+00
    outer loop
      vertex   2.560116e+01 6.250000e+00 -4.792178e+01
      vertex   2.559500e+01 6.250000e+00 -4.800000e+01
      vertex   2.300000e+01 6.250000e+00 -4.800000e+01
    endloop
  endfacet
  facet normal -4.306320e-16 0.000000e+00 -1.000000e+00
    outer loop
      vertex   3.941730e+01 1.000000e+00 -2.240000e+01
      vertex   2.291730e+01 1.000000e+00 -2.240000e+01
      vertex   3.941730e+01 6.250000e+00 -2.240000e+01
    endloop
  endfacet
  facet normal -4.306320e-16 0.000000e+00 -1.000000e+00
    outer loop
      vertex   3.941730e+01 6.250000e+00 -2.240000e+01
      vertex   2.291730e+01 1.000000e+00 -2.240000e+01
      vertex   2.291730e+01 6.250000e+00 -2.240000e+01
    endloop
  endfacet
  facet normal 4.132497e-02 0.000000e+00 -9.991458e-01
    outer loop
      vertex   2.291730e+01 6.250000e+00 -2.240000e+01
      vertex   2.291730e+01 1.000000e+00 -2.240000e+01
      vertex   2.275214e+01 3.625000e+00 -2.240683e+01
    endloop
  endfacet
  facet normal 4.132497e-02 0.000000e+00 -9.991458e-01
    outer loop
      vertex   2.275214e+01 3.625000e+00 -2.240683e+01
      vertex   2.291730e+01 1.000000e+00 -2.240000e+01
      vertex   2.275214e+01 1.000000e+00 -2.240683e+01
    endloop
  endfacet
  facet normal 1.236926e-01 0.000000e+00 -9.923206e-01
    outer loop
      vertex   2.275214e+01 3.625000e+00 -2.240683e+01
      vertex   2.275214e+01 1.000000e+00 -2.240683e+01
      vertex   2.258811e+01 3.625000e+00 -2.242728e+01
    endloop
  endfacet
  facet normal 1.236926e-01 0.000000e+00 -9.923206e-01
    outer loop
      vertex   2.258811e+01 3.625000e+00 -2.242728e+01
      vertex   2.275214e+01 1.000000e+00 -2.240683e+01
      vertex   2.258811e+01 1.000000e+00 -2.242728e+01
    endloop
  endfacet
  facet normal 2.052153e-01 0.000000e+00 -9.787168e-01
    outer loop
      vertex   2.258811e+01 3.625000e+00 -2.242728e+01
      vertex   2.258811e+01 1.000000e+00 -2.242728e+01
      vertex   2.242633e+01 3.625000e+00 -2.246120e+01
    endloop
  endfacet
  facet normal 2.052153e-01 0.000000e+00 -9.787168e-01
    outer loop
      vertex   2.242633e+01 3.625000e+00 -2.246120e+01
      vertex   2.258811e+01 1.000000e+00 -2.242728e+01
      vertex   2.242633e+01 1.000000e+00 -2.246120e+01
    endloop
  endfacet
  facet normal 2.853362e-01 0.000000e+00 -9.584275e-01
    outer loop
      vertex   2.242633e+01 3.625000e+00 -2.246120e+01
      vertex   2.242633e+01 1.000000e+00 -2.246120e+01
      vertex   2.226790e+01 3.625000e+00 -2.250837e+01
    endloop
  endfacet
  facet normal 2.853362e-01 0.000000e+00 -9.584275e-01
    outer loop
      vertex   2.226790e+01 3.625000e+00 -2.250837e+01
      vertex   2.242633e+01 1.000000e+00 -2.246120e+01
      vertex   2.226790e+01 1.000000e+00 -2.250837e+01
    endloop
  endfacet
  facet normal 3.635080e-01 0.000000e+00 -9.315911e-01
    outer loop
      vertex   2.226790e+01 3.625000e+00 -2.250837e+01
      vertex   2.226790e+01 1.000000e+00 -2.250837e+01
      vertex   2.211391e+01 3.625000e+00 -2.256845e+01
    endloop
  endfacet
  facet normal 3.635080e-01 1.260829e-15 -9.315911e-01
    outer loop
      vertex   2.211391e+01 3.625000e+00 -2.256845e+01
      vertex   2.226790e+01 1.000000e+00 -2.250837e+01
      vertex   2.211391e+01 1.000000e+00 -2.256845e+01
    endloop
  endfacet
  facet normal 4.391966e-01 1.215896e-15 -8.983910e-01
    outer loop
      vertex   2.211391e+01 3.625000e+00 -2.256845e+01
      vertex   2.211391e+01 1.000000e+00 -2.256845e+01
      vertex   2.196540e+01 3.625000e+00 -2.264105e+01
    endloop
  endfacet
  facet normal 4.391966e-01 0.000000e+00 -8.983910e-01
    outer loop
      vertex   2.196540e+01 3.625000e+00 -2.264105e+01
      vertex   2.211391e+01 1.000000e+00 -2.256845e+01
      vertex   2.196540e+01 1.000000e+00 -2.264105e+01
    endloop
  endfacet
  facet normal 5.118850e-01 0.000000e+00 -8.590540e-01
    outer loop
      vertex   2.196540e+01 3.625000e+00 -2.264105e+01
      vertex   2.196540e+01 1.000000e+00 -2.264105e+01
      vertex   2.182340e+01 3.625000e+00 -2.272567e+01
    endloop
  endfacet
  facet normal 5.118850e-01 0.000000e+00 -8.590540e-01
    outer loop
      vertex   2.182340e+01 3.625000e+00 -2.272567e+01
      vertex   2.196540e+01 1.000000e+00 -2.264105e+01
      vertex   2.182340e+01 1.000000e+00 -2.272567e+01
    endloop
  endfacet
  facet normal 5.810768e-01 0.000000e+00 -8.138487e-01
    outer loop
      vertex   2.182340e+01 3.625000e+00 -2.272567e+01
      vertex   2.182340e+01 1.000000e+00 -2.272567e+01
      vertex   2.168887e+01 3.625000e+00 -2.282172e+01
    endloop
  endfacet
  facet normal 5.810768e-01 0.000000e+00 -8.138487e-01
    outer loop
      vertex   2.168887e+01 3.625000e+00 -2.282172e+01
      vertex   2.182340e+01 1.000000e+00 -2.272567e+01
      vertex   2.168887e+01 1.000000e+00 -2.282172e+01
    endloop
  endfacet
  facet normal 6.462992e-01 0.000000e+00 -7.630841e-01
    outer loop
      vertex   2.168887e+01 3.625000e+00 -2.282172e+01
      vertex   2.168887e+01 1.000000e+00 -2.282172e+01
      vertex   2.156273e+01 3.625000e+00 -2.292855e+01
    endloop
  endfacet
  facet normal 6.462992e-01 0.000000e+00 -7.630841e-01
    outer loop
      vertex   2.156273e+01 3.625000e+00 -2.292855e+01
      vertex   2.168887e+01 1.000000e+00 -2.282172e+01
      vertex   2.156273e+01 1.000000e+00 -2.292855e+01
    endloop
  endfacet
  facet normal 7.071068e-01 0.000000e+00 -7.071068e-01
    outer loop
      vertex   2.156273e+01 3.625000e+00 -2.292855e+01
      vertex   2.156273e+01 1.000000e+00 -2.292855e+01
      vertex   2.144585e+01 3.625000e+00 -2.304544e+01
    endloop
  endfacet
  facet normal 7.071068e-01 0.000000e+00 -7.071068e-01
    outer loop
      vertex   2.144585e+01 3.625000e+00 -2.304544e+01
      vertex   2.156273e+01 1.000000e+00 -2.292855e+01
      vertex   2.144585e+01 1.000000e+00 -2.304544e+01
    endloop
  endfacet
  facet normal 7.630841e-01 0.000000e+00 -6.462992e-01
    outer loop
      vertex   2.144585e+01 3.625000e+00 -2.304544e+01
      vertex   2.144585e+01 1.000000e+00 -2.304544e+01
      vertex   2.133902e+01 3.625000e+00 -2.317157e+01
    endloop
  endfacet
  facet normal 7.630841e-01 0.000000e+00 -6.462992e-01
    outer loop
      vertex   2.133902e+01 3.625000e+00 -2.317157e+01
      vertex   2.144585e+01 1.000000e+00 -2.304544e+01
      vertex   2.133902e+01 1.000000e+00 -2.317157e+01
    endloop
  endfacet
  facet normal 8.138487e-01 0.000000e+00 -5.810768e-01
    outer loop
      vertex   2.133902e+01 3.625000e+00 -2.317157e+01
      vertex   2.133902e+01 1.000000e+00 -2.317157e+01
      vertex   2.124297e+01 3.625000e+00 -2.330610e+01
    endloop
  endfacet
  facet normal 8.138487e-01 0.000000e+00 -5.810768e-01
    outer loop
      vertex   2.124297e+01 3.625000e+00 -2.330610e+01
      vertex   2.133902e+01 1.000000e+00 -2.317157e+01
      vertex   2.124297e+01 1.000000e+00 -2.330610e+01
    endloop
  endfacet
  facet normal 8.590540e-01 0.000000e+00 -5.118850e-01
    outer loop
      vertex   2.124297e+01 3.625000e+00 -2.330610e+01
      vertex   2.124297e+01 1.000000e+00 -2.330610e+01
      vertex   2.115835e+01 3.625000e+00 -2.344811e+01
    endloop
  endfacet
  facet normal 8.590540e-01 0.000000e+00 -5.118850e-01
    outer loop
      vertex   2.115835e+01 3.625000e+00 -2.344811e+01
      vertex   2.124297e+01 1.000000e+00 -2.330610e+01
      vertex   2.115835e+01 1.000000e+00 -2.344811e+01
    endloop
  endfacet
  facet normal 8.983910e-01 0.000000e+00 -4.391966e-01
    outer loop
      vertex   2.115835e+01 3.625000e+00 -2.344811e+01
      vertex   2.115835e+01 1.000000e+00 -2.344811e+01
      vertex   2.108575e+01 3.625000e+00 -2.359661e+01
    endloop
  endfacet
  facet normal 8.983910e-01 0.000000e+00 -4.391966e-01
    outer loop
      vertex   2.108575e+01 3.625000e+00 -2.359661e+01
      vertex   2.115835e+01 1.000000e+00 -2.344811e+01
      vertex   2.108575e+01 1.000000e+00 -2.359661e+01
    endloop
  endfacet
  facet normal 9.315911e-01 0.000000e+00 -3.635080e-01
    outer loop
      vertex   2.108575e+01 3.625000e+00 -2.359661e+01
      vertex   2.108575e+01 1.000000e+00 -2.359661e+01
      vertex   2.102566e+01 3.625000e+00 -2.375060e+01
    endloop
  endfacet
  facet normal 9.315911e-01 -1.260829e-15 -3.635080e-01
    outer loop
      vertex   2.102566e+01 3.625000e+00 -2.375060e+01
      vertex   2.108575e+01 1.000000e+00 -2.359661e+01
      vertex   2.102566e+01 1.000000e+00 -2.375060e+01
    endloop
  endfacet
  facet normal 9.584275e-01 -1.297150e-15 -2.853362e-01
    outer loop
      vertex   2.102566e+01 3.625000e+00 -2.375060e+01
      vertex   2.102566e+01 1.000000e+00 -2.375060e+01
      vertex   2.097850e+01 3.625000e+00 -2.390903e+01
    endloop
  endfacet
  facet normal 9.584275e-01 0.000000e+00 -2.853362e-01
    outer loop
      vertex   2.097850e+01 3.625000e+00 -2.390903e+01
      vertex   2.102566e+01 1.000000e+00 -2.375060e+01
      vertex   2.097850e+01 1.000000e+00 -2.390903e+01
    endloop
  endfacet
  facet normal 9.787168e-01 0.000000e+00 -2.052153e-01
    outer loop
      vertex   2.097850e+01 3.625000e+00 -2.390903e+01
      vertex   2.097850e+01 1.000000e+00 -2.390903e+01
      vertex   2.094458e+01 3.625000e+00 -2.407081e+01
    endloop
  endfacet
  facet normal 9.787168e-01 0.000000e+00 -2.052153e-01
    outer loop
      vertex   2.094458e+01 3.625000e+00 -2.407081e+01
      vertex   2.097850e+01 1.000000e+00 -2.390903e+01
      vertex   2.094458e+01 1.000000e+00 -2.407081e+01
    endloop
  endfacet
  facet normal 9.923206e-01 0.000000e+00 -1.236926e-01
    outer loop
      vertex   2.094458e+01 3.625000e+00 -2.407081e+01
      vertex   2.094458e+01 1.000000e+00 -2.407081e+01
      vertex   2.092413e+01 3.625000e+00 -2.423484e+01
    endloop
  endfacet
  facet normal 9.923206e-01 0.000000e+00 -1.236926e-01
    outer loop
      vertex   2.092413e+01 3.625000e+00 -2.423484e+01
      vertex   2.094458e+01 1.000000e+00 -2.407081e+01
      vertex   2.092413e+01 1.000000e+00 -2.423484e+01
    endloop
  endfacet
  facet normal 9.991458e-01 0.000000e+00 -4.132497e-02
    outer loop
      vertex   2.092413e+01 3.625000e+00 -2.423484e+01
      vertex   2.092413e+01 1.000000e+00 -2.423484e+01
      vertex   2.091730e+01 1.000000e+00 -2.440000e+01
    endloop
  endfacet
  facet normal 9.991458e-01 0.000000e+00 -4.132497e-02
    outer loop
      vertex   2.091730e+01 1.000000e+00 -2.440000e+01
      vertex   2.091730e+01 6.250000e+00 -2.440000e+01
      vertex   2.092413e+01 3.625000e+00 -2.423484e+01
    endloop
  endfacet
  facet normal 9.991458e-01 0.000000e+00 -4.132497e-02
    outer loop
      vertex   2.092413e+01 3.625000e+00 -2.423484e+01
      vertex   2.091730e+01 6.250000e+00 -2.440000e+01
      vertex   2.092413e+01 6.250000e+00 -2.423484e+01
    endloop
  endfacet
  facet normal 9.923206e-01 0.000000e+00 -1.236926e-01
    outer loop
      vertex   2.092413e+01 3.625000e+00 -2.423484e+01
      vertex   2.092413e+01 6.250000e+00 -2.423484e+01
      vertex   2.094458e+01 3.625000e+00 -2.407081e+01
    endloop
  endfacet
  facet normal 9.923206e-01 0.000000e+00 -1.236926e-01
    outer loop
      vertex   2.094458e+01 3.625000e+00 -2.407081e+01
      vertex   2.092413e+01 6.250000e+00 -2.423484e+01
      vertex   2.094458e+01 6.250000e+00 -2.407081e+01
    endloop
  endfacet
  facet normal 9.787168e-01 0.000000e+00 -2.052153e-01
    outer loop
      vertex   2.094458e+01 3.625000e+00 -2.407081e+01
      vertex   2.094458e+01 6.250000e+00 -2.407081e+01
      vertex   2.097850e+01 3.625000e+00 -2.390903e+01
    endloop
  endfacet
  facet normal 9.787168e-01 0.000000e+00 -2.052153e-01
    outer loop
      vertex   2.097850e+01 3.625000e+00 -2.390903e+01
      vertex   2.094458e+01 6.250000e+00 -2.407081e+01
      vertex   2.097850e+01 6.250000e+00 -2.390903e+01
    endloop
  endfacet
  facet normal 9.584275e-01 0.000000e+00 -2.853362e-01
    outer loop
      vertex   2.097850e+01 3.625000e+00 -2.390903e+01
      vertex   2.097850e+01 6.250000e+00 -2.390903e+01
      vertex   2.102566e+01 3.625000e+00 -2.375060e+01
    endloop
  endfacet
  facet normal 9.584275e-01 1.297150e-15 -2.853362e-01
    outer loop
      vertex   2.102566e+01 3.625000e+00 -2.375060e+01
      vertex   2.097850e+01 6.250000e+00 -2.390903e+01
      vertex   2.102566e+01 6.250000e+00 -2.375060e+01
    endloop
  endfacet
  facet normal 9.315911e-01 1.260829e-15 -3.635080e-01
    outer loop
      vertex   2.102566e+01 3.625000e+00 -2.375060e+01
      vertex   2.102566e+01 6.250000e+00 -2.375060e+01
      vertex   2.108575e+01 3.625000e+00 -2.359661e+01
    endloop
  endfacet
  facet normal 9.315911e-01 0.000000e+00 -3.635080e-01
    outer loop
      vertex   2.108575e+01 3.625000e+00 -2.359661e+01
      vertex   2.102566e+01 6.250000e+00 -2.375060e+01
      vertex   2.108575e+01 6.250000e+00 -2.359661e+01
    endloop
  endfacet
  facet normal 8.983910e-01 0.000000e+00 -4.391966e-01
    outer loop
      vertex   2.108575e+01 3.625000e+00 -2.359661e+01
      vertex   2.108575e+01 6.250000e+00 -2.359661e+01
      vertex   2.115835e+01 3.625000e+00 -2.344811e+01
    endloop
  endfacet
  facet normal 8.983910e-01 0.000000e+00 -4.391966e-01
    outer loop
      vertex   2.115835e+01 3.625000e+00 -2.344811e+01
      vertex   2.108575e+01 6.250000e+00 -2.359661e+01
      vertex   2.115835e+01 6.250000e+00 -2.344811e+01
    endloop
  endfacet
  facet normal 8.590540e-01 0.000000e+00 -5.118850e-01
    outer loop
      vertex   2.115835e+01 3.625000e+00 -2.344811e+01
      vertex   2.115835e+01 6.250000e+00 -2.344811e+01
      vertex   2.124297e+01 3.625000e+00 -2.330610e+01
    endloop
  endfacet
  facet normal 8.590540e-01 0.000000e+00 -5.118850e-01
    outer loop
      vertex   2.124297e+01 3.625000e+00 -2.330610e+01
      vertex   2.115835e+01 6.250000e+00 -2.344811e+01
      vertex   2.124297e+01 6.250000e+00 -2.330610e+01
    endloop
  endfacet
  facet normal 8.138487e-01 0.000000e+00 -5.810768e-01
    outer loop
      vertex   2.124297e+01 3.625000e+00 -2.330610e+01
      vertex   2.124297e+01 6.250000e+00 -2.330610e+01
      vertex   2.133902e+01 3.625000e+00 -2.317157e+01
    endloop
  endfacet
  facet normal 8.138487e-01 0.000000e+00 -5.810768e-01
    outer loop
      vertex   2.133902e+01 3.625000e+00 -2.317157e+01
      vertex   2.124297e+01 6.250000e+00 -2.330610e+01
      vertex   2.133902e+01 6.250000e+00 -2.317157e+01
    endloop
  endfacet
  facet normal 7.630841e-01 0.000000e+00 -6.462992e-01
    outer loop
      vertex   2.133902e+01 3.625000e+00 -2.317157e+01
      vertex   2.133902e+01 6.250000e+00 -2.317157e+01
      vertex   2.144585e+01 3.625000e+00 -2.304544e+01
    endloop
  endfacet
  facet normal 7.630841e-01 0.000000e+00 -6.462992e-01
    outer loop
      vertex   2.144585e+01 3.625000e+00 -2.304544e+01
      vertex   2.133902e+01 6.250000e+00 -2.317157e+01
      vertex   2.144585e+01 6.250000e+00 -2.304544e+01
    endloop
  endfacet
  facet normal 7.071068e-01 0.000000e+00 -7.071068e-01
    outer loop
      vertex   2.144585e+01 3.625000e+00 -2.304544e+01
      vertex   2.144585e+01 6.250000e+00 -2.304544e+01
      vertex   2.156273e+01 3.625000e+00 -2.292855e+01
    endloop
  endfacet
  facet normal 7.071068e-01 0.000000e+00 -7.071068e-01
    outer loop
      vertex   2.156273e+01 3.625000e+00 -2.292855e+01
      vertex   2.144585e+01 6.250000e+00 -2.304544e+01
      vertex   2.156273e+01 6.250000e+00 -2.292855e+01
    endloop
  endfacet
  facet normal 6.462992e-01 0.000000e+00 -7.630841e-01
    outer loop
      vertex   2.156273e+01 3.625000e+00 -2.292855e+01
      vertex   2.156273e+01 6.250000e+00 -2.292855e+01
      vertex   2.168887e+01 3.625000e+00 -2.282172e+01
    endloop
  endfacet
  facet normal 6.462992e-01 0.000000e+00 -7.630841e-01
    outer loop
      vertex   2.168887e+01 3.625000e+00 -2.282172e+01
      vertex   2.156273e+01 6.250000e+00 -2.292855e+01
      vertex   2.168887e+01 6.250000e+00 -2.282172e+01
    endloop
  endfacet
  facet normal 5.810768e-01 0.000000e+00 -8.138487e-01
    outer loop
      vertex   2.168887e+01 3.625000e+00 -2.282172e+01
      vertex   2.168887e+01 6.250000e+00 -2.282172e+01
      vertex   2.182340e+01 3.625000e+00 -2.272567e+01
    endloop
  endfacet
  facet normal 5.810768e-01 0.000000e+00 -8.138487e-01
    outer loop
      vertex   2.182340e+01 3.625000e+00 -2.272567e+01
      vertex   2.168887e+01 6.250000e+00 -2.282172e+01
      vertex   2.182340e+01 6.250000e+00 -2.272567e+01
    endloop
  endfacet
  facet normal 5.118850e-01 0.000000e+00 -8.590540e-01
    outer loop
      vertex   2.182340e+01 3.625000e+00 -2.272567e+01
      vertex   2.182340e+01 6.250000e+00 -2.272567e+01
      vertex   2.196540e+01 3.625000e+00 -2.264105e+01
    endloop
  endfacet
  facet normal 5.118850e-01 0.000000e+00 -8.590540e-01
    outer loop
      vertex   2.196540e+01 3.625000e+00 -2.264105e+01
      vertex   2.182340e+01 6.250000e+00 -2.272567e+01
      vertex   2.196540e+01 6.250000e+00 -2.264105e+01
    endloop
  endfacet
  facet normal 4.391966e-01 0.000000e+00 -8.983910e-01
    outer loop
      vertex   2.196540e+01 3.625000e+00 -2.264105e+01
      vertex   2.196540e+01 6.250000e+00 -2.264105e+01
      vertex   2.211391e+01 3.625000e+00 -2.256845e+01
    endloop
  endfacet
  facet normal 4.391966e-01 -1.215896e-15 -8.983910e-01
    outer loop
      vertex   2.211391e+01 3.625000e+00 -2.256845e+01
      vertex   2.196540e+01 6.250000e+00 -2.264105e+01
      vertex   2.211391e+01 6.250000e+00 -2.256845e+01
    endloop
  endfacet
  facet normal 3.635080e-01 -1.260829e-15 -9.315911e-01
    outer loop
      vertex   2.211391e+01 3.625000e+00 -2.256845e+01
      vertex   2.211391e+01 6.250000e+00 -2.256845e+01
      vertex   2.226790e+01 3.625000e+00 -2.250837e+01
    endloop
  endfacet
  facet normal 3.635080e-01 0.000000e+00 -9.315911e-01
    outer loop
      vertex   2.226790e+01 3.625000e+00 -2.250837e+01
      vertex   2.211391e+01 6.250000e+00 -2.256845e+01
      vertex   2.226790e+01 6.250000e+00 -2.250837e+01
    endloop
  endfacet
  facet normal 2.853362e-01 0.000000e+00 -9.584275e-01
    outer loop
      vertex   2.226790e+01 3.625000e+00 -2.250837e+01
      vertex   2.226790e+01 6.250000e+00 -2.250837e+01
      vertex   2.242633e+01 3.625000e+00 -2.246120e+01
    endloop
  endfacet
  facet normal 2.853362e-01 0.000000e+00 -9.584275e-01
    outer loop
      vertex   2.242633e+01 3.625000e+00 -2.246120e+01
      vertex   2.226790e+01 6.250000e+00 -2.250837e+01
      vertex   2.242633e+01 6.250000e+00 -2.246120e+01
    endloop
  endfacet
  facet normal 2.052153e-01 0.000000e+00 -9.787168e-01
    outer loop
      vertex   2.242633e+01 3.625000e+00 -2.246120e+01
      vertex   2.242633e+01 6.250000e+00 -2.246120e+01
      vertex   2.258811e+01 3.625000e+00 -2.242728e+01
    endloop
  endfacet
  facet normal 2.052153e-01 0.000000e+00 -9.787168e-01
    outer loop
      vertex   2.258811e+01 3.625000e+00 -2.242728e+01
      vertex   2.242633e+01 6.250000e+00 -2.246120e+01
      vertex   2.258811e+01 6.250000e+00 -2.242728e+01
    endloop
  endfacet
  facet normal 1.236926e-01 0.000000e+00 -9.923206e-01
    outer loop
      vertex   2.258811e+01 3.625000e+00 -2.242728e+01
      vertex   2.258811e+01 6.250000e+00 -2.242728e+01
      vertex   2.275214e+01 3.625000e+00 -2.240683e+01
    endloop
  endfacet
  facet normal 1.236926e-01 0.000000e+00 -9.923206e-01
    outer loop
      vertex   2.275214e+01 3.625000e+00 -2.240683e+01
      vertex   2.258811e+01 6.250000e+00 -2.242728e+01
      vertex   2.275214e+01 6.250000e+00 -2.240683e+01
    endloop
  endfacet
  facet normal 4.132497e-02 0.000000e+00 -9.991458e-01
    outer loop
      vertex   2.275214e+01 3.625000e+00 -2.240683e+01
      vertex   2.275214e+01 6.250000e+00 -2.240683e+01
      vertex   2.291730e+01 6.250000e+00 -2.240000e+01
    endloop
  endfacet
  facet normal -9.991458e-01 -0.000000e+00 -4.132497e-02
    outer loop
      vertex   4.141730e+01 6.250000e+00 -2.440000e+01
      vertex   4.141730e+01 1.000000e+00 -2.440000e+01
      vertex   4.141047e+01 3.625000e+00 -2.423484e+01
    endloop
  endfacet
  facet normal -9.991458e-01 -0.000000e+00 -4.132497e-02
    outer loop
      vertex   4.141047e+01 3.625000e+00 -2.423484e+01
      vertex   4.141730e+01 1.000000e+00 -2.440000e+01
      vertex   4.141047e+01 1.000000e+00 -2.423484e+01
    endloop
  endfacet
  facet normal -9.923206e-01 -0.000000e+00 -1.236926e-01
    outer loop
      vertex   4.141047e+01 3.625000e+00 -2.423484e+01
      vertex   4.141047e+01 1.000000e+00 -2.423484e+01
      vertex   4.139002e+01 3.625000e+00 -2.407081e+01
    endloop
  endfacet
  facet normal -9.923206e-01 -0.000000e+00 -1.236926e-01
    outer loop
      vertex   4.139002e+01 3.625000e+00 -2.407081e+01
      vertex   4.141047e+01 1.000000e+00 -2.423484e+01
      vertex   4.139002e+01 1.000000e+00 -2.407081e+01
    endloop
  endfacet
  facet normal -9.787168e-01 -0.000000e+00 -2.052153e-01
    outer loop
      vertex   4.139002e+01 3.625000e+00 -2.407081e+01
      vertex   4.139002e+01 1.000000e+00 -2.407081e+01
      vertex   4.135610e+01 3.625000e+00 -2.390903e+01
    endloop
  endfacet
  facet normal -9.787168e-01 2.649220e-15 -2.052153e-01
    outer loop
      vertex   4.135610e+01 3.625000e+00 -2.390903e+01
      vertex   4.139002e+01 1.000000e+00 -2.407081e+01
      vertex   4.135610e+01 1.000000e+00 -2.390903e+01
    endloop
  endfacet
  facet normal -9.584275e-01 2.594300e-15 -2.853362e-01
    outer loop
      vertex   4.135610e+01 3.625000e+00 -2.390903e+01
      vertex   4.135610e+01 1.000000e+00 -2.390903e+01
      vertex   4.130893e+01 3.625000e+00 -2.375060e+01
    endloop
  endfacet
  facet normal -9.584275e-01 -0.000000e+00 -2.853362e-01
    outer loop
      vertex   4.130893e+01 3.625000e+00 -2.375060e+01
      vertex   4.135610e+01 1.000000e+00 -2.390903e+01
      vertex   4.130893e+01 1.000000e+00 -2.375060e+01
    endloop
  endfacet
  facet normal -9.315911e-01 -0.000000e+00 -3.635080e-01
    outer loop
      vertex   4.130893e+01 3.625000e+00 -2.375060e+01
      vertex   4.130893e+01 1.000000e+00 -2.375060e+01
      vertex   4.124884e+01 3.625000e+00 -2.359661e+01
    endloop
  endfacet
  facet normal -9.315911e-01 -0.000000e+00 -3.635080e-01
    outer loop
      vertex   4.124884e+01 3.625000e+00 -2.359661e+01
      vertex   4.130893e+01 1.000000e+00 -2.375060e+01
      vertex   4.124884e+01 1.000000e+00 -2.359661e+01
    endloop
  endfacet
  facet normal -8.983910e-01 -0.000000e+00 -4.391966e-01
    outer loop
      vertex   4.124884e+01 3.625000e+00 -2.359661e+01
      vertex   4.124884e+01 1.000000e+00 -2.359661e+01
      vertex   4.117625e+01 3.625000e+00 -2.344811e+01
    endloop
  endfacet
  facet normal -8.983910e-01 -0.000000e+00 -4.391966e-01
    outer loop
      vertex   4.117625e+01 3.625000e+00 -2.344811e+01
      vertex   4.124884e+01 1.000000e+00 -2.359661e+01
      vertex   4.117625e+01 1.000000e+00 -2.344811e+01
    endloop
  endfacet
  facet normal -8.590540e-01 -0.000000e+00 -5.118850e-01
    outer loop
      vertex   4.117625e+01 3.625000e+00 -2.344811e+01
      vertex   4.117625e+01 1.000000e+00 -2.344811e+01
      vertex   4.109163e+01 3.625000e+00 -2.330610e+01
    endloop
  endfacet
  facet normal -8.590540e-01 -0.000000e+00 -5.118850e-01
    outer loop
      vertex   4.109163e+01 3.625000e+00 -2.330610e+01
      vertex   4.117625e+01 1.000000e+00 -2.344811e+01
      vertex   4.109163e+01 1.000000e+00 -2.330610e+01
    endloop
  endfacet
  facet normal -8.138487e-01 -0.000000e+00 -5.810768e-01
    outer loop
      vertex   4.109163e+01 3.625000e+00 -2.330610e+01
      vertex   4.109163e+01 1.000000e+00 -2.330610e+01
      vertex   4.099558e+01 3.625000e+00 -2.317157e+01
    endloop
  endfacet
  facet normal -8.138487e-01 -0.000000e+00 -5.810768e-01
    outer loop
      vertex   4.099558e+01 3.625000e+00 -2.317157e+01
      vertex   4.109163e+01 1.000000e+00 -2.330610e+01
      vertex   4.099558e+01 1.000000e+00 -2.317157e+01
    endloop
  endfacet
  facet normal -7.630841e-01 -0.000000e+00 -6.462992e-01
    outer loop
      vertex   4.099558e+01 3.625000e+00 -2.317157e+01
      vertex   4.099558e+01 1.000000e+00 -2.317157e+01
      vertex   4.088875e+01 3.625000e+00 -2.304544e+01
    endloop
  endfacet
  facet normal -7.630841e-01 8.747109e-16 -6.462992e-01
    outer loop
      vertex   4.088875e+01 3.625000e+00 -2.304544e+01
      vertex   4.099558e+01 1.000000e+00 -2.317157e+01
      vertex   4.088875e+01 1.000000e+00 -2.304544e+01
    endloop
  endfacet
  facet normal -7.071068e-01 9.570087e-16 -7.071068e-01
    outer loop
      vertex   4.088875e+01 3.625000e+00 -2.304544e+01
      vertex   4.088875e+01 1.000000e+00 -2.304544e+01
      vertex   4.077186e+01 3.625000e+00 -2.292855e+01
    endloop
  endfacet
  facet normal -7.071068e-01 -0.000000e+00 -7.071068e-01
    outer loop
      vertex   4.077186e+01 3.625000e+00 -2.292855e+01
      vertex   4.088875e+01 1.000000e+00 -2.304544e+01
      vertex   4.077186e+01 1.000000e+00 -2.292855e+01
    endloop
  endfacet
  facet normal -6.462992e-01 -0.000000e+00 -7.630841e-01
    outer loop
      vertex   4.077186e+01 3.625000e+00 -2.292855e+01
      vertex   4.077186e+01 1.000000e+00 -2.292855e+01
      vertex   4.064572e+01 3.625000e+00 -2.282172e+01
    endloop
  endfacet
  facet normal -6.462992e-01 -0.000000e+00 -7.630841e-01
    outer loop
      vertex   4.064572e+01 3.625000e+00 -2.282172e+01
      vertex   4.077186e+01 1.000000e+00 -2.292855e+01
      vertex   4.064572e+01 1.000000e+00 -2.282172e+01
    endloop
  endfacet
  facet normal -5.810768e-01 -0.000000e+00 -8.138487e-01
    outer loop
      vertex   4.064572e+01 3.625000e+00 -2.282172e+01
      vertex   4.064572e+01 1.000000e+00 -2.282172e+01
      vertex   4.051119e+01 3.625000e+00 -2.272567e+01
    endloop
  endfacet
  facet normal -5.810768e-01 -1.101475e-15 -8.138487e-01
    outer loop
      vertex   4.051119e+01 3.625000e+00 -2.272567e+01
      vertex   4.064572e+01 1.000000e+00 -2.282172e+01
      vertex   4.051119e+01 1.000000e+00 -2.272567e+01
    endloop
  endfacet
  facet normal -5.118850e-01 -1.162656e-15 -8.590540e-01
    outer loop
      vertex   4.051119e+01 3.625000e+00 -2.272567e+01
      vertex   4.051119e+01 1.000000e+00 -2.272567e+01
      vertex   4.036919e+01 3.625000e+00 -2.264105e+01
    endloop
  endfacet
  facet normal -5.118850e-01 -1.162656e-15 -8.590540e-01
    outer loop
      vertex   4.036919e+01 3.625000e+00 -2.264105e+01
      vertex   4.051119e+01 1.000000e+00 -2.272567e+01
      vertex   4.036919e+01 1.000000e+00 -2.264105e+01
    endloop
  endfacet
  facet normal -4.391966e-01 -1.215896e-15 -8.983910e-01
    outer loop
      vertex   4.036919e+01 3.625000e+00 -2.264105e+01
      vertex   4.036919e+01 1.000000e+00 -2.264105e+01
      vertex   4.022069e+01 3.625000e+00 -2.256845e+01
    endloop
  endfacet
  facet normal -4.391966e-01 1.215896e-15 -8.983910e-01
    outer loop
      vertex   4.022069e+01 3.625000e+00 -2.256845e+01
      vertex   4.036919e+01 1.000000e+00 -2.264105e+01
      vertex   4.022069e+01 1.000000e+00 -2.256845e+01
    endloop
  endfacet
  facet normal -3.635080e-01 1.260829e-15 -9.315911e-01
    outer loop
      vertex   4.022069e+01 3.625000e+00 -2.256845e+01
      vertex   4.022069e+01 1.000000e+00 -2.256845e+01
      vertex   4.006670e+01 3.625000e+00 -2.250837e+01
    endloop
  endfacet
  facet normal -3.635080e-01 -1.260829e-15 -9.315911e-01
    outer loop
      vertex   4.006670e+01 3.625000e+00 -2.250837e+01
      vertex   4.022069e+01 1.000000e+00 -2.256845e+01
      vertex   4.006670e+01 1.000000e+00 -2.250837e+01
    endloop
  endfacet
  facet normal -2.853362e-01 -1.297150e-15 -9.584275e-01
    outer loop
      vertex   4.006670e+01 3.625000e+00 -2.250837e+01
      vertex   4.006670e+01 1.000000e+00 -2.250837e+01
      vertex   3.990827e+01 3.625000e+00 -2.246120e+01
    endloop
  endfacet
  facet normal -2.853362e-01 -1.297150e-15 -9.584275e-01
    outer loop
      vertex   3.990827e+01 3.625000e+00 -2.246120e+01
      vertex   4.006670e+01 1.000000e+00 -2.250837e+01
      vertex   3.990827e+01 1.000000e+00 -2.246120e+01
    endloop
  endfacet
  facet normal -2.052153e-01 -1.324610e-15 -9.787168e-01
    outer loop
      vertex   3.990827e+01 3.625000e+00 -2.246120e+01
      vertex   3.990827e+01 1.000000e+00 -2.246120e+01
      vertex   3.974649e+01 3.625000e+00 -2.242728e+01
    endloop
  endfacet
  facet normal -2.052153e-01 -1.324610e-15 -9.787168e-01
    outer loop
      vertex   3.974649e+01 3.625000e+00 -2.242728e+01
      vertex   3.990827e+01 1.000000e+00 -2.246120e+01
      vertex   3.974649e+01 1.000000e+00 -2.242728e+01
    endloop
  endfacet
  facet normal -1.236926e-01 -1.343021e-15 -9.923206e-01
    outer loop
      vertex   3.974649e+01 3.625000e+00 -2.242728e+01
      vertex   3.974649e+01 1.000000e+00 -2.242728e+01
      vertex   3.958246e+01 3.625000e+00 -2.240683e+01
    endloop
  endfacet
  facet normal -1.236926e-01 -0.000000e+00 -9.923206e-01
    outer loop
      vertex   3.958246e+01 3.625000e+00 -2.240683e+01
      vertex   3.974649e+01 1.000000e+00 -2.242728e+01
      vertex   3.958246e+01 1.000000e+00 -2.240683e+01
    endloop
  endfacet
  facet normal -4.132497e-02 -0.000000e+00 -9.991458e-01
    outer loop
      vertex   3.958246e+01 3.625000e+00 -2.240683e+01
      vertex   3.958246e+01 1.000000e+00 -2.240683e+01
      vertex   3.941730e+01 1.000000e+00 -2.240000e+01
    endloop
  endfacet
  facet normal -4.132497e-02 0.000000e+00 -9.991458e-01
    outer loop
      vertex   3.941730e+01 1.000000e+00 -2.240000e+01
      vertex   3.941730e+01 6.250000e+00 -2.240000e+01
      vertex   3.958246e+01 3.625000e+00 -2.240683e+01
    endloop
  endfacet
  facet normal -4.132497e-02 0.000000e+00 -9.991458e-01
    outer loop
      vertex   3.958246e+01 3.625000e+00 -2.240683e+01
      vertex   3.941730e+01 6.250000e+00 -2.240000e+01
      vertex   3.958246e+01 6.250000e+00 -2.240683e+01
    endloop
  endfacet
  facet normal -1.236926e-01 0.000000e+00 -9.923206e-01
    outer loop
      vertex   3.958246e+01 3.625000e+00 -2.240683e+01
      vertex   3.958246e+01 6.250000e+00 -2.240683e+01
      vertex   3.974649e+01 3.625000e+00 -2.242728e+01
    endloop
  endfacet
  facet normal -1.236926e-01 1.343021e-15 -9.923206e-01
    outer loop
      vertex   3.974649e+01 3.625000e+00 -2.242728e+01
      vertex   3.958246e+01 6.250000e+00 -2.240683e+01
      vertex   3.974649e+01 6.250000e+00 -2.242728e+01
    endloop
  endfacet
  facet normal -2.052153e-01 1.324610e-15 -9.787168e-01
    outer loop
      vertex   3.974649e+01 3.625000e+00 -2.242728e+01
      vertex   3.974649e+01 6.250000e+00 -2.242728e+01
      vertex   3.990827e+01 3.625000e+00 -2.246120e+01
    endloop
  endfacet
  facet normal -2.052153e-01 1.324610e-15 -9.787168e-01
    outer loop
      vertex   3.990827e+01 3.625000e+00 -2.246120e+01
      vertex   3.974649e+01 6.250000e+00 -2.242728e+01
      vertex   3.990827e+01 6.250000e+00 -2.246120e+01
    endloop
  endfacet
  facet normal -2.853362e-01 1.297150e-15 -9.584275e-01
    outer loop
      vertex   3.990827e+01 3.625000e+00 -2.246120e+01
      vertex   3.990827e+01 6.250000e+00 -2.246120e+01
      vertex   4.006670e+01 3.625000e+00 -2.250837e+01
    endloop
  endfacet
  facet normal -2.853362e-01 1.297150e-15 -9.584275e-01
    outer loop
      vertex   4.006670e+01 3.625000e+00 -2.250837e+01
      vertex   3.990827e+01 6.250000e+00 -2.246120e+01
      vertex   4.006670e+01 6.250000e+00 -2.250837e+01
    endloop
  endfacet
  facet normal -3.635080e-01 1.260829e-15 -9.315911e-01
    outer loop
      vertex   4.006670e+01 3.625000e+00 -2.250837e+01
      vertex   4.006670e+01 6.250000e+00 -2.250837e+01
      vertex   4.022069e+01 3.625000e+00 -2.256845e+01
    endloop
  endfacet
  facet normal -3.635080e-01 -1.260829e-15 -9.315911e-01
    outer loop
      vertex   4.022069e+01 3.625000e+00 -2.256845e+01
      vertex   4.006670e+01 6.250000e+00 -2.250837e+01
      vertex   4.022069e+01 6.250000e+00 -2.256845e+01
    endloop
  endfacet
  facet normal -4.391966e-01 -1.215896e-15 -8.983910e-01
    outer loop
      vertex   4.022069e+01 3.625000e+00 -2.256845e+01
      vertex   4.022069e+01 6.250000e+00 -2.256845e+01
      vertex   4.036919e+01 3.625000e+00 -2.264105e+01
    endloop
  endfacet
  facet normal -4.391966e-01 1.215896e-15 -8.983910e-01
    outer loop
      vertex   4.036919e+01 3.625000e+00 -2.264105e+01
      vertex   4.022069e+01 6.250000e+00 -2.256845e+01
      vertex   4.036919e+01 6.250000e+00 -2.264105e+01
    endloop
  endfacet
  facet normal -5.118850e-01 1.162656e-15 -8.590540e-01
    outer loop
      vertex   4.036919e+01 3.625000e+00 -2.264105e+01
      vertex   4.036919e+01 6.250000e+00 -2.264105e+01
      vertex   4.051119e+01 3.625000e+00 -2.272567e+01
    endloop
  endfacet
  facet normal -5.118850e-01 1.162656e-15 -8.590540e-01
    outer loop
      vertex   4.051119e+01 3.625000e+00 -2.272567e+01
      vertex   4.036919e+01 6.250000e+00 -2.264105e+01
      vertex   4.051119e+01 6.250000e+00 -2.272567e+01
    endloop
  endfacet
  facet normal -5.810768e-01 1.101475e-15 -8.138487e-01
    outer loop
      vertex   4.051119e+01 3.625000e+00 -2.272567e+01
      vertex   4.051119e+01 6.250000e+00 -2.272567e+01
      vertex   4.064572e+01 3.625000e+00 -2.282172e+01
    endloop
  endfacet
  facet normal -5.810768e-01 0.000000e+00 -8.138487e-01
    outer loop
      vertex   4.064572e+01 3.625000e+00 -2.282172e+01
      vertex   4.051119e+01 6.250000e+00 -2.272567e+01
      vertex   4.064572e+01 6.250000e+00 -2.282172e+01
    endloop
  endfacet
  facet normal -6.462992e-01 0.000000e+00 -7.630841e-01
    outer loop
      vertex   4.064572e+01 3.625000e+00 -2.282172e+01
      vertex   4.064572e+01 6.250000e+00 -2.282172e+01
      vertex   4.077186e+01 3.625000e+00 -2.292855e+01
    endloop
  endfacet
  facet normal -6.462992e-01 0.000000e+00 -7.630841e-01
    outer loop
      vertex   4.077186e+01 3.625000e+00 -2.292855e+01
      vertex   4.064572e+01 6.250000e+00 -2.282172e+01
      vertex   4.077186e+01 6.250000e+00 -2.292855e+01
    endloop
  endfacet
  facet normal -7.071068e-01 0.000000e+00 -7.071068e-01
    outer loop
      vertex   4.077186e+01 3.625000e+00 -2.292855e+01
      vertex   4.077186e+01 6.250000e+00 -2.292855e+01
      vertex   4.088875e+01 3.625000e+00 -2.304544e+01
    endloop
  endfacet
  facet normal -7.071068e-01 -9.570087e-16 -7.071068e-01
    outer loop
      vertex   4.088875e+01 3.625000e+00 -2.304544e+01
      vertex   4.077186e+01 6.250000e+00 -2.292855e+01
      vertex   4.088875e+01 6.250000e+00 -2.304544e+01
    endloop
  endfacet
  facet normal -7.630841e-01 -8.747109e-16 -6.462992e-01
    outer loop
      vertex   4.088875e+01 3.625000e+00 -2.304544e+01
      vertex   4.088875e+01 6.250000e+00 -2.304544e+01
      vertex   4.099558e+01 3.625000e+00 -2.317157e+01
    endloop
  endfacet
  facet normal -7.630841e-01 0.000000e+00 -6.462992e-01
    outer loop
      vertex   4.099558e+01 3.625000e+00 -2.317157e+01
      vertex   4.088875e+01 6.250000e+00 -2.304544e+01
      vertex   4.099558e+01 6.250000e+00 -2.317157e+01
    endloop
  endfacet
  facet normal -8.138487e-01 0.000000e+00 -5.810768e-01
    outer loop
      vertex   4.099558e+01 3.625000e+00 -2.317157e+01
      vertex   4.099558e+01 6.250000e+00 -2.317157e+01
      vertex   4.109163e+01 3.625000e+00 -2.330610e+01
    endloop
  endfacet
  facet normal -8.138487e-01 0.000000e+00 -5.810768e-01
    outer loop
      vertex   4.109163e+01 3.625000e+00 -2.330610e+01
      vertex   4.099558e+01 6.250000e+00 -2.317157e+01
      vertex   4.109163e+01 6.250000e+00 -2.330610e+01
    endloop
  endfacet
  facet normal -8.590540e-01 0.000000e+00 -5.118850e-01
    outer loop
      vertex   4.109163e+01 3.625000e+00 -2.330610e+01
      vertex   4.109163e+01 6.250000e+00 -2.330610e+01
      vertex   4.117625e+01 3.625000e+00 -2.344811e+01
    endloop
  endfacet
  facet normal -8.590540e-01 0.000000e+00 -5.118850e-01
    outer loop
      vertex   4.117625e+01 3.625000e+00 -2.344811e+01
      vertex   4.109163e+01 6.250000e+00 -2.330610e+01
      vertex   4.117625e+01 6.250000e+00 -2.344811e+01
    endloop
  endfacet
  facet normal -8.983910e-01 0.000000e+00 -4.391966e-01
    outer loop
      vertex   4.117625e+01 3.625000e+00 -2.344811e+01
      vertex   4.117625e+01 6.250000e+00 -2.344811e+01
      vertex   4.124884e+01 3.625000e+00 -2.359661e+01
    endloop
  endfacet
  facet normal -8.983910e-01 0.000000e+00 -4.391966e-01
    outer loop
      vertex   4.124884e+01 3.625000e+00 -2.359661e+01
      vertex   4.117625e+01 6.250000e+00 -2.344811e+01
      vertex   4.124884e+01 6.250000e+00 -2.359661e+01
    endloop
  endfacet
  facet normal -9.315911e-01 0.000000e+00 -3.635080e-01
    outer loop
      vertex   4.124884e+01 3.625000e+00 -2.359661e+01
      vertex   4.124884e+01 6.250000e+00 -2.359661e+01
      vertex   4.130893e+01 3.625000e+00 -2.375060e+01
    endloop
  endfacet
  facet normal -9.315911e-01 0.000000e+00 -3.635080e-01
    outer loop
      vertex   4.130893e+01 3.625000e+00 -2.375060e+01
      vertex   4.124884e+01 6.250000e+00 -2.359661e+01
      vertex   4.130893e+01 6.250000e+00 -2.375060e+01
    endloop
  endfacet
  facet normal -9.584275e-01 0.000000e+00 -2.853362e-01
    outer loop
      vertex   4.130893e+01 3.625000e+00 -2.375060e+01
      vertex   4.130893e+01 6.250000e+00 -2.375060e+01
      vertex   4.135610e+01 3.625000e+00 -2.390903e+01
    endloop
  endfacet
  facet normal -9.584275e-01 -2.594300e-15 -2.853362e-01
    outer loop
      vertex   4.135610e+01 3.625000e+00 -2.390903e+01
      vertex   4.130893e+01 6.250000e+00 -2.375060e+01
      vertex   4.135610e+01 6.250000e+00 -2.390903e+01
    endloop
  endfacet
  facet normal -9.787168e-01 -2.649220e-15 -2.052153e-01
    outer loop
      vertex   4.135610e+01 3.625000e+00 -2.390903e+01
      vertex   4.135610e+01 6.250000e+00 -2.390903e+01
      vertex   4.139002e+01 3.625000e+00 -2.407081e+01
    endloop
  endfacet
  facet normal -9.787168e-01 0.000000e+00 -2.052153e-01
    outer loop
      vertex   4.139002e+01 3.625000e+00 -2.407081e+01
      vertex   4.135610e+01 6.250000e+00 -2.390903e+01
      vertex   4.139002e+01 6.250000e+00 -2.407081e+01
    endloop
  endfacet
  facet normal -9.923206e-01 0.000000e+00 -1.236926e-01
    outer loop
      vertex   4.139002e+01 3.625000e+00 -2.407081e+01
      vertex   4.139002e+01 6.250000e+00 -2.407081e+01
      vertex   4.141047e+01 3.625000e+00 -2.423484e+01
    endloop
  endfacet
  facet normal -9.923206e-01 0.000000e+00 -1.236926e-01
    outer loop
      vertex   4.141047e+01 3.625000e+00 -2.423484e+01
      vertex   4.139002e+01 6.250000e+00 -2.407081e+01
      vertex   4.141047e+01 6.250000e+00 -2.423484e+01
    endloop
  endfacet
  facet normal -9.991458e-01 0.000000e+00 -4.132497e-02
    outer loop
      vertex   4.141047e+01 3.625000e+00 -2.423484e+01
      vertex   4.141047e+01 6.250000e+00 -2.423484e+01
      vertex   4.141730e+01 6.250000e+00 -2.440000e+01
    endloop
  endfacet
  facet normal 1.000000e+00 -2.225542e-15 -4.612249e-31
    outer loop
      vertex   2.091730e+01 2.596336e+00 -2.849972e+01
      vertex   2.091730e+01 1.000000e+00 -4.500000e+01
      vertex   2.091730e+01 2.596336e+00 -4.349972e+01
    endloop
  endfacet
  facet normal 1.000000e+00 0.000000e+00 -2.368027e-15
    outer loop
      vertex   2.091730e+01 2.596336e+00 -4.349972e+01
      vertex   2.091730e+01 1.000000e+00 -4.500000e+01
      vertex   2.091730e+01 6.250000e+00 -4.500000e+01
    endloop
  endfacet
  facet normal 1.000000e+00 1.437828e-29 -2.368027e-15
    outer loop
      vertex   2.091730e+01 2.596336e+00 -4.349972e+01
      vertex   2.091730e+01 6.250000e+00 -4.500000e+01
      vertex   2.091730e+01 6.107016e+00 -4.349972e+01
    endloop
  endfacet
  facet normal 1.000000e+00 2.484697e-14 5.884945e-30
    outer loop
      vertex   2.091730e+01 6.107016e+00 -4.349972e+01
      vertex   2.091730e+01 6.250000e+00 -4.500000e+01
      vertex   2.091730e+01 6.107016e+00 -2.849972e+01
    endloop
  endfacet
  facet normal 1.000000e+00 4.474901e-14 1.724618e-16
    outer loop
      vertex   2.091730e+01 6.107016e+00 -2.849972e+01
      vertex   2.091730e+01 6.250000e+00 -4.500000e+01
      vertex   2.091730e+01 6.250000e+00 -2.440000e+01
    endloop
  endfacet
  facet normal 1.000000e+00 0.000000e+00 1.733151e-15
    outer loop
      vertex   2.091730e+01 6.107016e+00 -2.849972e+01
      vertex   2.091730e+01 6.250000e+00 -2.440000e+01
      vertex   2.091730e+01 2.596336e+00 -2.849972e+01
    endloop
  endfacet
  facet normal 1.000000e+00 0.000000e+00 1.733151e-15
    outer loop
      vertex   2.091730e+01 2.596336e+00 -2.849972e+01
      vertex   2.091730e+01 6.250000e+00 -2.440000e+01
      vertex   2.091730e+01 1.000000e+00 -2.440000e+01
    endloop
  endfacet
  facet normal 1.000000e+00 -4.008167e-15 1.724618e-16
    outer loop
      vertex   2.091730e+01 2.596336e+00 -2.849972e+01
      vertex   2.091730e+01 1.000000e+00 -2.440000e+01
      vertex   2.091730e+01 1.000000e+00 -4.500000e+01
    endloop
  endfacet
  facet normal -1.000000e+00 -0.000000e+00 -9.472101e-15
    outer loop
      vertex   4.141730e+01 6.107016e+00 -4.349971e+01
      vertex   4.141730e+01 6.250000e+00 -4.500000e+01
      vertex   4.141730e+01 2.596336e+00 -4.349971e+01
    endloop
  endfacet
  facet normal -1.000000e+00 0.000000e+00 -9.472101e-15
    outer loop
      vertex   4.141730e+01 2.596336e+00 -4.349971e+01
      vertex   4.141730e+01 6.250000e+00 -4.500000e+01
      vertex   4.141730e+01 1.000000e+00 -4.500000e+01
    endloop
  endfacet
  facet normal -1.000000e+00 -8.902168e-15 1.844900e-30
    outer loop
      vertex   4.141730e+01 2.596336e+00 -4.349971e+01
      vertex   4.141730e+01 1.000000e+00 -4.500000e+01
      vertex   4.141730e+01 2.596336e+00 -2.849971e+01
    endloop
  endfacet
  facet normal -1.000000e+00 -8.902168e-15 0.000000e+00
    outer loop
      vertex   4.141730e+01 2.596336e+00 -2.849971e+01
      vertex   4.141730e+01 1.000000e+00 -4.500000e+01
      vertex   4.141730e+01 1.000000e+00 -2.440000e+01
    endloop
  endfacet
  facet normal -1.000000e+00 0.000000e+00 3.466303e-15
    outer loop
      vertex   4.141730e+01 2.596336e+00 -2.849971e+01
      vertex   4.141730e+01 1.000000e+00 -2.440000e+01
      vertex   4.141730e+01 6.250000e+00 -2.440000e+01
    endloop
  endfacet
  facet normal -1.000000e+00 9.938788e-14 -2.353978e-29
    outer loop
      vertex   4.141730e+01 6.107016e+00 -4.349971e+01
      vertex   4.141730e+01 6.107016e+00 -2.849971e+01
      vertex   4.141730e+01 6.250000e+00 -4.500000e+01
    endloop
  endfacet
  facet normal -1.000000e+00 9.938788e-14 0.000000e+00
    outer loop
      vertex   4.141730e+01 6.250000e+00 -4.500000e+01
      vertex   4.141730e+01 6.107016e+00 -2.849971e+01
      vertex   4.141730e+01 6.250000e+00 -2.440000e+01
    endloop
  endfacet
  facet normal -1.000000e+00 3.507806e-30 3.466303e-15
    outer loop
      vertex   4.141730e+01 6.250000e+00 -2.440000e+01
      vertex   4.141730e+01 6.107016e+00 -2.849971e+01
      vertex   4.141730e+01 2.596336e+00 -2.849971e+01
    endloop
  endfacet
  facet normal 0.000000e+00 -1.000000e+00 0.000000e+00
    outer loop
      vertex   4.250000e+01 0.000000e+00 -2.440000e+01
      vertex   4.045000e+01 0.000000e+00 -2.560000e+01
      vertex   4.250000e+01 0.000000e+00 -4.500000e+01
    endloop
  endfacet
  facet normal -0.000000e+00 -1.000000e+00 0.000000e+00
    outer loop
      vertex   4.250000e+01 0.000000e+00 -4.500000e+01
      vertex   4.045000e+01 0.000000e+00 -2.560000e+01
      vertex   4.045000e+01 0.000000e+00 -4.595000e+01
    endloop
  endfacet
  facet normal 6.924358e-16 -1.000000e+00 -1.494204e-15
    outer loop
      vertex   4.250000e+01 0.000000e+00 -4.500000e+01
      vertex   4.045000e+01 0.000000e+00 -4.595000e+01
      vertex   4.249301e+01 3.010615e-16 -4.520473e+01
    endloop
  endfacet
  facet normal 1.995075e-16 -1.000000e+00 -1.429457e-16
    outer loop
      vertex   4.249301e+01 3.010615e-16 -4.520473e+01
      vertex   4.045000e+01 0.000000e+00 -4.595000e+01
      vertex   4.247206e+01 3.260106e-16 -4.540850e+01
    endloop
  endfacet
  facet normal 2.055768e-16 -1.000000e+00 -1.656095e-16
    outer loop
      vertex   4.247206e+01 3.260106e-16 -4.540850e+01
      vertex   4.045000e+01 0.000000e+00 -4.595000e+01
      vertex   4.243725e+01 3.522866e-16 -4.561037e+01
    endloop
  endfacet
  facet normal 2.096010e-16 -1.000000e+00 -1.891561e-16
    outer loop
      vertex   4.243725e+01 3.522866e-16 -4.561037e+01
      vertex   4.045000e+01 0.000000e+00 -4.595000e+01
      vertex   4.238875e+01 3.797672e-16 -4.580939e+01
    endloop
  endfacet
  facet normal 2.113550e-16 -1.000000e+00 -2.133403e-16
    outer loop
      vertex   4.238875e+01 3.797672e-16 -4.580939e+01
      vertex   4.045000e+01 0.000000e+00 -4.595000e+01
      vertex   4.232678e+01 4.083240e-16 -4.600464e+01
    endloop
  endfacet
  facet normal 0.000000e+00 -1.000000e+00 -7.473147e-15
    outer loop
      vertex   4.232678e+01 4.083240e-16 -4.600464e+01
      vertex   4.045000e+01 0.000000e+00 -4.595000e+01
      vertex   3.725000e+01 0.000000e+00 -4.595000e+01
    endloop
  endfacet
  facet normal 0.000000e+00 -1.000000e+00 -7.473147e-15
    outer loop
      vertex   4.232678e+01 4.083240e-16 -4.600464e+01
      vertex   3.725000e+01 0.000000e+00 -4.595000e+01
      vertex   2.525000e+01 0.000000e+00 -4.595000e+01
    endloop
  endfacet
  facet normal 0.000000e+00 -1.000000e+00 0.000000e+00
    outer loop
      vertex   2.525000e+01 0.000000e+00 -4.595000e+01
      vertex   3.725000e+01 0.000000e+00 -4.595000e+01
      vertex   2.525000e+01 0.000000e+00 -2.560000e+01
    endloop
  endfacet
  facet normal 0.000000e+00 -1.000000e+00 0.000000e+00
    outer loop
      vertex   2.525000e+01 0.000000e+00 -2.560000e+01
      vertex   3.725000e+01 0.000000e+00 -4.595000e+01
      vertex   3.725000e+01 0.000000e+00 -2.560000e+01
    endloop
  endfacet
  facet normal 0.000000e+00 -1.000000e+00 0.000000e+00
    outer loop
      vertex   2.525000e+01 0.000000e+00 -2.560000e+01
      vertex   3.725000e+01 0.000000e+00 -2.560000e+01
      vertex   2.000000e+01 0.000000e+00 -2.440000e+01
    endloop
  endfacet
  facet normal 0.000000e+00 -1.000000e+00 0.000000e+00
    outer loop
      vertex   2.000000e+01 0.000000e+00 -2.440000e+01
      vertex   3.725000e+01 0.000000e+00 -2.560000e+01
      vertex   4.045000e+01 0.000000e+00 -2.560000e+01
    endloop
  endfacet
  facet normal 0.000000e+00 -1.000000e+00 0.000000e+00
    outer loop
      vertex   2.000000e+01 0.000000e+00 -2.440000e+01
      vertex   4.045000e+01 0.000000e+00 -2.560000e+01
      vertex   4.250000e+01 0.000000e+00 -2.440000e+01
    endloop
  endfacet
  facet normal 6.668894e-31 -1.000000e+00 4.223535e-15
    outer loop
      vertex   2.000000e+01 0.000000e+00 -2.440000e+01
      vertex   4.250000e+01 0.000000e+00 -2.440000e+01
      vertex   2.000699e+01 8.646727e-16 -2.419527e+01
    endloop
  endfacet
  facet normal 2.468697e-18 -1.000000e+00 4.494766e-15
    outer loop
      vertex   2.000699e+01 8.646727e-16 -2.419527e+01
      vertex   4.250000e+01 0.000000e+00 -2.440000e+01
      vertex   4.249301e+01 9.201838e-16 -2.419527e+01
    endloop
  endfacet
  facet normal 2.468697e-18 -1.000000e+00 -1.226895e-16
    outer loop
      vertex   2.000699e+01 8.646727e-16 -2.419527e+01
      vertex   4.249301e+01 9.201838e-16 -2.419527e+01
      vertex   2.002794e+01 8.397236e-16 -2.399150e+01
    endloop
  endfacet
  facet normal 2.473305e-18 -1.000000e+00 -1.221815e-16
    outer loop
      vertex   2.002794e+01 8.397236e-16 -2.399150e+01
      vertex   4.249301e+01 9.201838e-16 -2.419527e+01
      vertex   4.247206e+01 8.952348e-16 -2.399150e+01
    endloop
  endfacet
  facet normal 2.473305e-18 -1.000000e+00 -1.305909e-16
    outer loop
      vertex   2.002794e+01 8.397236e-16 -2.399150e+01
      vertex   4.247206e+01 8.952348e-16 -2.399150e+01
      vertex   2.006275e+01 8.134476e-16 -2.378963e+01
    endloop
  endfacet
  facet normal 5.768474e-19 -1.000000e+00 -3.411161e-16
    outer loop
      vertex   2.006275e+01 8.134476e-16 -2.378963e+01
      vertex   4.247206e+01 8.952348e-16 -2.399150e+01
      vertex   2.300000e+01 0.000000e+00 -2.140000e+01
    endloop
  endfacet
  facet normal -1.239834e-15 -1.000000e+00 1.183553e-15
    outer loop
      vertex   2.006275e+01 8.134476e-16 -2.378963e+01
      vertex   2.300000e+01 0.000000e+00 -2.140000e+01
      vertex   2.279527e+01 2.455504e-16 -2.140699e+01
    endloop
  endfacet
  facet normal 1.110223e-16 -1.000000e+00 -1.110223e-16
    outer loop
      vertex   4.243725e+01 8.689587e-16 -2.378963e+01
      vertex   4.238875e+01 8.414782e-16 -2.359061e+01
      vertex   4.247206e+01 8.952348e-16 -2.399150e+01
    endloop
  endfacet
  facet normal 1.110223e-16 -1.000000e+00 -1.110223e-16
    outer loop
      vertex   4.247206e+01 8.952348e-16 -2.399150e+01
      vertex   4.238875e+01 8.414782e-16 -2.359061e+01
      vertex   4.232678e+01 8.129213e-16 -2.339536e+01
    endloop
  endfacet
  facet normal 1.110223e-16 -1.000000e+00 -1.110223e-16
    outer loop
      vertex   4.247206e+01 8.952348e-16 -2.399150e+01
      vertex   4.232678e+01 8.129213e-16 -2.339536e+01
      vertex   4.225163e+01 7.834212e-16 -2.320480e+01
    endloop
  endfacet
  facet normal 1.110223e-16 -1.000000e+00 -1.110223e-16
    outer loop
      vertex   4.225163e+01 7.834212e-16 -2.320480e+01
      vertex   4.216366e+01 7.531154e-16 -2.301980e+01
      vertex   4.247206e+01 8.952348e-16 -2.399150e+01
    endloop
  endfacet
  facet normal 1.110223e-16 -1.000000e+00 -1.110223e-16
    outer loop
      vertex   4.247206e+01 8.952348e-16 -2.399150e+01
      vertex   4.216366e+01 7.531154e-16 -2.301980e+01
      vertex   4.206326e+01 7.221453e-16 -2.284125e+01
    endloop
  endfacet
  facet normal 1.110223e-16 -1.000000e+00 -1.110223e-16
    outer loop
      vertex   4.247206e+01 8.952348e-16 -2.399150e+01
      vertex   4.206326e+01 7.221453e-16 -2.284125e+01
      vertex   4.195091e+01 6.906552e-16 -2.266996e+01
    endloop
  endfacet
  facet normal 1.110223e-16 -1.000000e+00 -1.110223e-16
    outer loop
      vertex   4.195091e+01 6.906552e-16 -2.266996e+01
      vertex   4.182713e+01 6.587919e-16 -2.250674e+01
      vertex   4.247206e+01 8.952348e-16 -2.399150e+01
    endloop
  endfacet
  facet normal 1.110223e-16 -1.000000e+00 -1.110223e-16
    outer loop
      vertex   4.247206e+01 8.952348e-16 -2.399150e+01
      vertex   4.182713e+01 6.587919e-16 -2.250674e+01
      vertex   4.169251e+01 6.267041e-16 -2.235234e+01
    endloop
  endfacet
  facet normal 1.110223e-16 -1.000000e+00 -1.110223e-16
    outer loop
      vertex   4.247206e+01 8.952348e-16 -2.399150e+01
      vertex   4.169251e+01 6.267041e-16 -2.235234e+01
      vertex   4.154766e+01 5.945413e-16 -2.220749e+01
    endloop
  endfacet
  facet normal 1.110223e-16 -1.000000e+00 -1.110223e-16
    outer loop
      vertex   4.154766e+01 5.945413e-16 -2.220749e+01
      vertex   4.139326e+01 5.624534e-16 -2.207287e+01
      vertex   4.247206e+01 8.952348e-16 -2.399150e+01
    endloop
  endfacet
  facet normal 1.110223e-16 -1.000000e+00 -1.110223e-16
    outer loop
      vertex   4.247206e+01 8.952348e-16 -2.399150e+01
      vertex   4.139326e+01 5.624534e-16 -2.207287e+01
      vertex   4.123004e+01 5.305902e-16 -2.194909e+01
    endloop
  endfacet
  facet normal 1.110223e-16 -1.000000e+00 -1.110223e-16
    outer loop
      vertex   4.247206e+01 8.952348e-16 -2.399150e+01
      vertex   4.123004e+01 5.305902e-16 -2.194909e+01
      vertex   4.105875e+01 4.991001e-16 -2.183674e+01
    endloop
  endfacet
  facet normal 1.110223e-16 -1.000000e+00 -1.110223e-16
    outer loop
      vertex   4.105875e+01 4.991001e-16 -2.183674e+01
      vertex   4.088020e+01 4.681299e-16 -2.173634e+01
      vertex   4.247206e+01 8.952348e-16 -2.399150e+01
    endloop
  endfacet
  facet normal 1.110223e-16 -1.000000e+00 -1.110223e-16
    outer loop
      vertex   4.247206e+01 8.952348e-16 -2.399150e+01
      vertex   4.088020e+01 4.681299e-16 -2.173634e+01
      vertex   4.069520e+01 4.378242e-16 -2.164837e+01
    endloop
  endfacet
  facet normal 1.110223e-16 -1.000000e+00 -1.110223e-16
    outer loop
      vertex   4.247206e+01 8.952348e-16 -2.399150e+01
      vertex   4.069520e+01 4.378242e-16 -2.164837e+01
      vertex   4.050464e+01 4.083240e-16 -2.157322e+01
    endloop
  endfacet
  facet normal 1.110223e-16 -1.000000e+00 -1.110223e-16
    outer loop
      vertex   4.050464e+01 4.083240e-16 -2.157322e+01
      vertex   4.030939e+01 3.797672e-16 -2.151125e+01
      vertex   4.247206e+01 8.952348e-16 -2.399150e+01
    endloop
  endfacet
  facet normal 1.110223e-16 -1.000000e+00 -1.110223e-16
    outer loop
      vertex   4.247206e+01 8.952348e-16 -2.399150e+01
      vertex   4.030939e+01 3.797672e-16 -2.151125e+01
      vertex   4.011037e+01 3.522866e-16 -2.146275e+01
    endloop
  endfacet
  facet normal 1.110223e-16 -1.000000e+00 -1.110223e-16
    outer loop
      vertex   4.247206e+01 8.952348e-16 -2.399150e+01
      vertex   4.011037e+01 3.522866e-16 -2.146275e+01
      vertex   3.990850e+01 3.260106e-16 -2.142794e+01
    endloop
  endfacet
  facet normal 1.110223e-16 -1.000000e+00 -1.110223e-16
    outer loop
      vertex   3.990850e+01 3.260106e-16 -2.142794e+01
      vertex   3.970473e+01 3.010615e-16 -2.140699e+01
      vertex   4.247206e+01 8.952348e-16 -2.399150e+01
    endloop
  endfacet
  facet normal 1.518229e-15 -1.000000e+00 1.395728e-15
    outer loop
      vertex   4.247206e+01 8.952348e-16 -2.399150e+01
      vertex   3.970473e+01 3.010615e-16 -2.140699e+01
      vertex   3.950000e+01 0.000000e+00 -2.140000e+01
    endloop
  endfacet
  facet normal 0.000000e+00 -1.000000e+00 -3.454504e-16
    outer loop
      vertex   4.247206e+01 8.952348e-16 -2.399150e+01
      vertex   3.950000e+01 0.000000e+00 -2.140000e+01
      vertex   2.300000e+01 0.000000e+00 -2.140000e+01
    endloop
  endfacet
  facet normal -1.110223e-16 -1.000000e+00 -1.110223e-16
    outer loop
      vertex   2.279527e+01 2.455504e-16 -2.140699e+01
      vertex   2.259150e+01 2.704994e-16 -2.142794e+01
      vertex   2.006275e+01 8.134476e-16 -2.378963e+01
    endloop
  endfacet
  facet normal -1.110223e-16 -1.000000e+00 -1.110223e-16
    outer loop
      vertex   2.006275e+01 8.134476e-16 -2.378963e+01
      vertex   2.259150e+01 2.704994e-16 -2.142794e+01
      vertex   2.238963e+01 2.967755e-16 -2.146275e+01
    endloop
  endfacet
  facet normal -1.110223e-16 -1.000000e+00 -1.110223e-16
    outer loop
      vertex   2.006275e+01 8.134476e-16 -2.378963e+01
      vertex   2.238963e+01 2.967755e-16 -2.146275e+01
      vertex   2.219061e+01 3.242560e-16 -2.151125e+01
    endloop
  endfacet
  facet normal -1.110223e-16 -1.000000e+00 -1.110223e-16
    outer loop
      vertex   2.219061e+01 3.242560e-16 -2.151125e+01
      vertex   2.199536e+01 3.528129e-16 -2.157322e+01
      vertex   2.006275e+01 8.134476e-16 -2.378963e+01
    endloop
  endfacet
  facet normal -1.110223e-16 -1.000000e+00 -1.110223e-16
    outer loop
      vertex   2.006275e+01 8.134476e-16 -2.378963e+01
      vertex   2.199536e+01 3.528129e-16 -2.157322e+01
      vertex   2.180480e+01 3.823130e-16 -2.164837e+01
    endloop
  endfacet
  facet normal -1.110223e-16 -1.000000e+00 -1.110223e-16
    outer loop
      vertex   2.006275e+01 8.134476e-16 -2.378963e+01
      vertex   2.180480e+01 3.823130e-16 -2.164837e+01
      vertex   2.161980e+01 4.126188e-16 -2.173634e+01
    endloop
  endfacet
  facet normal -1.110223e-16 -1.000000e+00 -1.110223e-16
    outer loop
      vertex   2.161980e+01 4.126188e-16 -2.173634e+01
      vertex   2.144125e+01 4.435889e-16 -2.183674e+01
      vertex   2.006275e+01 8.134476e-16 -2.378963e+01
    endloop
  endfacet
  facet normal -1.110223e-16 -1.000000e+00 -1.110223e-16
    outer loop
      vertex   2.006275e+01 8.134476e-16 -2.378963e+01
      vertex   2.144125e+01 4.435889e-16 -2.183674e+01
      vertex   2.126996e+01 4.750790e-16 -2.194909e+01
    endloop
  endfacet
  facet normal -1.110223e-16 -1.000000e+00 -1.110223e-16
    outer loop
      vertex   2.006275e+01 8.134476e-16 -2.378963e+01
      vertex   2.126996e+01 4.750790e-16 -2.194909e+01
      vertex   2.110674e+01 5.069423e-16 -2.207287e+01
    endloop
  endfacet
  facet normal -1.110223e-16 -1.000000e+00 -1.110223e-16
    outer loop
      vertex   2.110674e+01 5.069423e-16 -2.207287e+01
      vertex   2.095234e+01 5.390301e-16 -2.220749e+01
      vertex   2.006275e+01 8.134476e-16 -2.378963e+01
    endloop
  endfacet
  facet normal -1.110223e-16 -1.000000e+00 -1.110223e-16
    outer loop
      vertex   2.006275e+01 8.134476e-16 -2.378963e+01
      vertex   2.095234e+01 5.390301e-16 -2.220749e+01
      vertex   2.080749e+01 5.711929e-16 -2.235234e+01
    endloop
  endfacet
  facet normal -1.110223e-16 -1.000000e+00 -1.110223e-16
    outer loop
      vertex   2.006275e+01 8.134476e-16 -2.378963e+01
      vertex   2.080749e+01 5.711929e-16 -2.235234e+01
      vertex   2.067287e+01 6.032808e-16 -2.250674e+01
    endloop
  endfacet
  facet normal -1.110223e-16 -1.000000e+00 -1.110223e-16
    outer loop
      vertex   2.067287e+01 6.032808e-16 -2.250674e+01
      vertex   2.054909e+01 6.351440e-16 -2.266996e+01
      vertex   2.006275e+01 8.134476e-16 -2.378963e+01
    endloop
  endfacet
  facet normal -1.110223e-16 -1.000000e+00 -1.110223e-16
    outer loop
      vertex   2.006275e+01 8.134476e-16 -2.378963e+01
      vertex   2.054909e+01 6.351440e-16 -2.266996e+01
      vertex   2.043674e+01 6.666341e-16 -2.284125e+01
    endloop
  endfacet
  facet normal -1.110223e-16 -1.000000e+00 -1.110223e-16
    outer loop
      vertex   2.006275e+01 8.134476e-16 -2.378963e+01
      vertex   2.043674e+01 6.666341e-16 -2.284125e+01
      vertex   2.033634e+01 6.976043e-16 -2.301980e+01
    endloop
  endfacet
  facet normal -1.110223e-16 -1.000000e+00 -1.110223e-16
    outer loop
      vertex   2.033634e+01 6.976043e-16 -2.301980e+01
      vertex   2.024837e+01 7.279100e-16 -2.320480e+01
      vertex   2.006275e+01 8.134476e-16 -2.378963e+01
    endloop
  endfacet
  facet normal -1.110223e-16 -1.000000e+00 -1.110223e-16
    outer loop
      vertex   2.006275e+01 8.134476e-16 -2.378963e+01
      vertex   2.024837e+01 7.279100e-16 -2.320480e+01
      vertex   2.017322e+01 7.574101e-16 -2.339536e+01
    endloop
  endfacet
  facet normal -1.110223e-16 -1.000000e+00 -1.110223e-16
    outer loop
      vertex   2.006275e+01 8.134476e-16 -2.378963e+01
      vertex   2.017322e+01 7.574101e-16 -2.339536e+01
      vertex   2.011125e+01 7.859670e-16 -2.359061e+01
    endloop
  endfacet
  facet normal 0.000000e+00 -1.000000e+00 0.000000e+00
    outer loop
      vertex   2.525000e+01 0.000000e+00 -2.560000e+01
      vertex   2.000000e+01 0.000000e+00 -2.440000e+01
      vertex   2.205000e+01 0.000000e+00 -2.560000e+01
    endloop
  endfacet
  facet normal -0.000000e+00 -1.000000e+00 0.000000e+00
    outer loop
      vertex   2.205000e+01 0.000000e+00 -2.560000e+01
      vertex   2.000000e+01 0.000000e+00 -2.440000e+01
      vertex   2.000000e+01 0.000000e+00 -4.500000e+01
    endloop
  endfacet
  facet normal 0.000000e+00 -1.000000e+00 -0.000000e+00
    outer loop
      vertex   2.205000e+01 0.000000e+00 -2.560000e+01
      vertex   2.000000e+01 0.000000e+00 -4.500000e+01
      vertex   2.205000e+01 0.000000e+00 -4.595000e+01
    endloop
  endfacet
  facet normal -5.647612e-16 -1.000000e+00 -1.218695e-15
    outer loop
      vertex   2.205000e+01 0.000000e+00 -4.595000e+01
      vertex   2.000000e+01 0.000000e+00 -4.500000e+01
      vertex   2.000699e+01 2.455504e-16 -4.520473e+01
    endloop
  endfacet
  facet normal -1.712775e-16 -1.000000e+00 -1.400436e-16
    outer loop
      vertex   2.205000e+01 0.000000e+00 -4.595000e+01
      vertex   2.000699e+01 2.455504e-16 -4.520473e+01
      vertex   2.002794e+01 2.704994e-16 -4.540850e+01
    endloop
  endfacet
  facet normal -1.767950e-16 -1.000000e+00 -1.606470e-16
    outer loop
      vertex   2.002794e+01 2.704994e-16 -4.540850e+01
      vertex   2.006275e+01 2.967755e-16 -4.561037e+01
      vertex   2.205000e+01 0.000000e+00 -4.595000e+01
    endloop
  endfacet
  facet normal -1.804534e-16 -1.000000e+00 -1.820530e-16
    outer loop
      vertex   2.205000e+01 0.000000e+00 -4.595000e+01
      vertex   2.006275e+01 2.967755e-16 -4.561037e+01
      vertex   2.011125e+01 3.242560e-16 -4.580939e+01
    endloop
  endfacet
  facet normal -1.820480e-16 -1.000000e+00 -2.040386e-16
    outer loop
      vertex   2.205000e+01 0.000000e+00 -4.595000e+01
      vertex   2.011125e+01 3.242560e-16 -4.580939e+01
      vertex   2.017322e+01 3.528129e-16 -4.600464e+01
    endloop
  endfacet
  facet normal 2.522859e-18 -1.000000e+00 -1.538089e-16
    outer loop
      vertex   2.024837e+01 3.823130e-16 -4.619520e+01
      vertex   4.225163e+01 4.378242e-16 -4.619520e+01
      vertex   2.017322e+01 3.528129e-16 -4.600464e+01
    endloop
  endfacet
  facet normal 2.505743e-18 -1.000000e+00 -1.557920e-16
    outer loop
      vertex   2.017322e+01 3.528129e-16 -4.600464e+01
      vertex   4.225163e+01 4.378242e-16 -4.619520e+01
      vertex   4.232678e+01 4.083240e-16 -4.600464e+01
    endloop
  endfacet
  facet normal 2.505743e-18 -1.000000e+00 -6.543251e-15
    outer loop
      vertex   2.017322e+01 3.528129e-16 -4.600464e+01
      vertex   4.232678e+01 4.083240e-16 -4.600464e+01
      vertex   2.205000e+01 0.000000e+00 -4.595000e+01
    endloop
  endfacet
  facet normal 0.000000e+00 -1.000000e+00 -7.473147e-15
    outer loop
      vertex   2.205000e+01 0.000000e+00 -4.595000e+01
      vertex   4.232678e+01 4.083240e-16 -4.600464e+01
      vertex   2.525000e+01 0.000000e+00 -4.595000e+01
    endloop
  endfacet
  facet normal 2.522859e-18 -1.000000e+00 -1.650220e-16
    outer loop
      vertex   4.225163e+01 4.378242e-16 -4.619520e+01
      vertex   2.024837e+01 3.823130e-16 -4.619520e+01
      vertex   4.216366e+01 4.681299e-16 -4.638020e+01
    endloop
  endfacet
  facet normal 2.543197e-18 -1.000000e+00 -1.626127e-16
    outer loop
      vertex   4.216366e+01 4.681299e-16 -4.638020e+01
      vertex   2.024837e+01 3.823130e-16 -4.619520e+01
      vertex   2.033634e+01 4.126188e-16 -4.638020e+01
    endloop
  endfacet
  facet normal 2.543197e-18 -1.000000e+00 -1.748770e-16
    outer loop
      vertex   4.216366e+01 4.681299e-16 -4.638020e+01
      vertex   2.033634e+01 4.126188e-16 -4.638020e+01
      vertex   4.206326e+01 4.991001e-16 -4.655875e+01
    endloop
  endfacet
  facet normal 2.566810e-18 -1.000000e+00 -1.720038e-16
    outer loop
      vertex   4.206326e+01 4.991001e-16 -4.655875e+01
      vertex   2.033634e+01 4.126188e-16 -4.638020e+01
      vertex   2.043674e+01 4.435889e-16 -4.655875e+01
    endloop
  endfacet
  facet normal 2.566810e-18 -1.000000e+00 -1.855254e-16
    outer loop
      vertex   4.206326e+01 4.991001e-16 -4.655875e+01
      vertex   2.043674e+01 4.435889e-16 -4.655875e+01
      vertex   4.195091e+01 5.305902e-16 -4.673004e+01
    endloop
  endfacet
  facet normal 2.593759e-18 -1.000000e+00 -1.821406e-16
    outer loop
      vertex   4.195091e+01 5.305902e-16 -4.673004e+01
      vertex   2.043674e+01 4.435889e-16 -4.655875e+01
      vertex   2.054909e+01 4.750790e-16 -4.673004e+01
    endloop
  endfacet
  facet normal 2.593759e-18 -1.000000e+00 -1.971801e-16
    outer loop
      vertex   4.195091e+01 5.305902e-16 -4.673004e+01
      vertex   2.054909e+01 4.750790e-16 -4.673004e+01
      vertex   4.182713e+01 5.624534e-16 -4.689326e+01
    endloop
  endfacet
  facet normal 2.624111e-18 -1.000000e+00 -1.932232e-16
    outer loop
      vertex   4.182713e+01 5.624534e-16 -4.689326e+01
      vertex   2.054909e+01 4.750790e-16 -4.673004e+01
      vertex   2.067287e+01 5.069423e-16 -4.689326e+01
    endloop
  endfacet
  facet normal 2.624111e-18 -1.000000e+00 -2.101168e-16
    outer loop
      vertex   4.182713e+01 5.624534e-16 -4.689326e+01
      vertex   2.067287e+01 5.069423e-16 -4.689326e+01
      vertex   4.169251e+01 5.945413e-16 -4.704766e+01
    endloop
  endfacet
  facet normal 2.657942e-18 -1.000000e+00 -2.055111e-16
    outer loop
      vertex   4.169251e+01 5.945413e-16 -4.704766e+01
      vertex   2.067287e+01 5.069423e-16 -4.689326e+01
      vertex   2.080749e+01 5.390301e-16 -4.704766e+01
    endloop
  endfacet
  facet normal 2.657942e-18 -1.000000e+00 -2.247025e-16
    outer loop
      vertex   4.169251e+01 5.945413e-16 -4.704766e+01
      vertex   2.080749e+01 5.390301e-16 -4.704766e+01
      vertex   4.154766e+01 6.267041e-16 -4.719251e+01
    endloop
  endfacet
  facet normal 2.695329e-18 -1.000000e+00 -2.193493e-16
    outer loop
      vertex   4.154766e+01 6.267041e-16 -4.719251e+01
      vertex   2.080749e+01 5.390301e-16 -4.704766e+01
      vertex   2.095234e+01 5.711929e-16 -4.719251e+01
    endloop
  endfacet
  facet normal 2.695329e-18 -1.000000e+00 -2.414392e-16
    outer loop
      vertex   4.154766e+01 6.267041e-16 -4.719251e+01
      vertex   2.095234e+01 5.711929e-16 -4.719251e+01
      vertex   4.139326e+01 6.587919e-16 -4.732713e+01
    endloop
  endfacet
  facet normal 2.736355e-18 -1.000000e+00 -2.352099e-16
    outer loop
      vertex   4.139326e+01 6.587919e-16 -4.732713e+01
      vertex   2.095234e+01 5.711929e-16 -4.719251e+01
      vertex   2.110674e+01 6.032808e-16 -4.732713e+01
    endloop
  endfacet
  facet normal 2.736355e-18 -1.000000e+00 -2.610356e-16
    outer loop
      vertex   4.139326e+01 6.587919e-16 -4.732713e+01
      vertex   2.110674e+01 6.032808e-16 -4.732713e+01
      vertex   4.123004e+01 6.906552e-16 -4.745091e+01
    endloop
  endfacet
  facet normal 2.781108e-18 -1.000000e+00 -2.537597e-16
    outer loop
      vertex   4.123004e+01 6.906552e-16 -4.745091e+01
      vertex   2.110674e+01 6.032808e-16 -4.732713e+01
      vertex   2.126996e+01 6.351440e-16 -4.745091e+01
    endloop
  endfacet
  facet normal 2.781108e-18 -1.000000e+00 -2.845296e-16
    outer loop
      vertex   4.123004e+01 6.906552e-16 -4.745091e+01
      vertex   2.126996e+01 6.351440e-16 -4.745091e+01
      vertex   4.105875e+01 7.221453e-16 -4.756326e+01
    endloop
  endfacet
  facet normal 2.829675e-18 -1.000000e+00 -2.759752e-16
    outer loop
      vertex   4.105875e+01 7.221453e-16 -4.756326e+01
      vertex   2.126996e+01 6.351440e-16 -4.745091e+01
      vertex   2.144125e+01 6.666341e-16 -4.756326e+01
    endloop
  endfacet
  facet normal 2.829675e-18 -1.000000e+00 -3.135079e-16
    outer loop
      vertex   4.105875e+01 7.221453e-16 -4.756326e+01
      vertex   2.144125e+01 6.666341e-16 -4.756326e+01
      vertex   4.088020e+01 7.531154e-16 -4.766366e+01
    endloop
  endfacet
  facet normal 2.882141e-18 -1.000000e+00 -3.033495e-16
    outer loop
      vertex   4.088020e+01 7.531154e-16 -4.766366e+01
      vertex   2.144125e+01 6.666341e-16 -4.756326e+01
      vertex   2.161980e+01 6.976043e-16 -4.766366e+01
    endloop
  endfacet
  facet normal 2.882141e-18 -1.000000e+00 -3.505291e-16
    outer loop
      vertex   4.088020e+01 7.531154e-16 -4.766366e+01
      vertex   2.161980e+01 6.976043e-16 -4.766366e+01
      vertex   4.069520e+01 7.834212e-16 -4.775163e+01
    endloop
  endfacet
  facet normal 2.938590e-18 -1.000000e+00 -3.382899e-16
    outer loop
      vertex   4.069520e+01 7.834212e-16 -4.775163e+01
      vertex   2.161980e+01 6.976043e-16 -4.766366e+01
      vertex   2.180480e+01 7.279100e-16 -4.775163e+01
    endloop
  endfacet
  facet normal 2.938590e-18 -1.000000e+00 -4.000073e-16
    outer loop
      vertex   4.069520e+01 7.834212e-16 -4.775163e+01
      vertex   2.180480e+01 7.279100e-16 -4.775163e+01
      vertex   4.050464e+01 8.129213e-16 -4.782678e+01
    endloop
  endfacet
  facet normal 2.999099e-18 -1.000000e+00 -3.849503e-16
    outer loop
      vertex   4.050464e+01 8.129213e-16 -4.782678e+01
      vertex   2.180480e+01 7.279100e-16 -4.775163e+01
      vertex   2.199536e+01 7.574101e-16 -4.782678e+01
    endloop
  endfacet
  facet normal 2.999099e-18 -1.000000e+00 -4.702741e-16
    outer loop
      vertex   4.050464e+01 8.129213e-16 -4.782678e+01
      vertex   2.199536e+01 7.574101e-16 -4.782678e+01
      vertex   4.030939e+01 8.414782e-16 -4.788875e+01
    endloop
  endfacet
  facet normal 3.063735e-18 -1.000000e+00 -4.511717e-16
    outer loop
      vertex   4.030939e+01 8.414782e-16 -4.788875e+01
      vertex   2.199536e+01 7.574101e-16 -4.782678e+01
      vertex   2.219061e+01 7.859670e-16 -4.788875e+01
    endloop
  endfacet
  facet normal 3.063735e-18 -1.000000e+00 -5.791764e-16
    outer loop
      vertex   4.030939e+01 8.414782e-16 -4.788875e+01
      vertex   2.219061e+01 7.859670e-16 -4.788875e+01
      vertex   4.011037e+01 8.689587e-16 -4.793725e+01
    endloop
  endfacet
  facet normal 3.132553e-18 -1.000000e+00 -5.537498e-16
    outer loop
      vertex   4.011037e+01 8.689587e-16 -4.793725e+01
      vertex   2.219061e+01 7.859670e-16 -4.788875e+01
      vertex   2.238963e+01 8.134476e-16 -4.793725e+01
    endloop
  endfacet
  facet normal 3.132553e-18 -1.000000e+00 -7.731065e-16
    outer loop
      vertex   4.011037e+01 8.689587e-16 -4.793725e+01
      vertex   2.238963e+01 8.134476e-16 -4.793725e+01
      vertex   3.990850e+01 8.952348e-16 -4.797206e+01
    endloop
  endfacet
  facet normal 3.205587e-18 -1.000000e+00 -7.363461e-16
    outer loop
      vertex   3.990850e+01 8.952348e-16 -4.797206e+01
      vertex   2.238963e+01 8.134476e-16 -4.793725e+01
      vertex   2.259150e+01 8.397236e-16 -4.797206e+01
    endloop
  endfacet
  facet normal 3.205587e-18 -1.000000e+00 -1.222155e-15
    outer loop
      vertex   3.990850e+01 8.952348e-16 -4.797206e+01
      vertex   2.259150e+01 8.397236e-16 -4.797206e+01
      vertex   3.970473e+01 9.201838e-16 -4.799301e+01
    endloop
  endfacet
  facet normal 3.282847e-18 -1.000000e+00 -1.159040e-15
    outer loop
      vertex   3.970473e+01 9.201838e-16 -4.799301e+01
      vertex   2.259150e+01 8.397236e-16 -4.797206e+01
      vertex   2.279527e+01 8.646727e-16 -4.799301e+01
    endloop
  endfacet
  facet normal 3.282847e-18 -1.000000e+00 1.314773e-13
    outer loop
      vertex   3.970473e+01 9.201838e-16 -4.799301e+01
      vertex   2.279527e+01 8.646727e-16 -4.799301e+01
      vertex   3.950000e+01 0.000000e+00 -4.800000e+01
    endloop
  endfacet
  facet normal 0.000000e+00 -1.000000e+00 1.236361e-13
    outer loop
      vertex   3.950000e+01 0.000000e+00 -4.800000e+01
      vertex   2.279527e+01 8.646727e-16 -4.799301e+01
      vertex   2.300000e+01 0.000000e+00 -4.800000e+01
    endloop
  endfacet
  facet normal 1.000000e+00 0.000000e+00 -3.449237e-16
    outer loop
      vertex   4.250000e+01 6.250000e+00 -4.500000e+01
      vertex   4.250000e+01 6.250000e+00 -2.440000e+01
      vertex   4.250000e+01 0.000000e+00 -4.500000e+01
    endloop
  endfacet
  facet normal 1.000000e+00 0.000000e+00 -3.449237e-16
    outer loop
      vertex   4.250000e+01 0.000000e+00 -4.500000e+01
      vertex   4.250000e+01 6.250000e+00 -2.440000e+01
      vertex   4.250000e+01 0.000000e+00 -2.440000e+01
    endloop
  endfacet
  facet normal -1.000000e+00 0.000000e+00 -1.724618e-16
    outer loop
      vertex   2.000000e+01 0.000000e+00 -2.440000e+01
      vertex   2.000000e+01 6.250000e+00 -2.440000e+01
      vertex   2.000000e+01 0.000000e+00 -4.500000e+01
    endloop
  endfacet
  facet normal -1.000000e+00 0.000000e+00 -1.724618e-16
    outer loop
      vertex   2.000000e+01 0.000000e+00 -4.500000e+01
      vertex   2.000000e+01 6.250000e+00 -2.440000e+01
      vertex   2.000000e+01 6.250000e+00 -4.500000e+01
    endloop
  endfacet
endsolid
